2026-05-16 23:34:45 [INFO] src.storage.db: Database initialised at C:\internet_awareness\data\awareness.db
2026-05-16 23:34:45 [INFO] __main__: Starting standalone collector
2026-05-16 23:34:51 [INFO] src.scoring.health_score: Health score for 湖南农业大学门户: 62.5
2026-05-16 23:34:51 [INFO] __main__: Collection cycle complete — 1 targets processed
2026-05-16 23:35:55 [INFO] src.scoring.health_score: Health score for 湖南农业大学门户: 84.0
2026-05-16 23:35:56 [INFO] __main__: Collection cycle complete — 1 targets processed
2026-05-16 23:37:00 [INFO] src.scoring.health_score: Health score for 湖南农业大学门户: 78.4
2026-05-16 23:37:00 [INFO] __main__: Collection cycle complete — 1 targets processed
2026-05-16 23:38:06 [INFO] src.scoring.health_score: Health score for 湖南农业大学门户: 62.5
2026-05-16 23:38:06 [INFO] __main__: Collection cycle complete — 1 targets processed
2026-05-16 23:39:13 [INFO] src.scoring.health_score: Health score for 湖南农业大学门户: 62.5
2026-05-16 23:39:13 [INFO] __main__: Collection cycle complete — 1 targets processed
2026-05-16 23:40:18 [INFO] src.scoring.health_score: Health score for 湖南农业大学门户: 94.7
2026-05-16 23:40:19 [INFO] __main__: Collection cycle complete — 1 targets processed
2026-05-16 23:41:29 [INFO] src.scoring.health_score: Health score for 湖南农业大学门户: 94.8
2026-05-16 23:41:29 [INFO] __main__: Collection cycle complete — 1 targets processed
2026-05-16 23:42:33 [INFO] src.scoring.health_score: Health score for 湖南农业大学门户: 96.0
2026-05-16 23:42:33 [INFO] __main__: Collection cycle complete — 1 targets processed
2026-05-16 23:43:39 [INFO] src.scoring.health_score: Health score for 湖南农业大学门户: 98.5
2026-05-16 23:43:40 [INFO] __main__: Collection cycle complete — 1 targets processed
2026-05-16 23:44:46 [INFO] src.scoring.health_score: Health score for 湖南农业大学门户: 94.5
2026-05-16 23:44:46 [INFO] __main__: Collection cycle complete — 1 targets processed
2026-05-16 23:45:53 [INFO] src.scoring.health_score: Health score for 湖南农业大学门户: 82.8
2026-05-16 23:45:53 [INFO] __main__: Collection cycle complete — 1 targets processed
2026-05-16 23:47:12 [ERROR] src.collection.threat_intel: OTX query error for 218.104.146.107: HTTPSConnectionPool(host='otx.alienvault.com', port=443): Read timed out. (read timeout=15)
2026-05-16 23:47:13 [INFO] src.scoring.health_score: Health score for 湖南农业大学门户: 95.3
2026-05-16 23:47:13 [INFO] __main__: Collection cycle complete — 1 targets processed
2026-05-16 23:48:19 [INFO] src.scoring.health_score: Health score for 湖南农业大学门户: 91.7
2026-05-16 23:48:19 [INFO] __main__: Collection cycle complete — 1 targets processed
2026-05-16 23:49:24 [INFO] src.scoring.health_score: Health score for 湖南农业大学门户: 96.2
2026-05-16 23:49:24 [INFO] __main__: Collection cycle complete — 1 targets processed
2026-05-16 23:50:29 [INFO] src.scoring.health_score: Health score for 湖南农业大学门户: 93.4
2026-05-16 23:50:29 [INFO] __main__: Collection cycle complete — 1 targets processed
2026-05-16 23:51:37 [INFO] src.scoring.health_score: Health score for 湖南农业大学门户: 62.9
2026-05-16 23:51:37 [INFO] __main__: Collection cycle complete — 1 targets processed
2026-05-16 23:52:41 [INFO] src.scoring.health_score: Health score for 湖南农业大学门户: 93.6
2026-05-16 23:52:42 [ERROR] src.prediction.prophet_model: Prophet forecast error for 湖南农业大学门户/availability_score: 'Prophet' object has no attribute 'stan_backend'
2026-05-16 23:52:42 [ERROR] src.prediction.prophet_model: Prophet forecast error for 湖南农业大学门户/response_time_score: 'Prophet' object has no attribute 'stan_backend'
2026-05-16 23:52:42 [ERROR] src.prediction.prophet_model: Prophet forecast error for 湖南农业大学门户/security_score: 'Prophet' object has no attribute 'stan_backend'
2026-05-16 23:52:42 [INFO] __main__: Collection cycle complete — 1 targets processed
2026-05-16 23:53:49 [INFO] src.scoring.health_score: Health score for 湖南农业大学门户: 96.5
2026-05-16 23:53:49 [ERROR] src.prediction.prophet_model: Prophet forecast error for 湖南农业大学门户/availability_score: 'Prophet' object has no attribute 'stan_backend'
2026-05-16 23:53:49 [ERROR] src.prediction.prophet_model: Prophet forecast error for 湖南农业大学门户/response_time_score: 'Prophet' object has no attribute 'stan_backend'
2026-05-16 23:53:49 [ERROR] src.prediction.prophet_model: Prophet forecast error for 湖南农业大学门户/security_score: 'Prophet' object has no attribute 'stan_backend'
2026-05-16 23:53:49 [INFO] __main__: Collection cycle complete — 1 targets processed
2026-05-16 23:54:54 [INFO] src.scoring.health_score: Health score for 湖南农业大学门户: 97.5
2026-05-16 23:54:54 [ERROR] src.prediction.prophet_model: Prophet forecast error for 湖南农业大学门户/availability_score: 'Prophet' object has no attribute 'stan_backend'
2026-05-16 23:54:54 [ERROR] src.prediction.prophet_model: Prophet forecast error for 湖南农业大学门户/response_time_score: 'Prophet' object has no attribute 'stan_backend'
2026-05-16 23:54:54 [ERROR] src.prediction.prophet_model: Prophet forecast error for 湖南农业大学门户/security_score: 'Prophet' object has no attribute 'stan_backend'
2026-05-16 23:54:54 [INFO] __main__: Collection cycle complete — 1 targets processed
2026-05-16 23:55:58 [INFO] src.scoring.health_score: Health score for 湖南农业大学门户: 98.3
2026-05-16 23:55:58 [ERROR] src.prediction.prophet_model: Prophet forecast error for 湖南农业大学门户/availability_score: 'Prophet' object has no attribute 'stan_backend'
2026-05-16 23:55:58 [ERROR] src.prediction.prophet_model: Prophet forecast error for 湖南农业大学门户/response_time_score: 'Prophet' object has no attribute 'stan_backend'
2026-05-16 23:55:58 [ERROR] src.prediction.prophet_model: Prophet forecast error for 湖南农业大学门户/security_score: 'Prophet' object has no attribute 'stan_backend'
2026-05-16 23:55:58 [INFO] __main__: Collection cycle complete — 1 targets processed
2026-05-16 23:57:05 [INFO] src.scoring.health_score: Health score for 湖南农业大学门户: 91.0
2026-05-16 23:57:05 [ERROR] src.prediction.prophet_model: Prophet forecast error for 湖南农业大学门户/availability_score: 'Prophet' object has no attribute 'stan_backend'
2026-05-16 23:57:05 [ERROR] src.prediction.prophet_model: Prophet forecast error for 湖南农业大学门户/response_time_score: 'Prophet' object has no attribute 'stan_backend'
2026-05-16 23:57:05 [ERROR] src.prediction.prophet_model: Prophet forecast error for 湖南农业大学门户/security_score: 'Prophet' object has no attribute 'stan_backend'
2026-05-16 23:57:05 [INFO] __main__: Collection cycle complete — 1 targets processed
2026-05-16 23:58:09 [INFO] src.scoring.health_score: Health score for 湖南农业大学门户: 98.3
2026-05-16 23:58:09 [ERROR] src.prediction.prophet_model: Prophet forecast error for 湖南农业大学门户/availability_score: 'Prophet' object has no attribute 'stan_backend'
2026-05-16 23:58:09 [ERROR] src.prediction.prophet_model: Prophet forecast error for 湖南农业大学门户/response_time_score: 'Prophet' object has no attribute 'stan_backend'
2026-05-16 23:58:09 [ERROR] src.prediction.prophet_model: Prophet forecast error for 湖南农业大学门户/security_score: 'Prophet' object has no attribute 'stan_backend'
2026-05-16 23:58:09 [INFO] __main__: Collection cycle complete — 1 targets processed
2026-05-16 23:59:16 [INFO] src.scoring.health_score: Health score for 湖南农业大学门户: 96.5
2026-05-16 23:59:16 [ERROR] src.prediction.prophet_model: Prophet forecast error for 湖南农业大学门户/availability_score: 'Prophet' object has no attribute 'stan_backend'
2026-05-16 23:59:16 [ERROR] src.prediction.prophet_model: Prophet forecast error for 湖南农业大学门户/response_time_score: 'Prophet' object has no attribute 'stan_backend'
2026-05-16 23:59:16 [ERROR] src.prediction.prophet_model: Prophet forecast error for 湖南农业大学门户/security_score: 'Prophet' object has no attribute 'stan_backend'
2026-05-16 23:59:16 [INFO] __main__: Collection cycle complete — 1 targets processed
2026-05-17 00:00:49 [INFO] src.scoring.health_score: Health score for 湖南农业大学门户: 62.5
2026-05-17 00:00:49 [ERROR] src.prediction.prophet_model: Prophet forecast error for 湖南农业大学门户/availability_score: 'Prophet' object has no attribute 'stan_backend'
2026-05-17 00:00:49 [ERROR] src.prediction.prophet_model: Prophet forecast error for 湖南农业大学门户/response_time_score: 'Prophet' object has no attribute 'stan_backend'
2026-05-17 00:00:49 [ERROR] src.prediction.prophet_model: Prophet forecast error for 湖南农业大学门户/security_score: 'Prophet' object has no attribute 'stan_backend'
2026-05-17 00:00:49 [INFO] __main__: Collection cycle complete — 1 targets processed
2026-05-17 00:01:55 [INFO] src.scoring.health_score: Health score for 湖南农业大学门户: 97.7
2026-05-17 00:01:55 [ERROR] src.prediction.prophet_model: Prophet forecast error for 湖南农业大学门户/availability_score: 'Prophet' object has no attribute 'stan_backend'
2026-05-17 00:01:55 [ERROR] src.prediction.prophet_model: Prophet forecast error for 湖南农业大学门户/response_time_score: 'Prophet' object has no attribute 'stan_backend'
2026-05-17 00:01:55 [ERROR] src.prediction.prophet_model: Prophet forecast error for 湖南农业大学门户/security_score: 'Prophet' object has no attribute 'stan_backend'
2026-05-17 00:01:55 [INFO] __main__: Collection cycle complete — 1 targets processed
2026-05-17 00:03:04 [INFO] src.scoring.health_score: Health score for 湖南农业大学门户: 93.1
2026-05-17 00:03:04 [ERROR] src.prediction.prophet_model: Prophet forecast error for 湖南农业大学门户/availability_score: 'Prophet' object has no attribute 'stan_backend'
2026-05-17 00:03:04 [ERROR] src.prediction.prophet_model: Prophet forecast error for 湖南农业大学门户/response_time_score: 'Prophet' object has no attribute 'stan_backend'
2026-05-17 00:03:04 [ERROR] src.prediction.prophet_model: Prophet forecast error for 湖南农业大学门户/security_score: 'Prophet' object has no attribute 'stan_backend'
2026-05-17 00:03:04 [INFO] __main__: Collection cycle complete — 1 targets processed
2026-05-17 00:04:08 [INFO] src.scoring.health_score: Health score for 湖南农业大学门户: 99.3
2026-05-17 00:04:08 [ERROR] src.prediction.prophet_model: Prophet forecast error for 湖南农业大学门户/availability_score: 'Prophet' object has no attribute 'stan_backend'
2026-05-17 00:04:08 [ERROR] src.prediction.prophet_model: Prophet forecast error for 湖南农业大学门户/response_time_score: 'Prophet' object has no attribute 'stan_backend'
2026-05-17 00:04:08 [ERROR] src.prediction.prophet_model: Prophet forecast error for 湖南农业大学门户/security_score: 'Prophet' object has no attribute 'stan_backend'
2026-05-17 00:04:08 [INFO] __main__: Collection cycle complete — 1 targets processed
2026-05-17 00:05:13 [INFO] src.scoring.health_score: Health score for 湖南农业大学门户: 99.3
2026-05-17 00:05:13 [ERROR] src.prediction.prophet_model: Prophet forecast error for 湖南农业大学门户/availability_score: 'Prophet' object has no attribute 'stan_backend'
2026-05-17 00:05:13 [ERROR] src.prediction.prophet_model: Prophet forecast error for 湖南农业大学门户/response_time_score: 'Prophet' object has no attribute 'stan_backend'
2026-05-17 00:05:13 [ERROR] src.prediction.prophet_model: Prophet forecast error for 湖南农业大学门户/security_score: 'Prophet' object has no attribute 'stan_backend'
2026-05-17 00:05:13 [INFO] __main__: Collection cycle complete — 1 targets processed
2026-05-17 00:06:18 [INFO] src.scoring.health_score: Health score for 湖南农业大学门户: 99.2
2026-05-17 00:06:18 [ERROR] src.prediction.prophet_model: Prophet forecast error for 湖南农业大学门户/availability_score: 'Prophet' object has no attribute 'stan_backend'
2026-05-17 00:06:18 [ERROR] src.prediction.prophet_model: Prophet forecast error for 湖南农业大学门户/response_time_score: 'Prophet' object has no attribute 'stan_backend'
2026-05-17 00:06:18 [ERROR] src.prediction.prophet_model: Prophet forecast error for 湖南农业大学门户/security_score: 'Prophet' object has no attribute 'stan_backend'
2026-05-17 00:06:18 [INFO] __main__: Collection cycle complete — 1 targets processed
2026-05-17 00:07:23 [INFO] src.scoring.health_score: Health score for 湖南农业大学门户: 98.8
2026-05-17 00:07:23 [ERROR] src.prediction.prophet_model: Prophet forecast error for 湖南农业大学门户/availability_score: 'Prophet' object has no attribute 'stan_backend'
2026-05-17 00:07:23 [ERROR] src.prediction.prophet_model: Prophet forecast error for 湖南农业大学门户/response_time_score: 'Prophet' object has no attribute 'stan_backend'
2026-05-17 00:07:23 [ERROR] src.prediction.prophet_model: Prophet forecast error for 湖南农业大学门户/security_score: 'Prophet' object has no attribute 'stan_backend'
2026-05-17 00:07:23 [INFO] __main__: Collection cycle complete — 1 targets processed
2026-05-17 00:08:28 [INFO] src.scoring.health_score: Health score for 湖南农业大学门户: 99.2
2026-05-17 00:08:28 [ERROR] src.prediction.prophet_model: Prophet forecast error for 湖南农业大学门户/availability_score: 'Prophet' object has no attribute 'stan_backend'
2026-05-17 00:08:28 [ERROR] src.prediction.prophet_model: Prophet forecast error for 湖南农业大学门户/response_time_score: 'Prophet' object has no attribute 'stan_backend'
2026-05-17 00:08:28 [ERROR] src.prediction.prophet_model: Prophet forecast error for 湖南农业大学门户/security_score: 'Prophet' object has no attribute 'stan_backend'
2026-05-17 00:08:28 [INFO] __main__: Collection cycle complete — 1 targets processed
2026-05-17 00:09:33 [INFO] src.scoring.health_score: Health score for 湖南农业大学门户: 98.6
2026-05-17 00:09:33 [ERROR] src.prediction.prophet_model: Prophet forecast error for 湖南农业大学门户/availability_score: 'Prophet' object has no attribute 'stan_backend'
2026-05-17 00:09:33 [ERROR] src.prediction.prophet_model: Prophet forecast error for 湖南农业大学门户/response_time_score: 'Prophet' object has no attribute 'stan_backend'
2026-05-17 00:09:33 [ERROR] src.prediction.prophet_model: Prophet forecast error for 湖南农业大学门户/security_score: 'Prophet' object has no attribute 'stan_backend'
2026-05-17 00:09:33 [INFO] __main__: Collection cycle complete — 1 targets processed
2026-05-17 00:10:42 [INFO] src.scoring.health_score: Health score for 湖南农业大学门户: 97.7
2026-05-17 00:10:42 [ERROR] src.prediction.prophet_model: Prophet forecast error for 湖南农业大学门户/availability_score: 'Prophet' object has no attribute 'stan_backend'
2026-05-17 00:10:42 [ERROR] src.prediction.prophet_model: Prophet forecast error for 湖南农业大学门户/response_time_score: 'Prophet' object has no attribute 'stan_backend'
2026-05-17 00:10:42 [ERROR] src.prediction.prophet_model: Prophet forecast error for 湖南农业大学门户/security_score: 'Prophet' object has no attribute 'stan_backend'
2026-05-17 00:10:42 [INFO] __main__: Collection cycle complete — 1 targets processed
2026-05-17 00:11:50 [INFO] src.scoring.health_score: Health score for 湖南农业大学门户: 98.9
2026-05-17 00:11:51 [ERROR] src.prediction.prophet_model: Prophet forecast error for 湖南农业大学门户/availability_score: 'Prophet' object has no attribute 'stan_backend'
2026-05-17 00:11:51 [ERROR] src.prediction.prophet_model: Prophet forecast error for 湖南农业大学门户/response_time_score: 'Prophet' object has no attribute 'stan_backend'
2026-05-17 00:11:51 [ERROR] src.prediction.prophet_model: Prophet forecast error for 湖南农业大学门户/security_score: 'Prophet' object has no attribute 'stan_backend'
2026-05-17 00:11:51 [INFO] __main__: Collection cycle complete — 1 targets processed
2026-05-17 00:12:58 [INFO] src.scoring.health_score: Health score for 湖南农业大学门户: 98.9
2026-05-17 00:12:59 [ERROR] src.prediction.prophet_model: Prophet forecast error for 湖南农业大学门户/availability_score: 'Prophet' object has no attribute 'stan_backend'
2026-05-17 00:12:59 [ERROR] src.prediction.prophet_model: Prophet forecast error for 湖南农业大学门户/response_time_score: 'Prophet' object has no attribute 'stan_backend'
2026-05-17 00:13:00 [ERROR] src.prediction.prophet_model: Prophet forecast error for 湖南农业大学门户/security_score: 'Prophet' object has no attribute 'stan_backend'
2026-05-17 00:13:00 [INFO] __main__: Collection cycle complete — 1 targets processed
2026-05-17 00:14:04 [INFO] src.scoring.health_score: Health score for 湖南农业大学门户: 99.7
2026-05-17 00:14:04 [ERROR] src.prediction.prophet_model: Prophet forecast error for 湖南农业大学门户/availability_score: 'Prophet' object has no attribute 'stan_backend'
2026-05-17 00:14:04 [ERROR] src.prediction.prophet_model: Prophet forecast error for 湖南农业大学门户/response_time_score: 'Prophet' object has no attribute 'stan_backend'
2026-05-17 00:14:04 [ERROR] src.prediction.prophet_model: Prophet forecast error for 湖南农业大学门户/security_score: 'Prophet' object has no attribute 'stan_backend'
2026-05-17 00:14:04 [INFO] __main__: Collection cycle complete — 1 targets processed
2026-05-17 00:15:10 [INFO] src.scoring.health_score: Health score for 湖南农业大学门户: 98.4
2026-05-17 00:15:10 [ERROR] src.prediction.prophet_model: Prophet forecast error for 湖南农业大学门户/availability_score: 'Prophet' object has no attribute 'stan_backend'
2026-05-17 00:15:10 [ERROR] src.prediction.prophet_model: Prophet forecast error for 湖南农业大学门户/response_time_score: 'Prophet' object has no attribute 'stan_backend'
2026-05-17 00:15:10 [ERROR] src.prediction.prophet_model: Prophet forecast error for 湖南农业大学门户/security_score: 'Prophet' object has no attribute 'stan_backend'
2026-05-17 00:15:10 [INFO] __main__: Collection cycle complete — 1 targets processed
2026-05-17 00:16:15 [INFO] src.scoring.health_score: Health score for 湖南农业大学门户: 99.4
2026-05-17 00:16:15 [ERROR] src.prediction.prophet_model: Prophet forecast error for 湖南农业大学门户/availability_score: 'Prophet' object has no attribute 'stan_backend'
2026-05-17 00:16:15 [ERROR] src.prediction.prophet_model: Prophet forecast error for 湖南农业大学门户/response_time_score: 'Prophet' object has no attribute 'stan_backend'
2026-05-17 00:16:15 [ERROR] src.prediction.prophet_model: Prophet forecast error for 湖南农业大学门户/security_score: 'Prophet' object has no attribute 'stan_backend'
2026-05-17 00:16:15 [INFO] __main__: Collection cycle complete — 1 targets processed
2026-05-17 00:17:23 [INFO] src.scoring.health_score: Health score for 湖南农业大学门户: 92.8
2026-05-17 00:17:23 [ERROR] src.prediction.prophet_model: Prophet forecast error for 湖南农业大学门户/availability_score: 'Prophet' object has no attribute 'stan_backend'
2026-05-17 00:17:23 [ERROR] src.prediction.prophet_model: Prophet forecast error for 湖南农业大学门户/response_time_score: 'Prophet' object has no attribute 'stan_backend'
2026-05-17 00:17:23 [ERROR] src.prediction.prophet_model: Prophet forecast error for 湖南农业大学门户/security_score: 'Prophet' object has no attribute 'stan_backend'
2026-05-17 00:17:23 [INFO] __main__: Collection cycle complete — 1 targets processed
2026-05-17 00:18:28 [INFO] src.scoring.health_score: Health score for 湖南农业大学门户: 99.0
2026-05-17 00:18:28 [ERROR] src.prediction.prophet_model: Prophet forecast error for 湖南农业大学门户/availability_score: 'Prophet' object has no attribute 'stan_backend'
2026-05-17 00:18:28 [ERROR] src.prediction.prophet_model: Prophet forecast error for 湖南农业大学门户/response_time_score: 'Prophet' object has no attribute 'stan_backend'
2026-05-17 00:18:28 [ERROR] src.prediction.prophet_model: Prophet forecast error for 湖南农业大学门户/security_score: 'Prophet' object has no attribute 'stan_backend'
2026-05-17 00:18:28 [INFO] __main__: Collection cycle complete — 1 targets processed
2026-05-17 00:19:32 [INFO] src.scoring.health_score: Health score for 湖南农业大学门户: 99.0
2026-05-17 00:19:32 [ERROR] src.prediction.prophet_model: Prophet forecast error for 湖南农业大学门户/availability_score: 'Prophet' object has no attribute 'stan_backend'
2026-05-17 00:19:32 [ERROR] src.prediction.prophet_model: Prophet forecast error for 湖南农业大学门户/response_time_score: 'Prophet' object has no attribute 'stan_backend'
2026-05-17 00:19:32 [ERROR] src.prediction.prophet_model: Prophet forecast error for 湖南农业大学门户/security_score: 'Prophet' object has no attribute 'stan_backend'
2026-05-17 00:19:32 [INFO] __main__: Collection cycle complete — 1 targets processed
2026-05-17 00:20:38 [INFO] src.scoring.health_score: Health score for 湖南农业大学门户: 97.4
2026-05-17 00:20:38 [ERROR] src.prediction.prophet_model: Prophet forecast error for 湖南农业大学门户/availability_score: 'Prophet' object has no attribute 'stan_backend'
2026-05-17 00:20:38 [ERROR] src.prediction.prophet_model: Prophet forecast error for 湖南农业大学门户/response_time_score: 'Prophet' object has no attribute 'stan_backend'
2026-05-17 00:20:38 [ERROR] src.prediction.prophet_model: Prophet forecast error for 湖南农业大学门户/security_score: 'Prophet' object has no attribute 'stan_backend'
2026-05-17 00:20:38 [INFO] __main__: Collection cycle complete — 1 targets processed
2026-05-17 00:21:43 [INFO] src.scoring.health_score: Health score for 湖南农业大学门户: 98.6
2026-05-17 00:21:43 [ERROR] src.prediction.prophet_model: Prophet forecast error for 湖南农业大学门户/availability_score: 'Prophet' object has no attribute 'stan_backend'
2026-05-17 00:21:43 [ERROR] src.prediction.prophet_model: Prophet forecast error for 湖南农业大学门户/response_time_score: 'Prophet' object has no attribute 'stan_backend'
2026-05-17 00:21:44 [ERROR] src.prediction.prophet_model: Prophet forecast error for 湖南农业大学门户/security_score: 'Prophet' object has no attribute 'stan_backend'
2026-05-17 00:21:44 [INFO] __main__: Collection cycle complete — 1 targets processed
2026-05-17 09:43:59 [INFO] src.storage.db: Database initialised at C:\internet_awareness\data\awareness.db
2026-05-17 09:43:59 [INFO] __main__: Starting standalone collector
2026-05-17 09:44:07 [INFO] src.scoring.health_score: Health score for 湖南农业大学门户: 93.2
2026-05-17 09:44:08 [ERROR] src.prediction.prophet_model: Prophet forecast error for 湖南农业大学门户/availability_score: 'Prophet' object has no attribute 'stan_backend'
2026-05-17 09:44:08 [ERROR] src.prediction.prophet_model: Prophet forecast error for 湖南农业大学门户/response_time_score: 'Prophet' object has no attribute 'stan_backend'
2026-05-17 09:44:08 [ERROR] src.prediction.prophet_model: Prophet forecast error for 湖南农业大学门户/security_score: 'Prophet' object has no attribute 'stan_backend'
2026-05-17 09:44:08 [INFO] __main__: Collection cycle complete — 1 targets processed
2026-05-17 09:45:12 [INFO] src.scoring.health_score: Health score for 湖南农业大学门户: 98.7
2026-05-17 09:45:12 [ERROR] src.prediction.prophet_model: Prophet forecast error for 湖南农业大学门户/availability_score: 'Prophet' object has no attribute 'stan_backend'
2026-05-17 09:45:12 [ERROR] src.prediction.prophet_model: Prophet forecast error for 湖南农业大学门户/response_time_score: 'Prophet' object has no attribute 'stan_backend'
2026-05-17 09:45:12 [ERROR] src.prediction.prophet_model: Prophet forecast error for 湖南农业大学门户/security_score: 'Prophet' object has no attribute 'stan_backend'
2026-05-17 09:45:12 [INFO] __main__: Collection cycle complete — 1 targets processed
2026-05-17 09:46:16 [INFO] src.scoring.health_score: Health score for 湖南农业大学门户: 99.5
2026-05-17 09:46:16 [ERROR] src.prediction.prophet_model: Prophet forecast error for 湖南农业大学门户/availability_score: 'Prophet' object has no attribute 'stan_backend'
2026-05-17 09:46:16 [ERROR] src.prediction.prophet_model: Prophet forecast error for 湖南农业大学门户/response_time_score: 'Prophet' object has no attribute 'stan_backend'
2026-05-17 09:46:17 [ERROR] src.prediction.prophet_model: Prophet forecast error for 湖南农业大学门户/security_score: 'Prophet' object has no attribute 'stan_backend'
2026-05-17 09:46:17 [INFO] __main__: Collection cycle complete — 1 targets processed
2026-05-17 09:47:21 [INFO] src.scoring.health_score: Health score for 湖南农业大学门户: 99.0
2026-05-17 09:47:21 [ERROR] src.prediction.prophet_model: Prophet forecast error for 湖南农业大学门户/availability_score: 'Prophet' object has no attribute 'stan_backend'
2026-05-17 09:47:21 [ERROR] src.prediction.prophet_model: Prophet forecast error for 湖南农业大学门户/response_time_score: 'Prophet' object has no attribute 'stan_backend'
2026-05-17 09:47:21 [ERROR] src.prediction.prophet_model: Prophet forecast error for 湖南农业大学门户/security_score: 'Prophet' object has no attribute 'stan_backend'
2026-05-17 09:47:21 [INFO] __main__: Collection cycle complete — 1 targets processed
2026-05-17 09:48:25 [INFO] src.scoring.health_score: Health score for 湖南农业大学门户: 99.4
2026-05-17 09:48:25 [ERROR] src.prediction.prophet_model: Prophet forecast error for 湖南农业大学门户/availability_score: 'Prophet' object has no attribute 'stan_backend'
2026-05-17 09:48:25 [ERROR] src.prediction.prophet_model: Prophet forecast error for 湖南农业大学门户/response_time_score: 'Prophet' object has no attribute 'stan_backend'
2026-05-17 09:48:25 [ERROR] src.prediction.prophet_model: Prophet forecast error for 湖南农业大学门户/security_score: 'Prophet' object has no attribute 'stan_backend'
2026-05-17 09:48:25 [INFO] __main__: Collection cycle complete — 1 targets processed
2026-05-17 09:49:30 [INFO] src.scoring.health_score: Health score for 湖南农业大学门户: 99.2
2026-05-17 09:49:30 [ERROR] src.prediction.prophet_model: Prophet forecast error for 湖南农业大学门户/availability_score: 'Prophet' object has no attribute 'stan_backend'
2026-05-17 09:49:30 [ERROR] src.prediction.prophet_model: Prophet forecast error for 湖南农业大学门户/response_time_score: 'Prophet' object has no attribute 'stan_backend'
2026-05-17 09:49:30 [ERROR] src.prediction.prophet_model: Prophet forecast error for 湖南农业大学门户/security_score: 'Prophet' object has no attribute 'stan_backend'
2026-05-17 09:49:30 [INFO] __main__: Collection cycle complete — 1 targets processed
2026-05-17 09:50:34 [INFO] src.scoring.health_score: Health score for 湖南农业大学门户: 98.8
2026-05-17 09:50:34 [ERROR] src.prediction.prophet_model: Prophet forecast error for 湖南农业大学门户/availability_score: 'Prophet' object has no attribute 'stan_backend'
2026-05-17 09:50:34 [ERROR] src.prediction.prophet_model: Prophet forecast error for 湖南农业大学门户/response_time_score: 'Prophet' object has no attribute 'stan_backend'
2026-05-17 09:50:34 [ERROR] src.prediction.prophet_model: Prophet forecast error for 湖南农业大学门户/security_score: 'Prophet' object has no attribute 'stan_backend'
2026-05-17 09:50:34 [INFO] __main__: Collection cycle complete — 1 targets processed
2026-05-17 09:51:38 [INFO] src.scoring.health_score: Health score for 湖南农业大学门户: 99.8
2026-05-17 09:51:38 [ERROR] src.prediction.prophet_model: Prophet forecast error for 湖南农业大学门户/availability_score: 'Prophet' object has no attribute 'stan_backend'
2026-05-17 09:51:38 [ERROR] src.prediction.prophet_model: Prophet forecast error for 湖南农业大学门户/response_time_score: 'Prophet' object has no attribute 'stan_backend'
2026-05-17 09:51:38 [ERROR] src.prediction.prophet_model: Prophet forecast error for 湖南农业大学门户/security_score: 'Prophet' object has no attribute 'stan_backend'
2026-05-17 09:51:38 [INFO] __main__: Collection cycle complete — 1 targets processed
2026-05-17 09:52:43 [INFO] src.scoring.health_score: Health score for 湖南农业大学门户: 99.1
2026-05-17 09:52:43 [ERROR] src.prediction.prophet_model: Prophet forecast error for 湖南农业大学门户/availability_score: 'Prophet' object has no attribute 'stan_backend'
2026-05-17 09:52:43 [ERROR] src.prediction.prophet_model: Prophet forecast error for 湖南农业大学门户/response_time_score: 'Prophet' object has no attribute 'stan_backend'
2026-05-17 09:52:43 [ERROR] src.prediction.prophet_model: Prophet forecast error for 湖南农业大学门户/security_score: 'Prophet' object has no attribute 'stan_backend'
2026-05-17 09:52:43 [INFO] __main__: Collection cycle complete — 1 targets processed
2026-05-17 09:53:48 [INFO] src.scoring.health_score: Health score for 湖南农业大学门户: 99.3
2026-05-17 09:53:48 [ERROR] src.prediction.prophet_model: Prophet forecast error for 湖南农业大学门户/availability_score: 'Prophet' object has no attribute 'stan_backend'
2026-05-17 09:53:48 [ERROR] src.prediction.prophet_model: Prophet forecast error for 湖南农业大学门户/response_time_score: 'Prophet' object has no attribute 'stan_backend'
2026-05-17 09:53:48 [ERROR] src.prediction.prophet_model: Prophet forecast error for 湖南农业大学门户/security_score: 'Prophet' object has no attribute 'stan_backend'
2026-05-17 09:53:48 [INFO] __main__: Collection cycle complete — 1 targets processed
2026-05-17 09:54:52 [INFO] src.scoring.health_score: Health score for 湖南农业大学门户: 98.8
2026-05-17 09:54:52 [ERROR] src.prediction.prophet_model: Prophet forecast error for 湖南农业大学门户/availability_score: 'Prophet' object has no attribute 'stan_backend'
2026-05-17 09:54:52 [ERROR] src.prediction.prophet_model: Prophet forecast error for 湖南农业大学门户/response_time_score: 'Prophet' object has no attribute 'stan_backend'
2026-05-17 09:54:52 [ERROR] src.prediction.prophet_model: Prophet forecast error for 湖南农业大学门户/security_score: 'Prophet' object has no attribute 'stan_backend'
2026-05-17 09:54:52 [INFO] __main__: Collection cycle complete — 1 targets processed
2026-05-17 09:55:57 [INFO] src.scoring.health_score: Health score for 湖南农业大学门户: 98.3
2026-05-17 09:55:57 [ERROR] src.prediction.prophet_model: Prophet forecast error for 湖南农业大学门户/availability_score: 'Prophet' object has no attribute 'stan_backend'
2026-05-17 09:55:57 [ERROR] src.prediction.prophet_model: Prophet forecast error for 湖南农业大学门户/response_time_score: 'Prophet' object has no attribute 'stan_backend'
2026-05-17 09:55:57 [ERROR] src.prediction.prophet_model: Prophet forecast error for 湖南农业大学门户/security_score: 'Prophet' object has no attribute 'stan_backend'
2026-05-17 09:55:57 [INFO] __main__: Collection cycle complete — 1 targets processed
2026-05-17 09:57:02 [INFO] src.scoring.health_score: Health score for 湖南农业大学门户: 98.9
2026-05-17 09:57:02 [ERROR] src.prediction.prophet_model: Prophet forecast error for 湖南农业大学门户/availability_score: 'Prophet' object has no attribute 'stan_backend'
2026-05-17 09:57:02 [ERROR] src.prediction.prophet_model: Prophet forecast error for 湖南农业大学门户/response_time_score: 'Prophet' object has no attribute 'stan_backend'
2026-05-17 09:57:02 [ERROR] src.prediction.prophet_model: Prophet forecast error for 湖南农业大学门户/security_score: 'Prophet' object has no attribute 'stan_backend'
2026-05-17 09:57:02 [INFO] __main__: Collection cycle complete — 1 targets processed
2026-05-17 09:58:10 [INFO] src.scoring.health_score: Health score for 湖南农业大学门户: 92.2
2026-05-17 09:58:10 [ERROR] src.prediction.prophet_model: Prophet forecast error for 湖南农业大学门户/availability_score: 'Prophet' object has no attribute 'stan_backend'
2026-05-17 09:58:10 [ERROR] src.prediction.prophet_model: Prophet forecast error for 湖南农业大学门户/response_time_score: 'Prophet' object has no attribute 'stan_backend'
2026-05-17 09:58:10 [ERROR] src.prediction.prophet_model: Prophet forecast error for 湖南农业大学门户/security_score: 'Prophet' object has no attribute 'stan_backend'
2026-05-17 09:58:10 [INFO] __main__: Collection cycle complete — 1 targets processed
2026-05-17 09:59:16 [INFO] src.scoring.health_score: Health score for 湖南农业大学门户: 96.0
2026-05-17 09:59:16 [ERROR] src.prediction.prophet_model: Prophet forecast error for 湖南农业大学门户/availability_score: 'Prophet' object has no attribute 'stan_backend'
2026-05-17 09:59:16 [ERROR] src.prediction.prophet_model: Prophet forecast error for 湖南农业大学门户/response_time_score: 'Prophet' object has no attribute 'stan_backend'
2026-05-17 09:59:16 [ERROR] src.prediction.prophet_model: Prophet forecast error for 湖南农业大学门户/security_score: 'Prophet' object has no attribute 'stan_backend'
2026-05-17 09:59:16 [INFO] __main__: Collection cycle complete — 1 targets processed
2026-05-17 10:00:23 [INFO] src.scoring.health_score: Health score for 湖南农业大学门户: 93.7
2026-05-17 10:00:23 [ERROR] src.prediction.prophet_model: Prophet forecast error for 湖南农业大学门户/availability_score: 'Prophet' object has no attribute 'stan_backend'
2026-05-17 10:00:24 [ERROR] src.prediction.prophet_model: Prophet forecast error for 湖南农业大学门户/response_time_score: 'Prophet' object has no attribute 'stan_backend'
2026-05-17 10:00:24 [ERROR] src.prediction.prophet_model: Prophet forecast error for 湖南农业大学门户/security_score: 'Prophet' object has no attribute 'stan_backend'
2026-05-17 10:00:24 [INFO] __main__: Collection cycle complete — 1 targets processed
2026-05-17 10:01:29 [INFO] src.scoring.health_score: Health score for 湖南农业大学门户: 98.2
2026-05-17 10:01:29 [ERROR] src.prediction.prophet_model: Prophet forecast error for 湖南农业大学门户/availability_score: 'Prophet' object has no attribute 'stan_backend'
2026-05-17 10:01:29 [ERROR] src.prediction.prophet_model: Prophet forecast error for 湖南农业大学门户/response_time_score: 'Prophet' object has no attribute 'stan_backend'
2026-05-17 10:01:29 [ERROR] src.prediction.prophet_model: Prophet forecast error for 湖南农业大学门户/security_score: 'Prophet' object has no attribute 'stan_backend'
2026-05-17 10:01:29 [INFO] __main__: Collection cycle complete — 1 targets processed
2026-05-17 10:02:33 [INFO] src.scoring.health_score: Health score for 湖南农业大学门户: 99.0
2026-05-17 10:02:33 [ERROR] src.prediction.prophet_model: Prophet forecast error for 湖南农业大学门户/availability_score: 'Prophet' object has no attribute 'stan_backend'
2026-05-17 10:02:33 [ERROR] src.prediction.prophet_model: Prophet forecast error for 湖南农业大学门户/response_time_score: 'Prophet' object has no attribute 'stan_backend'
2026-05-17 10:02:33 [ERROR] src.prediction.prophet_model: Prophet forecast error for 湖南农业大学门户/security_score: 'Prophet' object has no attribute 'stan_backend'
2026-05-17 10:02:33 [INFO] __main__: Collection cycle complete — 1 targets processed
2026-05-17 10:03:38 [INFO] src.scoring.health_score: Health score for 湖南农业大学门户: 99.2
2026-05-17 10:03:38 [ERROR] src.prediction.prophet_model: Prophet forecast error for 湖南农业大学门户/availability_score: 'Prophet' object has no attribute 'stan_backend'
2026-05-17 10:03:38 [ERROR] src.prediction.prophet_model: Prophet forecast error for 湖南农业大学门户/response_time_score: 'Prophet' object has no attribute 'stan_backend'
2026-05-17 10:03:38 [ERROR] src.prediction.prophet_model: Prophet forecast error for 湖南农业大学门户/security_score: 'Prophet' object has no attribute 'stan_backend'
2026-05-17 10:03:38 [INFO] __main__: Collection cycle complete — 1 targets processed
2026-05-17 10:04:45 [INFO] src.scoring.health_score: Health score for 湖南农业大学门户: 93.9
2026-05-17 10:04:45 [ERROR] src.prediction.prophet_model: Prophet forecast error for 湖南农业大学门户/availability_score: 'Prophet' object has no attribute 'stan_backend'
2026-05-17 10:04:45 [ERROR] src.prediction.prophet_model: Prophet forecast error for 湖南农业大学门户/response_time_score: 'Prophet' object has no attribute 'stan_backend'
2026-05-17 10:04:45 [ERROR] src.prediction.prophet_model: Prophet forecast error for 湖南农业大学门户/security_score: 'Prophet' object has no attribute 'stan_backend'
2026-05-17 10:04:45 [INFO] __main__: Collection cycle complete — 1 targets processed
2026-05-17 10:05:49 [INFO] src.scoring.health_score: Health score for 湖南农业大学门户: 99.2
2026-05-17 10:05:49 [ERROR] src.prediction.prophet_model: Prophet forecast error for 湖南农业大学门户/availability_score: 'Prophet' object has no attribute 'stan_backend'
2026-05-17 10:05:49 [ERROR] src.prediction.prophet_model: Prophet forecast error for 湖南农业大学门户/response_time_score: 'Prophet' object has no attribute 'stan_backend'
2026-05-17 10:05:49 [ERROR] src.prediction.prophet_model: Prophet forecast error for 湖南农业大学门户/security_score: 'Prophet' object has no attribute 'stan_backend'
2026-05-17 10:05:49 [INFO] __main__: Collection cycle complete — 1 targets processed
2026-05-17 10:06:57 [INFO] src.scoring.health_score: Health score for 湖南农业大学门户: 92.8
2026-05-17 10:06:57 [ERROR] src.prediction.prophet_model: Prophet forecast error for 湖南农业大学门户/availability_score: 'Prophet' object has no attribute 'stan_backend'
2026-05-17 10:06:57 [ERROR] src.prediction.prophet_model: Prophet forecast error for 湖南农业大学门户/response_time_score: 'Prophet' object has no attribute 'stan_backend'
2026-05-17 10:06:57 [ERROR] src.prediction.prophet_model: Prophet forecast error for 湖南农业大学门户/security_score: 'Prophet' object has no attribute 'stan_backend'
2026-05-17 10:06:57 [INFO] __main__: Collection cycle complete — 1 targets processed
2026-05-17 10:08:03 [INFO] src.scoring.health_score: Health score for 湖南农业大学门户: 97.0
2026-05-17 10:08:03 [ERROR] src.prediction.prophet_model: Prophet forecast error for 湖南农业大学门户/availability_score: 'Prophet' object has no attribute 'stan_backend'
2026-05-17 10:08:03 [ERROR] src.prediction.prophet_model: Prophet forecast error for 湖南农业大学门户/response_time_score: 'Prophet' object has no attribute 'stan_backend'
2026-05-17 10:08:03 [ERROR] src.prediction.prophet_model: Prophet forecast error for 湖南农业大学门户/security_score: 'Prophet' object has no attribute 'stan_backend'
2026-05-17 10:08:03 [INFO] __main__: Collection cycle complete — 1 targets processed
2026-05-17 10:09:10 [INFO] src.scoring.health_score: Health score for 湖南农业大学门户: 93.7
2026-05-17 10:09:10 [ERROR] src.prediction.prophet_model: Prophet forecast error for 湖南农业大学门户/availability_score: 'Prophet' object has no attribute 'stan_backend'
2026-05-17 10:09:10 [ERROR] src.prediction.prophet_model: Prophet forecast error for 湖南农业大学门户/response_time_score: 'Prophet' object has no attribute 'stan_backend'
2026-05-17 10:09:10 [ERROR] src.prediction.prophet_model: Prophet forecast error for 湖南农业大学门户/security_score: 'Prophet' object has no attribute 'stan_backend'
2026-05-17 10:09:10 [INFO] __main__: Collection cycle complete — 1 targets processed
2026-05-17 10:10:23 [INFO] src.scoring.health_score: Health score for 湖南农业大学门户: 93.2
2026-05-17 10:10:23 [ERROR] src.prediction.prophet_model: Prophet forecast error for 湖南农业大学门户/availability_score: 'Prophet' object has no attribute 'stan_backend'
2026-05-17 10:10:23 [ERROR] src.prediction.prophet_model: Prophet forecast error for 湖南农业大学门户/response_time_score: 'Prophet' object has no attribute 'stan_backend'
2026-05-17 10:10:23 [ERROR] src.prediction.prophet_model: Prophet forecast error for 湖南农业大学门户/security_score: 'Prophet' object has no attribute 'stan_backend'
2026-05-17 10:10:23 [INFO] __main__: Collection cycle complete — 1 targets processed
2026-05-17 10:11:29 [INFO] src.scoring.health_score: Health score for 湖南农业大学门户: 96.7
2026-05-17 10:11:29 [ERROR] src.prediction.prophet_model: Prophet forecast error for 湖南农业大学门户/availability_score: 'Prophet' object has no attribute 'stan_backend'
2026-05-17 10:11:29 [ERROR] src.prediction.prophet_model: Prophet forecast error for 湖南农业大学门户/response_time_score: 'Prophet' object has no attribute 'stan_backend'
2026-05-17 10:11:29 [ERROR] src.prediction.prophet_model: Prophet forecast error for 湖南农业大学门户/security_score: 'Prophet' object has no attribute 'stan_backend'
2026-05-17 10:11:29 [INFO] __main__: Collection cycle complete — 1 targets processed
2026-05-17 10:12:48 [ERROR] src.collection.threat_intel: OTX query error for 218.104.146.107: HTTPSConnectionPool(host='otx.alienvault.com', port=443): Read timed out. (read timeout=15)
2026-05-17 10:12:48 [INFO] src.scoring.health_score: Health score for 湖南农业大学门户: 98.7
2026-05-17 10:12:48 [ERROR] src.prediction.prophet_model: Prophet forecast error for 湖南农业大学门户/availability_score: 'Prophet' object has no attribute 'stan_backend'
2026-05-17 10:12:48 [ERROR] src.prediction.prophet_model: Prophet forecast error for 湖南农业大学门户/response_time_score: 'Prophet' object has no attribute 'stan_backend'
2026-05-17 10:12:48 [INFO] __main__: Collection cycle complete — 1 targets processed
2026-05-17 10:13:53 [INFO] src.scoring.health_score: Health score for 湖南农业大学门户: 99.3
2026-05-17 10:13:53 [ERROR] src.prediction.prophet_model: Prophet forecast error for 湖南农业大学门户/availability_score: 'Prophet' object has no attribute 'stan_backend'
2026-05-17 10:13:53 [ERROR] src.prediction.prophet_model: Prophet forecast error for 湖南农业大学门户/response_time_score: 'Prophet' object has no attribute 'stan_backend'
2026-05-17 10:13:53 [ERROR] src.prediction.prophet_model: Prophet forecast error for 湖南农业大学门户/security_score: 'Prophet' object has no attribute 'stan_backend'
2026-05-17 10:13:53 [INFO] __main__: Collection cycle complete — 1 targets processed
2026-05-17 10:14:58 [INFO] src.scoring.health_score: Health score for 湖南农业大学门户: 98.9
2026-05-17 10:14:58 [ERROR] src.prediction.prophet_model: Prophet forecast error for 湖南农业大学门户/availability_score: 'Prophet' object has no attribute 'stan_backend'
2026-05-17 10:14:58 [ERROR] src.prediction.prophet_model: Prophet forecast error for 湖南农业大学门户/response_time_score: 'Prophet' object has no attribute 'stan_backend'
2026-05-17 10:14:58 [ERROR] src.prediction.prophet_model: Prophet forecast error for 湖南农业大学门户/security_score: 'Prophet' object has no attribute 'stan_backend'
2026-05-17 10:14:58 [INFO] __main__: Collection cycle complete — 1 targets processed
2026-05-17 10:16:12 [INFO] src.scoring.health_score: Health score for 湖南农业大学门户: 96.2
2026-05-17 10:16:12 [ERROR] src.prediction.prophet_model: Prophet forecast error for 湖南农业大学门户/availability_score: 'Prophet' object has no attribute 'stan_backend'
2026-05-17 10:16:12 [ERROR] src.prediction.prophet_model: Prophet forecast error for 湖南农业大学门户/response_time_score: 'Prophet' object has no attribute 'stan_backend'
2026-05-17 10:16:12 [ERROR] src.prediction.prophet_model: Prophet forecast error for 湖南农业大学门户/security_score: 'Prophet' object has no attribute 'stan_backend'
2026-05-17 10:16:12 [INFO] __main__: Collection cycle complete — 1 targets processed
2026-05-17 10:17:16 [INFO] src.scoring.health_score: Health score for 湖南农业大学门户: 99.4
2026-05-17 10:17:16 [ERROR] src.prediction.prophet_model: Prophet forecast error for 湖南农业大学门户/availability_score: 'Prophet' object has no attribute 'stan_backend'
2026-05-17 10:17:16 [ERROR] src.prediction.prophet_model: Prophet forecast error for 湖南农业大学门户/response_time_score: 'Prophet' object has no attribute 'stan_backend'
2026-05-17 10:17:16 [ERROR] src.prediction.prophet_model: Prophet forecast error for 湖南农业大学门户/security_score: 'Prophet' object has no attribute 'stan_backend'
2026-05-17 10:17:16 [INFO] __main__: Collection cycle complete — 1 targets processed
2026-05-17 10:18:33 [INFO] src.scoring.health_score: Health score for 湖南农业大学门户: 99.1
2026-05-17 10:18:33 [ERROR] src.prediction.prophet_model: Prophet forecast error for 湖南农业大学门户/availability_score: 'Prophet' object has no attribute 'stan_backend'
2026-05-17 10:18:33 [ERROR] src.prediction.prophet_model: Prophet forecast error for 湖南农业大学门户/response_time_score: 'Prophet' object has no attribute 'stan_backend'
2026-05-17 10:18:33 [ERROR] src.prediction.prophet_model: Prophet forecast error for 湖南农业大学门户/security_score: 'Prophet' object has no attribute 'stan_backend'
2026-05-17 10:18:33 [INFO] __main__: Collection cycle complete — 1 targets processed
2026-05-17 10:19:37 [INFO] src.scoring.health_score: Health score for 湖南农业大学门户: 99.2
2026-05-17 10:19:37 [ERROR] src.prediction.prophet_model: Prophet forecast error for 湖南农业大学门户/availability_score: 'Prophet' object has no attribute 'stan_backend'
2026-05-17 10:19:37 [ERROR] src.prediction.prophet_model: Prophet forecast error for 湖南农业大学门户/response_time_score: 'Prophet' object has no attribute 'stan_backend'
2026-05-17 10:19:37 [ERROR] src.prediction.prophet_model: Prophet forecast error for 湖南农业大学门户/security_score: 'Prophet' object has no attribute 'stan_backend'
2026-05-17 10:19:37 [INFO] __main__: Collection cycle complete — 1 targets processed
2026-05-17 10:20:41 [INFO] src.scoring.health_score: Health score for 湖南农业大学门户: 99.5
2026-05-17 10:20:41 [ERROR] src.prediction.prophet_model: Prophet forecast error for 湖南农业大学门户/availability_score: 'Prophet' object has no attribute 'stan_backend'
2026-05-17 10:20:41 [ERROR] src.prediction.prophet_model: Prophet forecast error for 湖南农业大学门户/response_time_score: 'Prophet' object has no attribute 'stan_backend'
2026-05-17 10:20:41 [ERROR] src.prediction.prophet_model: Prophet forecast error for 湖南农业大学门户/security_score: 'Prophet' object has no attribute 'stan_backend'
2026-05-17 10:20:41 [INFO] __main__: Collection cycle complete — 1 targets processed
2026-05-17 10:21:47 [INFO] src.scoring.health_score: Health score for 湖南农业大学门户: 99.0
2026-05-17 10:21:47 [ERROR] src.prediction.prophet_model: Prophet forecast error for 湖南农业大学门户/availability_score: 'Prophet' object has no attribute 'stan_backend'
2026-05-17 10:21:47 [ERROR] src.prediction.prophet_model: Prophet forecast error for 湖南农业大学门户/response_time_score: 'Prophet' object has no attribute 'stan_backend'
2026-05-17 10:21:48 [ERROR] src.prediction.prophet_model: Prophet forecast error for 湖南农业大学门户/security_score: 'Prophet' object has no attribute 'stan_backend'
2026-05-17 10:21:48 [INFO] __main__: Collection cycle complete — 1 targets processed
2026-05-17 10:22:55 [INFO] src.scoring.health_score: Health score for 湖南农业大学门户: 93.9
2026-05-17 10:22:55 [ERROR] src.prediction.prophet_model: Prophet forecast error for 湖南农业大学门户/availability_score: 'Prophet' object has no attribute 'stan_backend'
2026-05-17 10:22:55 [ERROR] src.prediction.prophet_model: Prophet forecast error for 湖南农业大学门户/response_time_score: 'Prophet' object has no attribute 'stan_backend'
2026-05-17 10:22:55 [ERROR] src.prediction.prophet_model: Prophet forecast error for 湖南农业大学门户/security_score: 'Prophet' object has no attribute 'stan_backend'
2026-05-17 10:22:55 [INFO] __main__: Collection cycle complete — 1 targets processed
2026-05-17 10:23:59 [INFO] src.scoring.health_score: Health score for 湖南农业大学门户: 99.7
2026-05-17 10:23:59 [ERROR] src.prediction.prophet_model: Prophet forecast error for 湖南农业大学门户/availability_score: 'Prophet' object has no attribute 'stan_backend'
2026-05-17 10:23:59 [ERROR] src.prediction.prophet_model: Prophet forecast error for 湖南农业大学门户/response_time_score: 'Prophet' object has no attribute 'stan_backend'
2026-05-17 10:23:59 [ERROR] src.prediction.prophet_model: Prophet forecast error for 湖南农业大学门户/security_score: 'Prophet' object has no attribute 'stan_backend'
2026-05-17 10:23:59 [INFO] __main__: Collection cycle complete — 1 targets processed
2026-05-17 10:25:04 [INFO] src.scoring.health_score: Health score for 湖南农业大学门户: 97.5
2026-05-17 10:25:04 [ERROR] src.prediction.prophet_model: Prophet forecast error for 湖南农业大学门户/availability_score: 'Prophet' object has no attribute 'stan_backend'
2026-05-17 10:25:04 [ERROR] src.prediction.prophet_model: Prophet forecast error for 湖南农业大学门户/response_time_score: 'Prophet' object has no attribute 'stan_backend'
2026-05-17 10:25:04 [ERROR] src.prediction.prophet_model: Prophet forecast error for 湖南农业大学门户/security_score: 'Prophet' object has no attribute 'stan_backend'
2026-05-17 10:25:04 [INFO] __main__: Collection cycle complete — 1 targets processed
2026-05-17 10:26:10 [INFO] src.scoring.health_score: Health score for 湖南农业大学门户: 95.8
2026-05-17 10:26:10 [ERROR] src.prediction.prophet_model: Prophet forecast error for 湖南农业大学门户/availability_score: 'Prophet' object has no attribute 'stan_backend'
2026-05-17 10:26:10 [ERROR] src.prediction.prophet_model: Prophet forecast error for 湖南农业大学门户/response_time_score: 'Prophet' object has no attribute 'stan_backend'
2026-05-17 10:26:10 [ERROR] src.prediction.prophet_model: Prophet forecast error for 湖南农业大学门户/security_score: 'Prophet' object has no attribute 'stan_backend'
2026-05-17 10:26:10 [INFO] __main__: Collection cycle complete — 1 targets processed
2026-05-17 10:27:16 [INFO] src.scoring.health_score: Health score for 湖南农业大学门户: 99.1
2026-05-17 10:27:16 [ERROR] src.prediction.prophet_model: Prophet forecast error for 湖南农业大学门户/availability_score: 'Prophet' object has no attribute 'stan_backend'
2026-05-17 10:27:16 [ERROR] src.prediction.prophet_model: Prophet forecast error for 湖南农业大学门户/response_time_score: 'Prophet' object has no attribute 'stan_backend'
2026-05-17 10:27:16 [ERROR] src.prediction.prophet_model: Prophet forecast error for 湖南农业大学门户/security_score: 'Prophet' object has no attribute 'stan_backend'
2026-05-17 10:27:16 [INFO] __main__: Collection cycle complete — 1 targets processed
2026-05-17 10:28:24 [INFO] src.scoring.health_score: Health score for 湖南农业大学门户: 93.8
2026-05-17 10:28:24 [ERROR] src.prediction.prophet_model: Prophet forecast error for 湖南农业大学门户/availability_score: 'Prophet' object has no attribute 'stan_backend'
2026-05-17 10:28:24 [ERROR] src.prediction.prophet_model: Prophet forecast error for 湖南农业大学门户/response_time_score: 'Prophet' object has no attribute 'stan_backend'
2026-05-17 10:28:24 [ERROR] src.prediction.prophet_model: Prophet forecast error for 湖南农业大学门户/security_score: 'Prophet' object has no attribute 'stan_backend'
2026-05-17 10:28:24 [INFO] __main__: Collection cycle complete — 1 targets processed
2026-05-17 10:29:29 [INFO] src.scoring.health_score: Health score for 湖南农业大学门户: 97.9
2026-05-17 10:29:29 [ERROR] src.prediction.prophet_model: Prophet forecast error for 湖南农业大学门户/availability_score: 'Prophet' object has no attribute 'stan_backend'
2026-05-17 10:29:29 [ERROR] src.prediction.prophet_model: Prophet forecast error for 湖南农业大学门户/response_time_score: 'Prophet' object has no attribute 'stan_backend'
2026-05-17 10:29:29 [ERROR] src.prediction.prophet_model: Prophet forecast error for 湖南农业大学门户/security_score: 'Prophet' object has no attribute 'stan_backend'
2026-05-17 10:29:29 [INFO] __main__: Collection cycle complete — 1 targets processed
2026-05-17 10:30:33 [INFO] src.scoring.health_score: Health score for 湖南农业大学门户: 99.2
2026-05-17 10:30:33 [ERROR] src.prediction.prophet_model: Prophet forecast error for 湖南农业大学门户/availability_score: 'Prophet' object has no attribute 'stan_backend'
2026-05-17 10:30:33 [ERROR] src.prediction.prophet_model: Prophet forecast error for 湖南农业大学门户/response_time_score: 'Prophet' object has no attribute 'stan_backend'
2026-05-17 10:30:33 [ERROR] src.prediction.prophet_model: Prophet forecast error for 湖南农业大学门户/security_score: 'Prophet' object has no attribute 'stan_backend'
2026-05-17 10:30:33 [INFO] __main__: Collection cycle complete — 1 targets processed
2026-05-17 10:31:37 [INFO] src.scoring.health_score: Health score for 湖南农业大学门户: 99.5
2026-05-17 10:31:37 [ERROR] src.prediction.prophet_model: Prophet forecast error for 湖南农业大学门户/availability_score: 'Prophet' object has no attribute 'stan_backend'
2026-05-17 10:31:37 [ERROR] src.prediction.prophet_model: Prophet forecast error for 湖南农业大学门户/response_time_score: 'Prophet' object has no attribute 'stan_backend'
2026-05-17 10:31:37 [ERROR] src.prediction.prophet_model: Prophet forecast error for 湖南农业大学门户/security_score: 'Prophet' object has no attribute 'stan_backend'
2026-05-17 10:31:37 [INFO] __main__: Collection cycle complete — 1 targets processed
2026-05-17 10:32:57 [ERROR] src.collection.threat_intel: OTX query error for 218.104.146.107: HTTPSConnectionPool(host='otx.alienvault.com', port=443): Read timed out. (read timeout=15)
2026-05-17 10:32:57 [INFO] src.scoring.health_score: Health score for 湖南农业大学门户: 98.7
2026-05-17 10:32:57 [ERROR] src.prediction.prophet_model: Prophet forecast error for 湖南农业大学门户/availability_score: 'Prophet' object has no attribute 'stan_backend'
2026-05-17 10:32:57 [ERROR] src.prediction.prophet_model: Prophet forecast error for 湖南农业大学门户/response_time_score: 'Prophet' object has no attribute 'stan_backend'
2026-05-17 10:32:57 [INFO] __main__: Collection cycle complete — 1 targets processed
2026-05-17 10:34:01 [INFO] src.scoring.health_score: Health score for 湖南农业大学门户: 99.5
2026-05-17 10:34:01 [ERROR] src.prediction.prophet_model: Prophet forecast error for 湖南农业大学门户/availability_score: 'Prophet' object has no attribute 'stan_backend'
2026-05-17 10:34:01 [ERROR] src.prediction.prophet_model: Prophet forecast error for 湖南农业大学门户/response_time_score: 'Prophet' object has no attribute 'stan_backend'
2026-05-17 10:34:01 [ERROR] src.prediction.prophet_model: Prophet forecast error for 湖南农业大学门户/security_score: 'Prophet' object has no attribute 'stan_backend'
2026-05-17 10:34:01 [INFO] __main__: Collection cycle complete — 1 targets processed
2026-05-17 10:35:21 [ERROR] src.collection.threat_intel: OTX query error for 218.104.146.107: HTTPSConnectionPool(host='otx.alienvault.com', port=443): Read timed out. (read timeout=15)
2026-05-17 10:35:21 [INFO] src.scoring.health_score: Health score for 湖南农业大学门户: 97.9
2026-05-17 10:35:21 [ERROR] src.prediction.prophet_model: Prophet forecast error for 湖南农业大学门户/availability_score: 'Prophet' object has no attribute 'stan_backend'
2026-05-17 10:35:21 [ERROR] src.prediction.prophet_model: Prophet forecast error for 湖南农业大学门户/response_time_score: 'Prophet' object has no attribute 'stan_backend'
2026-05-17 10:35:21 [INFO] __main__: Collection cycle complete — 1 targets processed
2026-05-17 10:36:25 [INFO] src.scoring.health_score: Health score for 湖南农业大学门户: 99.8
2026-05-17 10:36:25 [ERROR] src.prediction.prophet_model: Prophet forecast error for 湖南农业大学门户/availability_score: 'Prophet' object has no attribute 'stan_backend'
2026-05-17 10:36:25 [ERROR] src.prediction.prophet_model: Prophet forecast error for 湖南农业大学门户/response_time_score: 'Prophet' object has no attribute 'stan_backend'
2026-05-17 10:36:25 [ERROR] src.prediction.prophet_model: Prophet forecast error for 湖南农业大学门户/security_score: 'Prophet' object has no attribute 'stan_backend'
2026-05-17 10:36:25 [INFO] __main__: Collection cycle complete — 1 targets processed
2026-05-17 10:37:29 [INFO] src.scoring.health_score: Health score for 湖南农业大学门户: 99.1
2026-05-17 10:37:29 [ERROR] src.prediction.prophet_model: Prophet forecast error for 湖南农业大学门户/availability_score: 'Prophet' object has no attribute 'stan_backend'
2026-05-17 10:37:29 [ERROR] src.prediction.prophet_model: Prophet forecast error for 湖南农业大学门户/response_time_score: 'Prophet' object has no attribute 'stan_backend'
2026-05-17 10:37:29 [ERROR] src.prediction.prophet_model: Prophet forecast error for 湖南农业大学门户/security_score: 'Prophet' object has no attribute 'stan_backend'
2026-05-17 10:37:29 [INFO] __main__: Collection cycle complete — 1 targets processed
2026-05-17 10:38:34 [INFO] src.scoring.health_score: Health score for 湖南农业大学门户: 97.9
2026-05-17 10:38:34 [ERROR] src.prediction.prophet_model: Prophet forecast error for 湖南农业大学门户/availability_score: 'Prophet' object has no attribute 'stan_backend'
2026-05-17 10:38:34 [ERROR] src.prediction.prophet_model: Prophet forecast error for 湖南农业大学门户/response_time_score: 'Prophet' object has no attribute 'stan_backend'
2026-05-17 10:38:34 [ERROR] src.prediction.prophet_model: Prophet forecast error for 湖南农业大学门户/security_score: 'Prophet' object has no attribute 'stan_backend'
2026-05-17 10:38:34 [INFO] __main__: Collection cycle complete — 1 targets processed
2026-05-17 10:39:39 [INFO] src.scoring.health_score: Health score for 湖南农业大学门户: 97.9
2026-05-17 10:39:39 [ERROR] src.prediction.prophet_model: Prophet forecast error for 湖南农业大学门户/availability_score: 'Prophet' object has no attribute 'stan_backend'
2026-05-17 10:39:39 [ERROR] src.prediction.prophet_model: Prophet forecast error for 湖南农业大学门户/response_time_score: 'Prophet' object has no attribute 'stan_backend'
2026-05-17 10:39:39 [ERROR] src.prediction.prophet_model: Prophet forecast error for 湖南农业大学门户/security_score: 'Prophet' object has no attribute 'stan_backend'
2026-05-17 10:39:39 [INFO] __main__: Collection cycle complete — 1 targets processed
2026-05-17 10:40:46 [INFO] src.scoring.health_score: Health score for 湖南农业大学门户: 93.9
2026-05-17 10:40:46 [ERROR] src.prediction.prophet_model: Prophet forecast error for 湖南农业大学门户/availability_score: 'Prophet' object has no attribute 'stan_backend'
2026-05-17 10:40:46 [ERROR] src.prediction.prophet_model: Prophet forecast error for 湖南农业大学门户/response_time_score: 'Prophet' object has no attribute 'stan_backend'
2026-05-17 10:40:46 [ERROR] src.prediction.prophet_model: Prophet forecast error for 湖南农业大学门户/security_score: 'Prophet' object has no attribute 'stan_backend'
2026-05-17 10:40:46 [INFO] __main__: Collection cycle complete — 1 targets processed
2026-05-17 10:41:50 [INFO] src.scoring.health_score: Health score for 湖南农业大学门户: 99.7
2026-05-17 10:41:50 [ERROR] src.prediction.prophet_model: Prophet forecast error for 湖南农业大学门户/availability_score: 'Prophet' object has no attribute 'stan_backend'
2026-05-17 10:41:50 [ERROR] src.prediction.prophet_model: Prophet forecast error for 湖南农业大学门户/response_time_score: 'Prophet' object has no attribute 'stan_backend'
2026-05-17 10:41:50 [ERROR] src.prediction.prophet_model: Prophet forecast error for 湖南农业大学门户/security_score: 'Prophet' object has no attribute 'stan_backend'
2026-05-17 10:41:50 [INFO] __main__: Collection cycle complete — 1 targets processed
2026-05-17 10:42:54 [INFO] src.scoring.health_score: Health score for 湖南农业大学门户: 99.5
2026-05-17 10:42:54 [ERROR] src.prediction.prophet_model: Prophet forecast error for 湖南农业大学门户/availability_score: 'Prophet' object has no attribute 'stan_backend'
2026-05-17 10:42:54 [ERROR] src.prediction.prophet_model: Prophet forecast error for 湖南农业大学门户/response_time_score: 'Prophet' object has no attribute 'stan_backend'
2026-05-17 10:42:54 [ERROR] src.prediction.prophet_model: Prophet forecast error for 湖南农业大学门户/security_score: 'Prophet' object has no attribute 'stan_backend'
2026-05-17 10:42:54 [INFO] __main__: Collection cycle complete — 1 targets processed
2026-05-17 11:04:40 [INFO] src.scoring.health_score: Health score for 湖南农业大学门户: 99.3
2026-05-17 11:04:40 [ERROR] src.prediction.prophet_model: Prophet forecast error for 湖南农业大学门户/availability_score: 'Prophet' object has no attribute 'stan_backend'
2026-05-17 11:04:40 [ERROR] src.prediction.prophet_model: Prophet forecast error for 湖南农业大学门户/response_time_score: 'Prophet' object has no attribute 'stan_backend'
2026-05-17 11:04:40 [ERROR] src.prediction.prophet_model: Prophet forecast error for 湖南农业大学门户/security_score: 'Prophet' object has no attribute 'stan_backend'
2026-05-17 11:04:40 [INFO] __main__: Collection cycle complete — 1 targets processed
2026-05-17 11:05:47 [INFO] src.scoring.health_score: Health score for 湖南农业大学门户: 93.9
2026-05-17 11:05:47 [ERROR] src.prediction.prophet_model: Prophet forecast error for 湖南农业大学门户/availability_score: 'Prophet' object has no attribute 'stan_backend'
2026-05-17 11:05:47 [ERROR] src.prediction.prophet_model: Prophet forecast error for 湖南农业大学门户/response_time_score: 'Prophet' object has no attribute 'stan_backend'
2026-05-17 11:05:47 [ERROR] src.prediction.prophet_model: Prophet forecast error for 湖南农业大学门户/security_score: 'Prophet' object has no attribute 'stan_backend'
2026-05-17 11:05:47 [INFO] __main__: Collection cycle complete — 1 targets processed
2026-05-17 11:06:51 [INFO] src.scoring.health_score: Health score for 湖南农业大学门户: 99.7
2026-05-17 11:06:51 [ERROR] src.prediction.prophet_model: Prophet forecast error for 湖南农业大学门户/availability_score: 'Prophet' object has no attribute 'stan_backend'
2026-05-17 11:06:51 [ERROR] src.prediction.prophet_model: Prophet forecast error for 湖南农业大学门户/response_time_score: 'Prophet' object has no attribute 'stan_backend'
2026-05-17 11:06:51 [ERROR] src.prediction.prophet_model: Prophet forecast error for 湖南农业大学门户/security_score: 'Prophet' object has no attribute 'stan_backend'
2026-05-17 11:06:51 [INFO] __main__: Collection cycle complete — 1 targets processed
2026-05-17 11:07:55 [INFO] src.scoring.health_score: Health score for 湖南农业大学门户: 99.8
2026-05-17 11:07:55 [ERROR] src.prediction.prophet_model: Prophet forecast error for 湖南农业大学门户/availability_score: 'Prophet' object has no attribute 'stan_backend'
2026-05-17 11:07:55 [ERROR] src.prediction.prophet_model: Prophet forecast error for 湖南农业大学门户/response_time_score: 'Prophet' object has no attribute 'stan_backend'
2026-05-17 11:07:55 [ERROR] src.prediction.prophet_model: Prophet forecast error for 湖南农业大学门户/security_score: 'Prophet' object has no attribute 'stan_backend'
2026-05-17 11:07:55 [INFO] __main__: Collection cycle complete — 1 targets processed
2026-05-17 11:08:59 [INFO] src.scoring.health_score: Health score for 湖南农业大学门户: 99.8
2026-05-17 11:08:59 [ERROR] src.prediction.prophet_model: Prophet forecast error for 湖南农业大学门户/availability_score: 'Prophet' object has no attribute 'stan_backend'
2026-05-17 11:08:59 [ERROR] src.prediction.prophet_model: Prophet forecast error for 湖南农业大学门户/response_time_score: 'Prophet' object has no attribute 'stan_backend'
2026-05-17 11:08:59 [ERROR] src.prediction.prophet_model: Prophet forecast error for 湖南农业大学门户/security_score: 'Prophet' object has no attribute 'stan_backend'
2026-05-17 11:08:59 [INFO] __main__: Collection cycle complete — 1 targets processed
2026-05-17 11:10:04 [INFO] src.scoring.health_score: Health score for 湖南农业大学门户: 99.3
2026-05-17 11:10:04 [ERROR] src.prediction.prophet_model: Prophet forecast error for 湖南农业大学门户/availability_score: 'Prophet' object has no attribute 'stan_backend'
2026-05-17 11:10:04 [ERROR] src.prediction.prophet_model: Prophet forecast error for 湖南农业大学门户/response_time_score: 'Prophet' object has no attribute 'stan_backend'
2026-05-17 11:10:04 [ERROR] src.prediction.prophet_model: Prophet forecast error for 湖南农业大学门户/security_score: 'Prophet' object has no attribute 'stan_backend'
2026-05-17 11:10:04 [INFO] __main__: Collection cycle complete — 1 targets processed
2026-05-17 11:11:11 [INFO] src.scoring.health_score: Health score for 湖南农业大学门户: 93.7
2026-05-17 11:11:11 [ERROR] src.prediction.prophet_model: Prophet forecast error for 湖南农业大学门户/availability_score: 'Prophet' object has no attribute 'stan_backend'
2026-05-17 11:11:11 [ERROR] src.prediction.prophet_model: Prophet forecast error for 湖南农业大学门户/response_time_score: 'Prophet' object has no attribute 'stan_backend'
2026-05-17 11:11:11 [ERROR] src.prediction.prophet_model: Prophet forecast error for 湖南农业大学门户/security_score: 'Prophet' object has no attribute 'stan_backend'
2026-05-17 11:11:11 [INFO] __main__: Collection cycle complete — 1 targets processed
2026-05-17 11:12:15 [INFO] src.scoring.health_score: Health score for 湖南农业大学门户: 99.8
2026-05-17 11:12:15 [ERROR] src.prediction.prophet_model: Prophet forecast error for 湖南农业大学门户/availability_score: 'Prophet' object has no attribute 'stan_backend'
2026-05-17 11:12:15 [ERROR] src.prediction.prophet_model: Prophet forecast error for 湖南农业大学门户/response_time_score: 'Prophet' object has no attribute 'stan_backend'
2026-05-17 11:12:15 [ERROR] src.prediction.prophet_model: Prophet forecast error for 湖南农业大学门户/security_score: 'Prophet' object has no attribute 'stan_backend'
2026-05-17 11:12:15 [INFO] __main__: Collection cycle complete — 1 targets processed
2026-05-17 11:13:19 [INFO] src.scoring.health_score: Health score for 湖南农业大学门户: 99.7
2026-05-17 11:13:19 [ERROR] src.prediction.prophet_model: Prophet forecast error for 湖南农业大学门户/availability_score: 'Prophet' object has no attribute 'stan_backend'
2026-05-17 11:13:19 [ERROR] src.prediction.prophet_model: Prophet forecast error for 湖南农业大学门户/response_time_score: 'Prophet' object has no attribute 'stan_backend'
2026-05-17 11:13:19 [ERROR] src.prediction.prophet_model: Prophet forecast error for 湖南农业大学门户/security_score: 'Prophet' object has no attribute 'stan_backend'
2026-05-17 11:13:19 [INFO] __main__: Collection cycle complete — 1 targets processed
2026-05-17 11:14:38 [ERROR] src.collection.threat_intel: OTX query error for 218.104.146.107: HTTPSConnectionPool(host='otx.alienvault.com', port=443): Read timed out. (read timeout=15)
2026-05-17 11:14:38 [INFO] src.scoring.health_score: Health score for 湖南农业大学门户: 99.5
2026-05-17 11:14:38 [ERROR] src.prediction.prophet_model: Prophet forecast error for 湖南农业大学门户/availability_score: 'Prophet' object has no attribute 'stan_backend'
2026-05-17 11:14:38 [ERROR] src.prediction.prophet_model: Prophet forecast error for 湖南农业大学门户/response_time_score: 'Prophet' object has no attribute 'stan_backend'
2026-05-17 11:14:38 [INFO] __main__: Collection cycle complete — 1 targets processed
2026-05-17 11:15:53 [INFO] src.scoring.health_score: Health score for 湖南农业大学门户: 99.8
2026-05-17 11:15:54 [ERROR] src.prediction.prophet_model: Prophet forecast error for 湖南农业大学门户/availability_score: 'Prophet' object has no attribute 'stan_backend'
2026-05-17 11:15:54 [ERROR] src.prediction.prophet_model: Prophet forecast error for 湖南农业大学门户/response_time_score: 'Prophet' object has no attribute 'stan_backend'
2026-05-17 11:15:54 [ERROR] src.prediction.prophet_model: Prophet forecast error for 湖南农业大学门户/security_score: 'Prophet' object has no attribute 'stan_backend'
2026-05-17 11:15:54 [INFO] __main__: Collection cycle complete — 1 targets processed
2026-05-17 11:16:58 [INFO] src.scoring.health_score: Health score for 湖南农业大学门户: 99.2
2026-05-17 11:16:58 [ERROR] src.prediction.prophet_model: Prophet forecast error for 湖南农业大学门户/availability_score: 'Prophet' object has no attribute 'stan_backend'
2026-05-17 11:16:58 [ERROR] src.prediction.prophet_model: Prophet forecast error for 湖南农业大学门户/response_time_score: 'Prophet' object has no attribute 'stan_backend'
2026-05-17 11:16:58 [ERROR] src.prediction.prophet_model: Prophet forecast error for 湖南农业大学门户/security_score: 'Prophet' object has no attribute 'stan_backend'
2026-05-17 11:16:58 [INFO] __main__: Collection cycle complete — 1 targets processed
2026-05-17 11:18:17 [ERROR] src.collection.threat_intel: OTX query error for 218.104.146.107: HTTPSConnectionPool(host='otx.alienvault.com', port=443): Read timed out. (read timeout=15)
2026-05-17 11:18:18 [INFO] src.scoring.health_score: Health score for 湖南农业大学门户: 98.6
2026-05-17 11:18:18 [ERROR] src.prediction.prophet_model: Prophet forecast error for 湖南农业大学门户/availability_score: 'Prophet' object has no attribute 'stan_backend'
2026-05-17 11:18:18 [ERROR] src.prediction.prophet_model: Prophet forecast error for 湖南农业大学门户/response_time_score: 'Prophet' object has no attribute 'stan_backend'
2026-05-17 11:18:18 [INFO] __main__: Collection cycle complete — 1 targets processed
2026-05-17 11:19:37 [ERROR] src.collection.threat_intel: OTX query error for 218.104.146.107: HTTPSConnectionPool(host='otx.alienvault.com', port=443): Read timed out. (read timeout=15)
2026-05-17 11:19:37 [INFO] src.scoring.health_score: Health score for 湖南农业大学门户: 98.6
2026-05-17 11:19:37 [ERROR] src.prediction.prophet_model: Prophet forecast error for 湖南农业大学门户/availability_score: 'Prophet' object has no attribute 'stan_backend'
2026-05-17 11:19:37 [ERROR] src.prediction.prophet_model: Prophet forecast error for 湖南农业大学门户/response_time_score: 'Prophet' object has no attribute 'stan_backend'
2026-05-17 11:19:37 [INFO] __main__: Collection cycle complete — 1 targets processed
2026-05-17 11:20:48 [INFO] src.scoring.health_score: Health score for 湖南农业大学门户: 93.8
2026-05-17 11:20:48 [ERROR] src.prediction.prophet_model: Prophet forecast error for 湖南农业大学门户/availability_score: 'Prophet' object has no attribute 'stan_backend'
2026-05-17 11:20:48 [ERROR] src.prediction.prophet_model: Prophet forecast error for 湖南农业大学门户/response_time_score: 'Prophet' object has no attribute 'stan_backend'
2026-05-17 11:20:48 [ERROR] src.prediction.prophet_model: Prophet forecast error for 湖南农业大学门户/security_score: 'Prophet' object has no attribute 'stan_backend'
2026-05-17 11:20:48 [INFO] __main__: Collection cycle complete — 1 targets processed
2026-05-17 11:21:52 [INFO] src.scoring.health_score: Health score for 湖南农业大学门户: 99.5
2026-05-17 11:21:52 [ERROR] src.prediction.prophet_model: Prophet forecast error for 湖南农业大学门户/availability_score: 'Prophet' object has no attribute 'stan_backend'
2026-05-17 11:21:52 [ERROR] src.prediction.prophet_model: Prophet forecast error for 湖南农业大学门户/response_time_score: 'Prophet' object has no attribute 'stan_backend'
2026-05-17 11:21:52 [ERROR] src.prediction.prophet_model: Prophet forecast error for 湖南农业大学门户/security_score: 'Prophet' object has no attribute 'stan_backend'
2026-05-17 11:21:52 [INFO] __main__: Collection cycle complete — 1 targets processed
2026-05-17 11:23:02 [INFO] src.scoring.health_score: Health score for 湖南农业大学门户: 99.1
2026-05-17 11:23:02 [ERROR] src.prediction.prophet_model: Prophet forecast error for 湖南农业大学门户/availability_score: 'Prophet' object has no attribute 'stan_backend'
2026-05-17 11:23:02 [ERROR] src.prediction.prophet_model: Prophet forecast error for 湖南农业大学门户/response_time_score: 'Prophet' object has no attribute 'stan_backend'
2026-05-17 11:23:02 [ERROR] src.prediction.prophet_model: Prophet forecast error for 湖南农业大学门户/security_score: 'Prophet' object has no attribute 'stan_backend'
2026-05-17 11:23:02 [INFO] __main__: Collection cycle complete — 1 targets processed
2026-05-17 11:24:02 [WARNING] src.collection.http_probe: HTTP probe connection error: https://www.hunau.edu.cn
2026-05-17 11:24:09 [ERROR] src.collection.threat_intel: OTX query error for 218.104.146.107: HTTPSConnectionPool(host='otx.alienvault.com', port=443): Max retries exceeded with url: /api/v1/indicators/IPv4/218.104.146.107/general (Caused by NameResolutionError("HTTPSConnection(host='otx.alienvault.com', port=443): Failed to resolve 'otx.alienvault.com' ([Errno 11001] getaddrinfo failed)"))
2026-05-17 11:24:09 [INFO] src.scoring.health_score: Health score for 湖南农业大学门户: 0.0
2026-05-17 11:24:09 [WARNING] src.rules.alert_manager: ALERT [critical] 湖南农业大学门户: 服务健康度评分下降至 0.0 分（阈值 60 分）
2026-05-17 11:24:09 [ERROR] src.prediction.prophet_model: Prophet forecast error for 湖南农业大学门户/availability_score: 'Prophet' object has no attribute 'stan_backend'
2026-05-17 11:24:09 [INFO] __main__: Collection cycle complete — 1 targets processed
2026-05-17 11:25:09 [WARNING] src.collection.http_probe: HTTP probe connection error: https://www.hunau.edu.cn
2026-05-17 11:25:21 [ERROR] src.collection.threat_intel: OTX query error for 218.104.146.107: HTTPSConnectionPool(host='otx.alienvault.com', port=443): Max retries exceeded with url: /api/v1/indicators/IPv4/218.104.146.107/general (Caused by NameResolutionError("HTTPSConnection(host='otx.alienvault.com', port=443): Failed to resolve 'otx.alienvault.com' ([Errno 11001] getaddrinfo failed)"))
2026-05-17 11:25:21 [INFO] src.scoring.health_score: Health score for 湖南农业大学门户: 0.0
2026-05-17 11:25:21 [ERROR] src.prediction.prophet_model: Prophet forecast error for 湖南农业大学门户/availability_score: 'Prophet' object has no attribute 'stan_backend'
2026-05-17 11:25:21 [INFO] __main__: Collection cycle complete — 1 targets processed
2026-05-17 11:31:32 [INFO] src.scoring.health_score: Health score for 湖南农业大学门户: 93.4
2026-05-17 11:31:32 [ERROR] src.prediction.prophet_model: Prophet forecast error for 湖南农业大学门户/availability_score: 'Prophet' object has no attribute 'stan_backend'
2026-05-17 11:31:32 [ERROR] src.prediction.prophet_model: Prophet forecast error for 湖南农业大学门户/response_time_score: 'Prophet' object has no attribute 'stan_backend'
2026-05-17 11:31:32 [ERROR] src.prediction.prophet_model: Prophet forecast error for 湖南农业大学门户/security_score: 'Prophet' object has no attribute 'stan_backend'
2026-05-17 11:31:32 [INFO] __main__: Collection cycle complete — 1 targets processed
2026-05-17 11:32:40 [INFO] src.scoring.health_score: Health score for 湖南农业大学门户: 93.8
2026-05-17 11:32:40 [ERROR] src.prediction.prophet_model: Prophet forecast error for 湖南农业大学门户/availability_score: 'Prophet' object has no attribute 'stan_backend'
2026-05-17 11:32:40 [ERROR] src.prediction.prophet_model: Prophet forecast error for 湖南农业大学门户/response_time_score: 'Prophet' object has no attribute 'stan_backend'
2026-05-17 11:32:40 [ERROR] src.prediction.prophet_model: Prophet forecast error for 湖南农业大学门户/security_score: 'Prophet' object has no attribute 'stan_backend'
2026-05-17 11:32:40 [INFO] __main__: Collection cycle complete — 1 targets processed
2026-05-17 11:33:44 [INFO] src.scoring.health_score: Health score for 湖南农业大学门户: 99.4
2026-05-17 11:33:44 [ERROR] src.prediction.prophet_model: Prophet forecast error for 湖南农业大学门户/availability_score: 'Prophet' object has no attribute 'stan_backend'
2026-05-17 11:33:44 [ERROR] src.prediction.prophet_model: Prophet forecast error for 湖南农业大学门户/response_time_score: 'Prophet' object has no attribute 'stan_backend'
2026-05-17 11:33:44 [ERROR] src.prediction.prophet_model: Prophet forecast error for 湖南农业大学门户/security_score: 'Prophet' object has no attribute 'stan_backend'
2026-05-17 11:33:44 [INFO] __main__: Collection cycle complete — 1 targets processed
2026-05-17 11:47:25 [INFO] src.scoring.health_score: Health score for 湖南农业大学门户: 99.2
2026-05-17 11:47:25 [ERROR] src.prediction.prophet_model: Prophet forecast error for 湖南农业大学门户/availability_score: 'Prophet' object has no attribute 'stan_backend'
2026-05-17 11:47:25 [ERROR] src.prediction.prophet_model: Prophet forecast error for 湖南农业大学门户/response_time_score: 'Prophet' object has no attribute 'stan_backend'
2026-05-17 11:47:25 [ERROR] src.prediction.prophet_model: Prophet forecast error for 湖南农业大学门户/security_score: 'Prophet' object has no attribute 'stan_backend'
2026-05-17 11:47:25 [INFO] __main__: Collection cycle complete — 1 targets processed
2026-05-17 11:48:30 [INFO] src.scoring.health_score: Health score for 湖南农业大学门户: 97.5
2026-05-17 11:48:30 [ERROR] src.prediction.prophet_model: Prophet forecast error for 湖南农业大学门户/availability_score: 'Prophet' object has no attribute 'stan_backend'
2026-05-17 11:48:30 [ERROR] src.prediction.prophet_model: Prophet forecast error for 湖南农业大学门户/response_time_score: 'Prophet' object has no attribute 'stan_backend'
2026-05-17 11:48:30 [ERROR] src.prediction.prophet_model: Prophet forecast error for 湖南农业大学门户/security_score: 'Prophet' object has no attribute 'stan_backend'
2026-05-17 11:48:30 [INFO] __main__: Collection cycle complete — 1 targets processed
2026-05-17 11:49:35 [INFO] src.scoring.health_score: Health score for 湖南农业大学门户: 99.1
2026-05-17 11:49:35 [ERROR] src.prediction.prophet_model: Prophet forecast error for 湖南农业大学门户/availability_score: 'Prophet' object has no attribute 'stan_backend'
2026-05-17 11:49:35 [ERROR] src.prediction.prophet_model: Prophet forecast error for 湖南农业大学门户/response_time_score: 'Prophet' object has no attribute 'stan_backend'
2026-05-17 11:49:35 [ERROR] src.prediction.prophet_model: Prophet forecast error for 湖南农业大学门户/security_score: 'Prophet' object has no attribute 'stan_backend'
2026-05-17 11:49:35 [INFO] __main__: Collection cycle complete — 1 targets processed
2026-05-17 11:50:42 [INFO] src.scoring.health_score: Health score for 湖南农业大学门户: 93.5
2026-05-17 11:50:42 [ERROR] src.prediction.prophet_model: Prophet forecast error for 湖南农业大学门户/availability_score: 'Prophet' object has no attribute 'stan_backend'
2026-05-17 11:50:42 [ERROR] src.prediction.prophet_model: Prophet forecast error for 湖南农业大学门户/response_time_score: 'Prophet' object has no attribute 'stan_backend'
2026-05-17 11:50:42 [ERROR] src.prediction.prophet_model: Prophet forecast error for 湖南农业大学门户/security_score: 'Prophet' object has no attribute 'stan_backend'
2026-05-17 11:50:42 [INFO] __main__: Collection cycle complete — 1 targets processed
2026-05-17 11:51:56 [INFO] src.scoring.health_score: Health score for 湖南农业大学门户: 99.3
2026-05-17 11:51:56 [ERROR] src.prediction.prophet_model: Prophet forecast error for 湖南农业大学门户/availability_score: 'Prophet' object has no attribute 'stan_backend'
2026-05-17 11:51:56 [ERROR] src.prediction.prophet_model: Prophet forecast error for 湖南农业大学门户/response_time_score: 'Prophet' object has no attribute 'stan_backend'
2026-05-17 11:51:56 [ERROR] src.prediction.prophet_model: Prophet forecast error for 湖南农业大学门户/security_score: 'Prophet' object has no attribute 'stan_backend'
2026-05-17 11:51:56 [INFO] __main__: Collection cycle complete — 1 targets processed
2026-05-17 11:53:01 [INFO] src.storage.db: Database initialised at C:\internet_awareness\data\awareness.db
2026-05-17 11:53:01 [INFO] __main__: Starting standalone collector
2026-05-17 11:53:21 [INFO] src.scoring.health_score: Health score for 字节跳动官网: 62.5
2026-05-17 11:53:21 [INFO] src.scoring.health_score: Health score for 湖南农业大学门户: 99.5
2026-05-17 11:53:21 [INFO] src.scoring.health_score: Health score for 湖南省人民政府: 62.5
2026-05-17 11:53:21 [INFO] src.scoring.health_score: Health score for 腾讯官网: 62.5
2026-05-17 11:53:21 [ERROR] src.prediction.prophet_model: Prophet forecast error for 湖南农业大学门户/availability_score: 'Prophet' object has no attribute 'stan_backend'
2026-05-17 11:53:21 [ERROR] src.prediction.prophet_model: Prophet forecast error for 湖南农业大学门户/response_time_score: 'Prophet' object has no attribute 'stan_backend'
2026-05-17 11:53:21 [ERROR] src.prediction.prophet_model: Prophet forecast error for 湖南农业大学门户/security_score: 'Prophet' object has no attribute 'stan_backend'
2026-05-17 11:53:21 [INFO] __main__: Collection cycle complete — 4 targets processed
2026-05-17 11:54:34 [INFO] src.scoring.health_score: Health score for 字节跳动官网: 66.7
2026-05-17 11:54:35 [INFO] src.scoring.health_score: Health score for 湖南农业大学门户: 99.3
2026-05-17 11:54:35 [INFO] src.scoring.health_score: Health score for 湖南省人民政府: 62.5
2026-05-17 11:54:35 [INFO] src.scoring.health_score: Health score for 腾讯官网: 69.1
2026-05-17 11:54:35 [ERROR] src.prediction.prophet_model: Prophet forecast error for 湖南农业大学门户/availability_score: 'Prophet' object has no attribute 'stan_backend'
2026-05-17 11:54:35 [ERROR] src.prediction.prophet_model: Prophet forecast error for 湖南农业大学门户/response_time_score: 'Prophet' object has no attribute 'stan_backend'
2026-05-17 11:54:35 [ERROR] src.prediction.prophet_model: Prophet forecast error for 湖南农业大学门户/security_score: 'Prophet' object has no attribute 'stan_backend'
2026-05-17 11:54:35 [INFO] __main__: Collection cycle complete — 4 targets processed
2026-05-17 11:55:45 [INFO] src.scoring.health_score: Health score for 字节跳动官网: 77.7
2026-05-17 11:55:45 [INFO] src.scoring.health_score: Health score for 湖南农业大学门户: 99.3
2026-05-17 11:55:45 [INFO] src.scoring.health_score: Health score for 湖南省人民政府: 64.5
2026-05-17 11:55:45 [INFO] src.scoring.health_score: Health score for 腾讯官网: 89.0
2026-05-17 11:55:45 [ERROR] src.prediction.prophet_model: Prophet forecast error for 湖南农业大学门户/availability_score: 'Prophet' object has no attribute 'stan_backend'
2026-05-17 11:55:45 [ERROR] src.prediction.prophet_model: Prophet forecast error for 湖南农业大学门户/response_time_score: 'Prophet' object has no attribute 'stan_backend'
2026-05-17 11:55:45 [ERROR] src.prediction.prophet_model: Prophet forecast error for 湖南农业大学门户/security_score: 'Prophet' object has no attribute 'stan_backend'
2026-05-17 11:55:45 [INFO] __main__: Collection cycle complete — 4 targets processed
2026-05-17 11:56:57 [INFO] src.scoring.health_score: Health score for 字节跳动官网: 76.7
2026-05-17 11:56:57 [INFO] src.scoring.health_score: Health score for 湖南农业大学门户: 99.0
2026-05-17 11:56:57 [INFO] src.scoring.health_score: Health score for 湖南省人民政府: 74.9
2026-05-17 11:56:57 [INFO] src.scoring.health_score: Health score for 腾讯官网: 70.9
2026-05-17 11:56:57 [ERROR] src.prediction.prophet_model: Prophet forecast error for 湖南农业大学门户/availability_score: 'Prophet' object has no attribute 'stan_backend'
2026-05-17 11:56:57 [ERROR] src.prediction.prophet_model: Prophet forecast error for 湖南农业大学门户/response_time_score: 'Prophet' object has no attribute 'stan_backend'
2026-05-17 11:56:57 [ERROR] src.prediction.prophet_model: Prophet forecast error for 湖南农业大学门户/security_score: 'Prophet' object has no attribute 'stan_backend'
2026-05-17 11:56:57 [INFO] __main__: Collection cycle complete — 4 targets processed
2026-05-17 11:58:08 [INFO] src.scoring.health_score: Health score for 字节跳动官网: 62.5
2026-05-17 11:58:08 [INFO] src.scoring.health_score: Health score for 湖南农业大学门户: 99.3
2026-05-17 11:58:08 [INFO] src.scoring.health_score: Health score for 湖南省人民政府: 81.0
2026-05-17 11:58:08 [INFO] src.scoring.health_score: Health score for 腾讯官网: 90.4
2026-05-17 11:58:08 [ERROR] src.prediction.prophet_model: Prophet forecast error for 湖南农业大学门户/availability_score: 'Prophet' object has no attribute 'stan_backend'
2026-05-17 11:58:08 [ERROR] src.prediction.prophet_model: Prophet forecast error for 湖南农业大学门户/response_time_score: 'Prophet' object has no attribute 'stan_backend'
2026-05-17 11:58:08 [ERROR] src.prediction.prophet_model: Prophet forecast error for 湖南农业大学门户/security_score: 'Prophet' object has no attribute 'stan_backend'
2026-05-17 11:58:08 [INFO] __main__: Collection cycle complete — 4 targets processed
2026-05-17 11:59:23 [INFO] src.scoring.health_score: Health score for 字节跳动官网: 83.0
2026-05-17 11:59:23 [INFO] src.scoring.health_score: Health score for 湖南农业大学门户: 97.5
2026-05-17 11:59:23 [INFO] src.scoring.health_score: Health score for 湖南省人民政府: 84.7
2026-05-17 11:59:23 [INFO] src.scoring.health_score: Health score for 腾讯官网: 93.2
2026-05-17 11:59:23 [ERROR] src.prediction.prophet_model: Prophet forecast error for 湖南农业大学门户/availability_score: 'Prophet' object has no attribute 'stan_backend'
2026-05-17 11:59:23 [ERROR] src.prediction.prophet_model: Prophet forecast error for 湖南农业大学门户/response_time_score: 'Prophet' object has no attribute 'stan_backend'
2026-05-17 11:59:23 [ERROR] src.prediction.prophet_model: Prophet forecast error for 湖南农业大学门户/security_score: 'Prophet' object has no attribute 'stan_backend'
2026-05-17 11:59:23 [INFO] __main__: Collection cycle complete — 4 targets processed
2026-05-17 12:00:34 [INFO] src.scoring.health_score: Health score for 字节跳动官网: 82.7
2026-05-17 12:00:34 [INFO] src.scoring.health_score: Health score for 湖南农业大学门户: 99.6
2026-05-17 12:00:34 [INFO] src.scoring.health_score: Health score for 湖南省人民政府: 79.6
2026-05-17 12:00:34 [INFO] src.scoring.health_score: Health score for 腾讯官网: 75.4
2026-05-17 12:00:34 [ERROR] src.prediction.prophet_model: Prophet forecast error for 湖南农业大学门户/availability_score: 'Prophet' object has no attribute 'stan_backend'
2026-05-17 12:00:34 [ERROR] src.prediction.prophet_model: Prophet forecast error for 湖南农业大学门户/response_time_score: 'Prophet' object has no attribute 'stan_backend'
2026-05-17 12:00:34 [ERROR] src.prediction.prophet_model: Prophet forecast error for 湖南农业大学门户/security_score: 'Prophet' object has no attribute 'stan_backend'
2026-05-17 12:00:34 [INFO] __main__: Collection cycle complete — 4 targets processed
2026-05-17 12:01:52 [INFO] src.scoring.health_score: Health score for 字节跳动官网: 79.8
2026-05-17 12:01:52 [INFO] src.scoring.health_score: Health score for 湖南农业大学门户: 85.6
2026-05-17 12:01:52 [INFO] src.scoring.health_score: Health score for 湖南省人民政府: 76.2
2026-05-17 12:01:52 [INFO] src.scoring.health_score: Health score for 腾讯官网: 94.0
2026-05-17 12:01:52 [ERROR] src.prediction.prophet_model: Prophet forecast error for 湖南农业大学门户/availability_score: 'Prophet' object has no attribute 'stan_backend'
2026-05-17 12:01:52 [ERROR] src.prediction.prophet_model: Prophet forecast error for 湖南农业大学门户/response_time_score: 'Prophet' object has no attribute 'stan_backend'
2026-05-17 12:01:52 [ERROR] src.prediction.prophet_model: Prophet forecast error for 湖南农业大学门户/security_score: 'Prophet' object has no attribute 'stan_backend'
2026-05-17 12:01:52 [INFO] __main__: Collection cycle complete — 4 targets processed
2026-05-17 12:03:03 [INFO] src.scoring.health_score: Health score for 字节跳动官网: 82.1
2026-05-17 12:03:03 [INFO] src.scoring.health_score: Health score for 湖南农业大学门户: 98.5
2026-05-17 12:03:03 [INFO] src.scoring.health_score: Health score for 湖南省人民政府: 82.5
2026-05-17 12:03:03 [INFO] src.scoring.health_score: Health score for 腾讯官网: 68.5
2026-05-17 12:03:03 [ERROR] src.prediction.prophet_model: Prophet forecast error for 湖南农业大学门户/availability_score: 'Prophet' object has no attribute 'stan_backend'
2026-05-17 12:03:03 [ERROR] src.prediction.prophet_model: Prophet forecast error for 湖南农业大学门户/response_time_score: 'Prophet' object has no attribute 'stan_backend'
2026-05-17 12:03:03 [ERROR] src.prediction.prophet_model: Prophet forecast error for 湖南农业大学门户/security_score: 'Prophet' object has no attribute 'stan_backend'
2026-05-17 12:03:03 [INFO] __main__: Collection cycle complete — 4 targets processed
2026-05-17 12:04:13 [INFO] src.scoring.health_score: Health score for 字节跳动官网: 80.9
2026-05-17 12:04:13 [INFO] src.scoring.health_score: Health score for 湖南农业大学门户: 99.6
2026-05-17 12:04:13 [INFO] src.scoring.health_score: Health score for 湖南省人民政府: 79.7
2026-05-17 12:04:13 [INFO] src.scoring.health_score: Health score for 腾讯官网: 89.6
2026-05-17 12:04:13 [ERROR] src.prediction.prophet_model: Prophet forecast error for 湖南农业大学门户/availability_score: 'Prophet' object has no attribute 'stan_backend'
2026-05-17 12:04:13 [ERROR] src.prediction.prophet_model: Prophet forecast error for 湖南农业大学门户/response_time_score: 'Prophet' object has no attribute 'stan_backend'
2026-05-17 12:04:13 [ERROR] src.prediction.prophet_model: Prophet forecast error for 湖南农业大学门户/security_score: 'Prophet' object has no attribute 'stan_backend'
2026-05-17 12:04:13 [INFO] __main__: Collection cycle complete — 4 targets processed
2026-05-17 12:05:24 [INFO] src.scoring.health_score: Health score for 字节跳动官网: 70.4
2026-05-17 12:05:24 [INFO] src.scoring.health_score: Health score for 湖南农业大学门户: 98.5
2026-05-17 12:05:24 [INFO] src.scoring.health_score: Health score for 湖南省人民政府: 76.6
2026-05-17 12:05:24 [INFO] src.scoring.health_score: Health score for 腾讯官网: 90.7
2026-05-17 12:05:24 [ERROR] src.prediction.prophet_model: Prophet forecast error for 湖南农业大学门户/availability_score: 'Prophet' object has no attribute 'stan_backend'
2026-05-17 12:05:24 [ERROR] src.prediction.prophet_model: Prophet forecast error for 湖南农业大学门户/response_time_score: 'Prophet' object has no attribute 'stan_backend'
2026-05-17 12:05:24 [ERROR] src.prediction.prophet_model: Prophet forecast error for 湖南农业大学门户/security_score: 'Prophet' object has no attribute 'stan_backend'
2026-05-17 12:05:24 [INFO] __main__: Collection cycle complete — 4 targets processed
2026-05-17 12:06:40 [INFO] src.scoring.health_score: Health score for 字节跳动官网: 80.0
2026-05-17 12:06:40 [INFO] src.scoring.health_score: Health score for 湖南农业大学门户: 99.7
2026-05-17 12:06:40 [INFO] src.scoring.health_score: Health score for 湖南省人民政府: 80.8
2026-05-17 12:06:40 [INFO] src.scoring.health_score: Health score for 腾讯官网: 91.7
2026-05-17 12:06:40 [ERROR] src.prediction.prophet_model: Prophet forecast error for 湖南农业大学门户/availability_score: 'Prophet' object has no attribute 'stan_backend'
2026-05-17 12:06:40 [ERROR] src.prediction.prophet_model: Prophet forecast error for 湖南农业大学门户/response_time_score: 'Prophet' object has no attribute 'stan_backend'
2026-05-17 12:06:40 [ERROR] src.prediction.prophet_model: Prophet forecast error for 湖南农业大学门户/security_score: 'Prophet' object has no attribute 'stan_backend'
2026-05-17 12:06:40 [INFO] __main__: Collection cycle complete — 4 targets processed
2026-05-17 12:07:56 [INFO] src.scoring.health_score: Health score for 字节跳动官网: 62.5
2026-05-17 12:07:56 [INFO] src.scoring.health_score: Health score for 湖南农业大学门户: 99.5
2026-05-17 12:07:56 [INFO] src.scoring.health_score: Health score for 湖南省人民政府: 80.6
2026-05-17 12:07:56 [INFO] src.scoring.health_score: Health score for 腾讯官网: 62.5
2026-05-17 12:07:56 [ERROR] src.prediction.prophet_model: Prophet forecast error for 湖南农业大学门户/availability_score: 'Prophet' object has no attribute 'stan_backend'
2026-05-17 12:07:56 [ERROR] src.prediction.prophet_model: Prophet forecast error for 湖南农业大学门户/response_time_score: 'Prophet' object has no attribute 'stan_backend'
2026-05-17 12:07:56 [ERROR] src.prediction.prophet_model: Prophet forecast error for 湖南农业大学门户/security_score: 'Prophet' object has no attribute 'stan_backend'
2026-05-17 12:07:56 [INFO] __main__: Collection cycle complete — 4 targets processed
2026-05-17 12:09:14 [INFO] src.scoring.health_score: Health score for 字节跳动官网: 85.1
2026-05-17 12:09:14 [INFO] src.scoring.health_score: Health score for 湖南农业大学门户: 96.8
2026-05-17 12:09:14 [INFO] src.scoring.health_score: Health score for 湖南省人民政府: 75.9
2026-05-17 12:09:14 [INFO] src.scoring.health_score: Health score for 腾讯官网: 90.4
2026-05-17 12:09:14 [ERROR] src.prediction.prophet_model: Prophet forecast error for 湖南农业大学门户/availability_score: 'Prophet' object has no attribute 'stan_backend'
2026-05-17 12:09:14 [ERROR] src.prediction.prophet_model: Prophet forecast error for 湖南农业大学门户/response_time_score: 'Prophet' object has no attribute 'stan_backend'
2026-05-17 12:09:14 [ERROR] src.prediction.prophet_model: Prophet forecast error for 湖南农业大学门户/security_score: 'Prophet' object has no attribute 'stan_backend'
2026-05-17 12:09:15 [INFO] __main__: Collection cycle complete — 4 targets processed
2026-05-17 12:10:26 [INFO] src.scoring.health_score: Health score for 字节跳动官网: 83.8
2026-05-17 12:10:26 [INFO] src.scoring.health_score: Health score for 湖南农业大学门户: 99.1
2026-05-17 12:10:26 [INFO] src.scoring.health_score: Health score for 湖南省人民政府: 74.2
2026-05-17 12:10:26 [INFO] src.scoring.health_score: Health score for 腾讯官网: 89.2
2026-05-17 12:10:26 [ERROR] src.prediction.prophet_model: Prophet forecast error for 湖南农业大学门户/availability_score: 'Prophet' object has no attribute 'stan_backend'
2026-05-17 12:10:26 [ERROR] src.prediction.prophet_model: Prophet forecast error for 湖南农业大学门户/response_time_score: 'Prophet' object has no attribute 'stan_backend'
2026-05-17 12:10:26 [ERROR] src.prediction.prophet_model: Prophet forecast error for 湖南农业大学门户/security_score: 'Prophet' object has no attribute 'stan_backend'
2026-05-17 12:10:26 [INFO] __main__: Collection cycle complete — 4 targets processed
2026-05-17 12:11:46 [INFO] src.scoring.health_score: Health score for 字节跳动官网: 73.3
2026-05-17 12:11:46 [INFO] src.scoring.health_score: Health score for 湖南农业大学门户: 99.1
2026-05-17 12:11:46 [INFO] src.scoring.health_score: Health score for 湖南省人民政府: 77.8
2026-05-17 12:11:46 [INFO] src.scoring.health_score: Health score for 腾讯官网: 62.5
2026-05-17 12:11:46 [ERROR] src.prediction.prophet_model: Prophet forecast error for 湖南农业大学门户/availability_score: 'Prophet' object has no attribute 'stan_backend'
2026-05-17 12:11:46 [ERROR] src.prediction.prophet_model: Prophet forecast error for 湖南农业大学门户/response_time_score: 'Prophet' object has no attribute 'stan_backend'
2026-05-17 12:11:46 [ERROR] src.prediction.prophet_model: Prophet forecast error for 湖南农业大学门户/security_score: 'Prophet' object has no attribute 'stan_backend'
2026-05-17 12:11:46 [INFO] __main__: Collection cycle complete — 4 targets processed
2026-05-17 12:13:06 [INFO] src.scoring.health_score: Health score for 字节跳动官网: 62.5
2026-05-17 12:13:06 [INFO] src.scoring.health_score: Health score for 湖南农业大学门户: 98.9
2026-05-17 12:13:06 [INFO] src.scoring.health_score: Health score for 湖南省人民政府: 79.8
2026-05-17 12:13:06 [INFO] src.scoring.health_score: Health score for 腾讯官网: 86.8
2026-05-17 12:13:07 [ERROR] src.prediction.prophet_model: Prophet forecast error for 湖南农业大学门户/availability_score: 'Prophet' object has no attribute 'stan_backend'
2026-05-17 12:13:07 [ERROR] src.prediction.prophet_model: Prophet forecast error for 湖南农业大学门户/response_time_score: 'Prophet' object has no attribute 'stan_backend'
2026-05-17 12:13:07 [ERROR] src.prediction.prophet_model: Prophet forecast error for 湖南农业大学门户/security_score: 'Prophet' object has no attribute 'stan_backend'
2026-05-17 12:13:07 [INFO] __main__: Collection cycle complete — 4 targets processed
2026-05-17 12:14:19 [INFO] src.scoring.health_score: Health score for 字节跳动官网: 91.2
2026-05-17 12:14:19 [INFO] src.scoring.health_score: Health score for 湖南农业大学门户: 97.1
2026-05-17 12:14:19 [INFO] src.scoring.health_score: Health score for 湖南省人民政府: 79.7
2026-05-17 12:14:19 [INFO] src.scoring.health_score: Health score for 腾讯官网: 76.8
2026-05-17 12:14:19 [ERROR] src.prediction.prophet_model: Prophet forecast error for 湖南农业大学门户/availability_score: 'Prophet' object has no attribute 'stan_backend'
2026-05-17 12:14:19 [ERROR] src.prediction.prophet_model: Prophet forecast error for 湖南农业大学门户/response_time_score: 'Prophet' object has no attribute 'stan_backend'
2026-05-17 12:14:19 [ERROR] src.prediction.prophet_model: Prophet forecast error for 湖南农业大学门户/security_score: 'Prophet' object has no attribute 'stan_backend'
2026-05-17 12:14:19 [INFO] __main__: Collection cycle complete — 4 targets processed
2026-05-17 12:15:29 [INFO] src.scoring.health_score: Health score for 字节跳动官网: 89.8
2026-05-17 12:15:29 [INFO] src.scoring.health_score: Health score for 湖南农业大学门户: 99.3
2026-05-17 12:15:29 [INFO] src.scoring.health_score: Health score for 湖南省人民政府: 83.3
2026-05-17 12:15:29 [INFO] src.scoring.health_score: Health score for 腾讯官网: 92.1
2026-05-17 12:15:29 [ERROR] src.prediction.prophet_model: Prophet forecast error for 湖南农业大学门户/availability_score: 'Prophet' object has no attribute 'stan_backend'
2026-05-17 12:15:29 [ERROR] src.prediction.prophet_model: Prophet forecast error for 湖南农业大学门户/response_time_score: 'Prophet' object has no attribute 'stan_backend'
2026-05-17 12:15:29 [ERROR] src.prediction.prophet_model: Prophet forecast error for 湖南农业大学门户/security_score: 'Prophet' object has no attribute 'stan_backend'
2026-05-17 12:15:29 [INFO] __main__: Collection cycle complete — 4 targets processed
2026-05-17 12:16:41 [INFO] src.scoring.health_score: Health score for 字节跳动官网: 86.6
2026-05-17 12:16:41 [INFO] src.scoring.health_score: Health score for 湖南农业大学门户: 99.4
2026-05-17 12:16:41 [INFO] src.scoring.health_score: Health score for 湖南省人民政府: 77.3
2026-05-17 12:16:41 [INFO] src.scoring.health_score: Health score for 腾讯官网: 80.4
2026-05-17 12:16:41 [ERROR] src.prediction.prophet_model: Prophet forecast error for 湖南农业大学门户/availability_score: 'Prophet' object has no attribute 'stan_backend'
2026-05-17 12:16:41 [ERROR] src.prediction.prophet_model: Prophet forecast error for 湖南农业大学门户/response_time_score: 'Prophet' object has no attribute 'stan_backend'
2026-05-17 12:16:41 [ERROR] src.prediction.prophet_model: Prophet forecast error for 湖南农业大学门户/security_score: 'Prophet' object has no attribute 'stan_backend'
2026-05-17 12:16:41 [INFO] __main__: Collection cycle complete — 4 targets processed
2026-05-17 12:17:52 [INFO] src.scoring.health_score: Health score for 字节跳动官网: 92.2
2026-05-17 12:17:52 [INFO] src.scoring.health_score: Health score for 湖南农业大学门户: 97.6
2026-05-17 12:17:52 [INFO] src.scoring.health_score: Health score for 湖南省人民政府: 75.1
2026-05-17 12:17:52 [INFO] src.scoring.health_score: Health score for 腾讯官网: 93.1
2026-05-17 12:17:53 [ERROR] src.prediction.prophet_model: Prophet forecast error for 湖南农业大学门户/availability_score: 'Prophet' object has no attribute 'stan_backend'
2026-05-17 12:17:53 [ERROR] src.prediction.prophet_model: Prophet forecast error for 湖南农业大学门户/response_time_score: 'Prophet' object has no attribute 'stan_backend'
2026-05-17 12:17:53 [ERROR] src.prediction.prophet_model: Prophet forecast error for 湖南农业大学门户/security_score: 'Prophet' object has no attribute 'stan_backend'
2026-05-17 12:17:53 [INFO] __main__: Collection cycle complete — 4 targets processed
2026-05-17 12:19:03 [INFO] src.scoring.health_score: Health score for 字节跳动官网: 91.0
2026-05-17 12:19:03 [INFO] src.scoring.health_score: Health score for 湖南农业大学门户: 98.9
2026-05-17 12:19:03 [INFO] src.scoring.health_score: Health score for 湖南省人民政府: 80.1
2026-05-17 12:19:03 [INFO] src.scoring.health_score: Health score for 腾讯官网: 76.4
2026-05-17 12:19:03 [ERROR] src.prediction.prophet_model: Prophet forecast error for 湖南农业大学门户/availability_score: 'Prophet' object has no attribute 'stan_backend'
2026-05-17 12:19:03 [ERROR] src.prediction.prophet_model: Prophet forecast error for 湖南农业大学门户/response_time_score: 'Prophet' object has no attribute 'stan_backend'
2026-05-17 12:19:04 [ERROR] src.prediction.prophet_model: Prophet forecast error for 湖南农业大学门户/security_score: 'Prophet' object has no attribute 'stan_backend'
2026-05-17 12:19:04 [INFO] __main__: Collection cycle complete — 4 targets processed
2026-05-17 12:20:14 [INFO] src.scoring.health_score: Health score for 字节跳动官网: 87.6
2026-05-17 12:20:14 [INFO] src.scoring.health_score: Health score for 湖南农业大学门户: 99.2
2026-05-17 12:20:14 [INFO] src.scoring.health_score: Health score for 湖南省人民政府: 78.2
2026-05-17 12:20:14 [INFO] src.scoring.health_score: Health score for 腾讯官网: 92.7
2026-05-17 12:20:14 [ERROR] src.prediction.prophet_model: Prophet forecast error for 湖南农业大学门户/availability_score: 'Prophet' object has no attribute 'stan_backend'
2026-05-17 12:20:14 [ERROR] src.prediction.prophet_model: Prophet forecast error for 湖南农业大学门户/response_time_score: 'Prophet' object has no attribute 'stan_backend'
2026-05-17 12:20:14 [ERROR] src.prediction.prophet_model: Prophet forecast error for 湖南农业大学门户/security_score: 'Prophet' object has no attribute 'stan_backend'
2026-05-17 12:20:14 [INFO] __main__: Collection cycle complete — 4 targets processed
2026-05-17 12:21:25 [INFO] src.scoring.health_score: Health score for 字节跳动官网: 91.7
2026-05-17 12:21:25 [INFO] src.scoring.health_score: Health score for 湖南农业大学门户: 99.7
2026-05-17 12:21:25 [INFO] src.scoring.health_score: Health score for 湖南省人民政府: 78.3
2026-05-17 12:21:25 [INFO] src.scoring.health_score: Health score for 腾讯官网: 76.7
2026-05-17 12:21:25 [ERROR] src.prediction.prophet_model: Prophet forecast error for 湖南农业大学门户/availability_score: 'Prophet' object has no attribute 'stan_backend'
2026-05-17 12:21:25 [ERROR] src.prediction.prophet_model: Prophet forecast error for 湖南农业大学门户/response_time_score: 'Prophet' object has no attribute 'stan_backend'
2026-05-17 12:21:25 [ERROR] src.prediction.prophet_model: Prophet forecast error for 湖南农业大学门户/security_score: 'Prophet' object has no attribute 'stan_backend'
2026-05-17 12:21:25 [INFO] __main__: Collection cycle complete — 4 targets processed
2026-05-17 12:22:37 [INFO] src.scoring.health_score: Health score for 字节跳动官网: 90.6
2026-05-17 12:22:37 [INFO] src.scoring.health_score: Health score for 湖南农业大学门户: 98.7
2026-05-17 12:22:37 [INFO] src.scoring.health_score: Health score for 湖南省人民政府: 83.1
2026-05-17 12:22:37 [INFO] src.scoring.health_score: Health score for 腾讯官网: 74.7
2026-05-17 12:22:37 [ERROR] src.prediction.prophet_model: Prophet forecast error for 湖南农业大学门户/availability_score: 'Prophet' object has no attribute 'stan_backend'
2026-05-17 12:22:37 [ERROR] src.prediction.prophet_model: Prophet forecast error for 湖南农业大学门户/response_time_score: 'Prophet' object has no attribute 'stan_backend'
2026-05-17 12:22:37 [ERROR] src.prediction.prophet_model: Prophet forecast error for 湖南农业大学门户/security_score: 'Prophet' object has no attribute 'stan_backend'
2026-05-17 12:22:37 [INFO] __main__: Collection cycle complete — 4 targets processed
2026-05-17 12:23:47 [INFO] src.scoring.health_score: Health score for 字节跳动官网: 90.5
2026-05-17 12:23:47 [INFO] src.scoring.health_score: Health score for 湖南农业大学门户: 98.5
2026-05-17 12:23:47 [INFO] src.scoring.health_score: Health score for 湖南省人民政府: 83.7
2026-05-17 12:23:47 [INFO] src.scoring.health_score: Health score for 腾讯官网: 92.7
2026-05-17 12:23:47 [ERROR] src.prediction.prophet_model: Prophet forecast error for 湖南农业大学门户/availability_score: 'Prophet' object has no attribute 'stan_backend'
2026-05-17 12:23:47 [ERROR] src.prediction.prophet_model: Prophet forecast error for 湖南农业大学门户/response_time_score: 'Prophet' object has no attribute 'stan_backend'
2026-05-17 12:23:47 [ERROR] src.prediction.prophet_model: Prophet forecast error for 湖南农业大学门户/security_score: 'Prophet' object has no attribute 'stan_backend'
2026-05-17 12:23:47 [INFO] __main__: Collection cycle complete — 4 targets processed
2026-05-17 12:24:58 [INFO] src.scoring.health_score: Health score for 字节跳动官网: 90.8
2026-05-17 12:24:58 [INFO] src.scoring.health_score: Health score for 湖南农业大学门户: 98.7
2026-05-17 12:24:58 [INFO] src.scoring.health_score: Health score for 湖南省人民政府: 81.7
2026-05-17 12:24:58 [INFO] src.scoring.health_score: Health score for 腾讯官网: 83.0
2026-05-17 12:24:58 [ERROR] src.prediction.prophet_model: Prophet forecast error for 湖南农业大学门户/availability_score: 'Prophet' object has no attribute 'stan_backend'
2026-05-17 12:24:58 [ERROR] src.prediction.prophet_model: Prophet forecast error for 湖南农业大学门户/response_time_score: 'Prophet' object has no attribute 'stan_backend'
2026-05-17 12:24:58 [ERROR] src.prediction.prophet_model: Prophet forecast error for 湖南农业大学门户/security_score: 'Prophet' object has no attribute 'stan_backend'
2026-05-17 12:24:58 [INFO] __main__: Collection cycle complete — 4 targets processed
2026-05-17 12:26:09 [INFO] src.scoring.health_score: Health score for 字节跳动官网: 91.1
2026-05-17 12:26:09 [INFO] src.scoring.health_score: Health score for 湖南农业大学门户: 99.7
2026-05-17 12:26:09 [INFO] src.scoring.health_score: Health score for 湖南省人民政府: 80.6
2026-05-17 12:26:09 [INFO] src.scoring.health_score: Health score for 腾讯官网: 92.7
2026-05-17 12:26:09 [ERROR] src.prediction.prophet_model: Prophet forecast error for 湖南农业大学门户/availability_score: 'Prophet' object has no attribute 'stan_backend'
2026-05-17 12:26:09 [ERROR] src.prediction.prophet_model: Prophet forecast error for 湖南农业大学门户/response_time_score: 'Prophet' object has no attribute 'stan_backend'
2026-05-17 12:26:09 [ERROR] src.prediction.prophet_model: Prophet forecast error for 湖南农业大学门户/security_score: 'Prophet' object has no attribute 'stan_backend'
2026-05-17 12:26:09 [INFO] __main__: Collection cycle complete — 4 targets processed
2026-05-17 12:27:33 [ERROR] src.collection.threat_intel: OTX query error for 116.162.169.116: HTTPSConnectionPool(host='otx.alienvault.com', port=443): Read timed out. (read timeout=15)
2026-05-17 12:27:34 [INFO] src.scoring.health_score: Health score for 字节跳动官网: 89.3
2026-05-17 12:27:34 [INFO] src.scoring.health_score: Health score for 湖南农业大学门户: 99.8
2026-05-17 12:27:34 [INFO] src.scoring.health_score: Health score for 湖南省人民政府: 70.1
2026-05-17 12:27:34 [ERROR] __main__: Collection cycle error: NOT NULL constraint failed: health_scores.score
Traceback (most recent call last):
  File "C:\internet_awareness\scheduler\collector_job.py", line 126, in _loop
    run_collection_cycle()
  File "C:\internet_awareness\scheduler\collector_job.py", line 110, in run_collection_cycle
    scores = health_score.compute_and_store(fused, db_path, weight_overrides)
             ^^^^^^^^^^^^^^^^^^^^^^^^^^^^^^^^^^^^^^^^^^^^^^^^^^^^^^^^^^^^^^^^
  File "C:\internet_awareness\src\scoring\health_score.py", line 51, in compute_and_store
    db.execute(
  File "C:\internet_awareness\src\storage\db.py", line 52, in execute
    conn.execute(sql, params)
sqlite3.IntegrityError: NOT NULL constraint failed: health_scores.score
2026-05-17 12:28:57 [ERROR] src.collection.threat_intel: OTX query error for 42.48.120.66: HTTPSConnectionPool(host='otx.alienvault.com', port=443): Read timed out. (read timeout=15)
2026-05-17 12:28:59 [ERROR] __main__: Collection cycle error: NOT NULL constraint failed: health_scores.score
Traceback (most recent call last):
  File "C:\internet_awareness\scheduler\collector_job.py", line 126, in _loop
    run_collection_cycle()
  File "C:\internet_awareness\scheduler\collector_job.py", line 110, in run_collection_cycle
    scores = health_score.compute_and_store(fused, db_path, weight_overrides)
             ^^^^^^^^^^^^^^^^^^^^^^^^^^^^^^^^^^^^^^^^^^^^^^^^^^^^^^^^^^^^^^^^
  File "C:\internet_awareness\src\scoring\health_score.py", line 51, in compute_and_store
    db.execute(
  File "C:\internet_awareness\src\storage\db.py", line 52, in execute
    conn.execute(sql, params)
sqlite3.IntegrityError: NOT NULL constraint failed: health_scores.score
2026-05-17 12:30:29 [ERROR] src.collection.threat_intel: OTX query error for 116.162.169.116: HTTPSConnectionPool(host='otx.alienvault.com', port=443): Read timed out. (read timeout=15)
2026-05-17 12:30:29 [INFO] src.scoring.health_score: Health score for 字节跳动官网: 83.5
2026-05-17 12:30:29 [INFO] src.scoring.health_score: Health score for 湖南农业大学门户: 99.5
2026-05-17 12:30:29 [INFO] src.scoring.health_score: Health score for 湖南省人民政府: 79.4
2026-05-17 12:30:29 [ERROR] __main__: Collection cycle error: NOT NULL constraint failed: health_scores.score
Traceback (most recent call last):
  File "C:\internet_awareness\scheduler\collector_job.py", line 126, in _loop
    run_collection_cycle()
  File "C:\internet_awareness\scheduler\collector_job.py", line 110, in run_collection_cycle
    scores = health_score.compute_and_store(fused, db_path, weight_overrides)
             ^^^^^^^^^^^^^^^^^^^^^^^^^^^^^^^^^^^^^^^^^^^^^^^^^^^^^^^^^^^^^^^^
  File "C:\internet_awareness\src\scoring\health_score.py", line 51, in compute_and_store
    db.execute(
  File "C:\internet_awareness\src\storage\db.py", line 52, in execute
    conn.execute(sql, params)
sqlite3.IntegrityError: NOT NULL constraint failed: health_scores.score
2026-05-17 12:31:56 [INFO] src.scoring.health_score: Health score for 字节跳动官网: 92.2
2026-05-17 12:31:56 [INFO] src.scoring.health_score: Health score for 湖南农业大学门户: 93.8
2026-05-17 12:31:56 [INFO] src.scoring.health_score: Health score for 湖南省人民政府: 79.2
2026-05-17 12:31:56 [INFO] src.scoring.health_score: Health score for 腾讯官网: 93.1
2026-05-17 12:31:56 [ERROR] src.prediction.prophet_model: Prophet forecast error for 字节跳动官网/availability_score: 'Prophet' object has no attribute 'stan_backend'
2026-05-17 12:31:56 [ERROR] src.prediction.prophet_model: Prophet forecast error for 字节跳动官网/response_time_score: 'Prophet' object has no attribute 'stan_backend'
2026-05-17 12:31:56 [ERROR] src.prediction.prophet_model: Prophet forecast error for 字节跳动官网/security_score: 'Prophet' object has no attribute 'stan_backend'
2026-05-17 12:31:56 [ERROR] src.prediction.prophet_model: Prophet forecast error for 湖南农业大学门户/availability_score: 'Prophet' object has no attribute 'stan_backend'
2026-05-17 12:31:56 [ERROR] src.prediction.prophet_model: Prophet forecast error for 湖南农业大学门户/response_time_score: 'Prophet' object has no attribute 'stan_backend'
2026-05-17 12:31:57 [ERROR] src.prediction.prophet_model: Prophet forecast error for 湖南农业大学门户/security_score: 'Prophet' object has no attribute 'stan_backend'
2026-05-17 12:31:57 [ERROR] src.prediction.prophet_model: Prophet forecast error for 湖南省人民政府/availability_score: 'Prophet' object has no attribute 'stan_backend'
2026-05-17 12:31:57 [ERROR] src.prediction.prophet_model: Prophet forecast error for 湖南省人民政府/response_time_score: 'Prophet' object has no attribute 'stan_backend'
2026-05-17 12:31:57 [ERROR] src.prediction.prophet_model: Prophet forecast error for 湖南省人民政府/security_score: 'Prophet' object has no attribute 'stan_backend'
2026-05-17 12:31:57 [ERROR] src.prediction.prophet_model: Prophet forecast error for 腾讯官网/availability_score: 'Prophet' object has no attribute 'stan_backend'
2026-05-17 12:31:57 [ERROR] src.prediction.prophet_model: Prophet forecast error for 腾讯官网/response_time_score: 'Prophet' object has no attribute 'stan_backend'
2026-05-17 12:31:57 [ERROR] src.prediction.prophet_model: Prophet forecast error for 腾讯官网/security_score: 'Prophet' object has no attribute 'stan_backend'
2026-05-17 12:31:57 [INFO] __main__: Collection cycle complete — 4 targets processed
2026-05-17 12:33:08 [WARNING] src.collection.threat_intel: OTX returned 429 for IP 113.246.57.9
2026-05-17 12:33:10 [WARNING] src.collection.threat_intel: OTX returned 429 for IP 42.48.120.66
2026-05-17 12:33:13 [WARNING] src.collection.threat_intel: OTX returned 429 for IP 116.162.169.116
2026-05-17 12:33:13 [ERROR] __main__: Collection cycle error: NOT NULL constraint failed: health_scores.score
Traceback (most recent call last):
  File "C:\internet_awareness\scheduler\collector_job.py", line 126, in _loop
    run_collection_cycle()
  File "C:\internet_awareness\scheduler\collector_job.py", line 110, in run_collection_cycle
    scores = health_score.compute_and_store(fused, db_path, weight_overrides)
             ^^^^^^^^^^^^^^^^^^^^^^^^^^^^^^^^^^^^^^^^^^^^^^^^^^^^^^^^^^^^^^^^
  File "C:\internet_awareness\src\scoring\health_score.py", line 51, in compute_and_store
    db.execute(
  File "C:\internet_awareness\src\storage\db.py", line 52, in execute
    conn.execute(sql, params)
sqlite3.IntegrityError: NOT NULL constraint failed: health_scores.score
2026-05-17 12:34:23 [WARNING] src.collection.threat_intel: OTX returned 429 for IP 42.48.120.66
2026-05-17 12:34:24 [ERROR] __main__: Collection cycle error: NOT NULL constraint failed: health_scores.score
Traceback (most recent call last):
  File "C:\internet_awareness\scheduler\collector_job.py", line 126, in _loop
    run_collection_cycle()
  File "C:\internet_awareness\scheduler\collector_job.py", line 110, in run_collection_cycle
    scores = health_score.compute_and_store(fused, db_path, weight_overrides)
             ^^^^^^^^^^^^^^^^^^^^^^^^^^^^^^^^^^^^^^^^^^^^^^^^^^^^^^^^^^^^^^^^
  File "C:\internet_awareness\src\scoring\health_score.py", line 51, in compute_and_store
    db.execute(
  File "C:\internet_awareness\src\storage\db.py", line 52, in execute
    conn.execute(sql, params)
sqlite3.IntegrityError: NOT NULL constraint failed: health_scores.score
2026-05-17 12:35:29 [WARNING] src.collection.threat_intel: OTX returned 429 for IP 218.104.146.107
2026-05-17 12:35:33 [WARNING] src.collection.threat_intel: OTX returned 429 for IP 113.246.57.9
2026-05-17 12:35:35 [WARNING] src.collection.threat_intel: OTX returned 429 for IP 42.48.120.66
2026-05-17 12:35:36 [WARNING] src.collection.threat_intel: OTX returned 429 for IP 116.162.169.116
2026-05-17 12:35:36 [INFO] src.scoring.health_score: Health score for 字节跳动官网: 88.9
2026-05-17 12:35:36 [INFO] src.scoring.health_score: Health score for 湖南农业大学门户: 99.3
2026-05-17 12:35:36 [INFO] src.scoring.health_score: Health score for 湖南省人民政府: 70.3
2026-05-17 12:35:36 [INFO] src.scoring.health_score: Health score for 腾讯官网: 78.6
2026-05-17 12:35:36 [ERROR] src.prediction.prophet_model: Prophet forecast error for 字节跳动官网/availability_score: 'Prophet' object has no attribute 'stan_backend'
2026-05-17 12:35:37 [ERROR] src.prediction.prophet_model: Prophet forecast error for 字节跳动官网/response_time_score: 'Prophet' object has no attribute 'stan_backend'
2026-05-17 12:35:37 [ERROR] src.prediction.prophet_model: Prophet forecast error for 湖南农业大学门户/availability_score: 'Prophet' object has no attribute 'stan_backend'
2026-05-17 12:35:37 [ERROR] src.prediction.prophet_model: Prophet forecast error for 湖南农业大学门户/response_time_score: 'Prophet' object has no attribute 'stan_backend'
2026-05-17 12:35:37 [ERROR] src.prediction.prophet_model: Prophet forecast error for 湖南省人民政府/availability_score: 'Prophet' object has no attribute 'stan_backend'
2026-05-17 12:35:37 [ERROR] src.prediction.prophet_model: Prophet forecast error for 湖南省人民政府/response_time_score: 'Prophet' object has no attribute 'stan_backend'
2026-05-17 12:35:37 [ERROR] src.prediction.prophet_model: Prophet forecast error for 腾讯官网/availability_score: 'Prophet' object has no attribute 'stan_backend'
2026-05-17 12:35:37 [ERROR] src.prediction.prophet_model: Prophet forecast error for 腾讯官网/response_time_score: 'Prophet' object has no attribute 'stan_backend'
2026-05-17 12:35:37 [INFO] __main__: Collection cycle complete — 4 targets processed
2026-05-17 12:36:44 [WARNING] src.collection.threat_intel: OTX returned 429 for IP 218.104.146.107
2026-05-17 12:36:50 [INFO] src.scoring.health_score: Health score for 字节跳动官网: 88.1
2026-05-17 12:36:50 [ERROR] __main__: Collection cycle error: NOT NULL constraint failed: health_scores.score
Traceback (most recent call last):
  File "C:\internet_awareness\scheduler\collector_job.py", line 126, in _loop
    run_collection_cycle()
  File "C:\internet_awareness\scheduler\collector_job.py", line 110, in run_collection_cycle
    scores = health_score.compute_and_store(fused, db_path, weight_overrides)
             ^^^^^^^^^^^^^^^^^^^^^^^^^^^^^^^^^^^^^^^^^^^^^^^^^^^^^^^^^^^^^^^^
  File "C:\internet_awareness\src\scoring\health_score.py", line 51, in compute_and_store
    db.execute(
  File "C:\internet_awareness\src\storage\db.py", line 52, in execute
    conn.execute(sql, params)
sqlite3.IntegrityError: NOT NULL constraint failed: health_scores.score
2026-05-17 12:37:57 [WARNING] src.collection.threat_intel: OTX returned 429 for IP 218.104.146.107
2026-05-17 12:38:01 [WARNING] src.collection.threat_intel: OTX returned 429 for IP 113.246.57.9
2026-05-17 12:38:03 [WARNING] src.collection.threat_intel: OTX returned 429 for IP 42.48.120.66
2026-05-17 12:38:04 [WARNING] src.collection.threat_intel: OTX returned 429 for IP 116.162.169.116
2026-05-17 12:38:04 [INFO] src.scoring.health_score: Health score for 字节跳动官网: 85.3
2026-05-17 12:38:04 [INFO] src.scoring.health_score: Health score for 湖南农业大学门户: 93.3
2026-05-17 12:38:04 [INFO] src.scoring.health_score: Health score for 湖南省人民政府: 80.7
2026-05-17 12:38:04 [INFO] src.scoring.health_score: Health score for 腾讯官网: 72.0
2026-05-17 12:38:04 [ERROR] src.prediction.prophet_model: Prophet forecast error for 字节跳动官网/availability_score: 'Prophet' object has no attribute 'stan_backend'
2026-05-17 12:38:04 [ERROR] src.prediction.prophet_model: Prophet forecast error for 字节跳动官网/response_time_score: 'Prophet' object has no attribute 'stan_backend'
2026-05-17 12:38:04 [ERROR] src.prediction.prophet_model: Prophet forecast error for 湖南农业大学门户/availability_score: 'Prophet' object has no attribute 'stan_backend'
2026-05-17 12:38:04 [ERROR] src.prediction.prophet_model: Prophet forecast error for 湖南农业大学门户/response_time_score: 'Prophet' object has no attribute 'stan_backend'
2026-05-17 12:38:04 [ERROR] src.prediction.prophet_model: Prophet forecast error for 湖南省人民政府/availability_score: 'Prophet' object has no attribute 'stan_backend'
2026-05-17 12:38:04 [ERROR] src.prediction.prophet_model: Prophet forecast error for 湖南省人民政府/response_time_score: 'Prophet' object has no attribute 'stan_backend'
2026-05-17 12:38:04 [ERROR] src.prediction.prophet_model: Prophet forecast error for 腾讯官网/availability_score: 'Prophet' object has no attribute 'stan_backend'
2026-05-17 12:38:04 [ERROR] src.prediction.prophet_model: Prophet forecast error for 腾讯官网/response_time_score: 'Prophet' object has no attribute 'stan_backend'
2026-05-17 12:38:04 [INFO] __main__: Collection cycle complete — 4 targets processed
2026-05-17 12:39:13 [WARNING] src.collection.threat_intel: OTX returned 429 for IP 113.246.57.9
2026-05-17 12:39:14 [WARNING] src.collection.threat_intel: OTX returned 429 for IP 42.48.120.66
2026-05-17 12:39:14 [WARNING] src.collection.threat_intel: OTX returned 429 for IP 116.162.169.116
2026-05-17 12:39:15 [ERROR] __main__: Collection cycle error: NOT NULL constraint failed: health_scores.score
Traceback (most recent call last):
  File "C:\internet_awareness\scheduler\collector_job.py", line 126, in _loop
    run_collection_cycle()
  File "C:\internet_awareness\scheduler\collector_job.py", line 110, in run_collection_cycle
    scores = health_score.compute_and_store(fused, db_path, weight_overrides)
             ^^^^^^^^^^^^^^^^^^^^^^^^^^^^^^^^^^^^^^^^^^^^^^^^^^^^^^^^^^^^^^^^
  File "C:\internet_awareness\src\scoring\health_score.py", line 51, in compute_and_store
    db.execute(
  File "C:\internet_awareness\src\storage\db.py", line 52, in execute
    conn.execute(sql, params)
sqlite3.IntegrityError: NOT NULL constraint failed: health_scores.score
2026-05-17 12:40:19 [WARNING] src.collection.threat_intel: OTX returned 429 for IP 218.104.146.107
2026-05-17 12:40:25 [WARNING] src.collection.threat_intel: OTX returned 429 for IP 116.162.169.116
2026-05-17 12:40:26 [INFO] src.scoring.health_score: Health score for 字节跳动官网: 92.5
2026-05-17 12:40:26 [ERROR] __main__: Collection cycle error: NOT NULL constraint failed: health_scores.score
Traceback (most recent call last):
  File "C:\internet_awareness\scheduler\collector_job.py", line 126, in _loop
    run_collection_cycle()
  File "C:\internet_awareness\scheduler\collector_job.py", line 110, in run_collection_cycle
    scores = health_score.compute_and_store(fused, db_path, weight_overrides)
             ^^^^^^^^^^^^^^^^^^^^^^^^^^^^^^^^^^^^^^^^^^^^^^^^^^^^^^^^^^^^^^^^
  File "C:\internet_awareness\src\scoring\health_score.py", line 51, in compute_and_store
    db.execute(
  File "C:\internet_awareness\src\storage\db.py", line 52, in execute
    conn.execute(sql, params)
sqlite3.IntegrityError: NOT NULL constraint failed: health_scores.score
2026-05-17 12:41:46 [WARNING] src.collection.threat_intel: OTX returned 429 for IP 113.246.57.9
2026-05-17 12:41:48 [WARNING] src.collection.threat_intel: OTX returned 429 for IP 42.48.120.66
2026-05-17 12:41:50 [WARNING] src.collection.threat_intel: OTX returned 429 for IP 116.162.169.116
2026-05-17 12:41:50 [ERROR] __main__: Collection cycle error: NOT NULL constraint failed: health_scores.score
Traceback (most recent call last):
  File "C:\internet_awareness\scheduler\collector_job.py", line 126, in _loop
    run_collection_cycle()
  File "C:\internet_awareness\scheduler\collector_job.py", line 110, in run_collection_cycle
    scores = health_score.compute_and_store(fused, db_path, weight_overrides)
             ^^^^^^^^^^^^^^^^^^^^^^^^^^^^^^^^^^^^^^^^^^^^^^^^^^^^^^^^^^^^^^^^
  File "C:\internet_awareness\src\scoring\health_score.py", line 51, in compute_and_store
    db.execute(
  File "C:\internet_awareness\src\storage\db.py", line 52, in execute
    conn.execute(sql, params)
sqlite3.IntegrityError: NOT NULL constraint failed: health_scores.score
2026-05-17 12:42:58 [WARNING] src.collection.threat_intel: OTX returned 429 for IP 113.246.57.9
2026-05-17 12:43:00 [WARNING] src.collection.threat_intel: OTX returned 429 for IP 42.48.120.66
2026-05-17 12:43:01 [WARNING] src.collection.threat_intel: OTX returned 429 for IP 116.162.169.116
2026-05-17 12:43:05 [ERROR] __main__: Collection cycle error: NOT NULL constraint failed: health_scores.score
Traceback (most recent call last):
  File "C:\internet_awareness\scheduler\collector_job.py", line 126, in _loop
    run_collection_cycle()
  File "C:\internet_awareness\scheduler\collector_job.py", line 110, in run_collection_cycle
    scores = health_score.compute_and_store(fused, db_path, weight_overrides)
             ^^^^^^^^^^^^^^^^^^^^^^^^^^^^^^^^^^^^^^^^^^^^^^^^^^^^^^^^^^^^^^^^
  File "C:\internet_awareness\src\scoring\health_score.py", line 51, in compute_and_store
    db.execute(
  File "C:\internet_awareness\src\storage\db.py", line 52, in execute
    conn.execute(sql, params)
sqlite3.IntegrityError: NOT NULL constraint failed: health_scores.score
2026-05-17 12:44:13 [WARNING] src.collection.threat_intel: OTX returned 429 for IP 218.104.146.107
2026-05-17 12:44:19 [INFO] src.scoring.health_score: Health score for 字节跳动官网: 90.5
2026-05-17 12:44:19 [ERROR] __main__: Collection cycle error: NOT NULL constraint failed: health_scores.score
Traceback (most recent call last):
  File "C:\internet_awareness\scheduler\collector_job.py", line 126, in _loop
    run_collection_cycle()
  File "C:\internet_awareness\scheduler\collector_job.py", line 110, in run_collection_cycle
    scores = health_score.compute_and_store(fused, db_path, weight_overrides)
             ^^^^^^^^^^^^^^^^^^^^^^^^^^^^^^^^^^^^^^^^^^^^^^^^^^^^^^^^^^^^^^^^
  File "C:\internet_awareness\src\scoring\health_score.py", line 51, in compute_and_store
    db.execute(
  File "C:\internet_awareness\src\storage\db.py", line 52, in execute
    conn.execute(sql, params)
sqlite3.IntegrityError: NOT NULL constraint failed: health_scores.score
2026-05-17 12:45:23 [WARNING] src.collection.threat_intel: OTX returned 429 for IP 218.104.146.107
2026-05-17 12:45:27 [WARNING] src.collection.threat_intel: OTX returned 429 for IP 113.246.57.9
2026-05-17 12:45:30 [INFO] src.scoring.health_score: Health score for 字节跳动官网: 87.2
2026-05-17 12:45:30 [ERROR] __main__: Collection cycle error: NOT NULL constraint failed: health_scores.score
Traceback (most recent call last):
  File "C:\internet_awareness\scheduler\collector_job.py", line 126, in _loop
    run_collection_cycle()
  File "C:\internet_awareness\scheduler\collector_job.py", line 110, in run_collection_cycle
    scores = health_score.compute_and_store(fused, db_path, weight_overrides)
             ^^^^^^^^^^^^^^^^^^^^^^^^^^^^^^^^^^^^^^^^^^^^^^^^^^^^^^^^^^^^^^^^
  File "C:\internet_awareness\src\scoring\health_score.py", line 51, in compute_and_store
    db.execute(
  File "C:\internet_awareness\src\storage\db.py", line 52, in execute
    conn.execute(sql, params)
sqlite3.IntegrityError: NOT NULL constraint failed: health_scores.score
2026-05-17 12:46:41 [WARNING] src.collection.threat_intel: OTX returned 429 for IP 42.48.120.66
2026-05-17 12:46:42 [WARNING] src.collection.threat_intel: OTX returned 429 for IP 116.162.169.116
2026-05-17 12:46:43 [ERROR] __main__: Collection cycle error: NOT NULL constraint failed: health_scores.score
Traceback (most recent call last):
  File "C:\internet_awareness\scheduler\collector_job.py", line 126, in _loop
    run_collection_cycle()
  File "C:\internet_awareness\scheduler\collector_job.py", line 110, in run_collection_cycle
    scores = health_score.compute_and_store(fused, db_path, weight_overrides)
             ^^^^^^^^^^^^^^^^^^^^^^^^^^^^^^^^^^^^^^^^^^^^^^^^^^^^^^^^^^^^^^^^
  File "C:\internet_awareness\src\scoring\health_score.py", line 51, in compute_and_store
    db.execute(
  File "C:\internet_awareness\src\storage\db.py", line 52, in execute
    conn.execute(sql, params)
sqlite3.IntegrityError: NOT NULL constraint failed: health_scores.score
2026-05-17 12:47:50 [WARNING] src.collection.threat_intel: OTX returned 429 for IP 218.104.146.107
2026-05-17 12:47:55 [WARNING] src.collection.threat_intel: OTX returned 429 for IP 42.48.120.66
2026-05-17 12:47:56 [WARNING] src.collection.threat_intel: OTX returned 429 for IP 116.162.169.116
2026-05-17 12:47:56 [ERROR] __main__: Collection cycle error: NOT NULL constraint failed: health_scores.score
Traceback (most recent call last):
  File "C:\internet_awareness\scheduler\collector_job.py", line 126, in _loop
    run_collection_cycle()
  File "C:\internet_awareness\scheduler\collector_job.py", line 110, in run_collection_cycle
    scores = health_score.compute_and_store(fused, db_path, weight_overrides)
             ^^^^^^^^^^^^^^^^^^^^^^^^^^^^^^^^^^^^^^^^^^^^^^^^^^^^^^^^^^^^^^^^
  File "C:\internet_awareness\src\scoring\health_score.py", line 51, in compute_and_store
    db.execute(
  File "C:\internet_awareness\src\storage\db.py", line 52, in execute
    conn.execute(sql, params)
sqlite3.IntegrityError: NOT NULL constraint failed: health_scores.score
2026-05-17 12:49:10 [WARNING] src.collection.threat_intel: OTX returned 429 for IP 42.48.120.66
2026-05-17 12:49:11 [WARNING] src.collection.threat_intel: OTX returned 429 for IP 116.162.169.116
2026-05-17 12:49:11 [ERROR] __main__: Collection cycle error: NOT NULL constraint failed: health_scores.score
Traceback (most recent call last):
  File "C:\internet_awareness\scheduler\collector_job.py", line 126, in _loop
    run_collection_cycle()
  File "C:\internet_awareness\scheduler\collector_job.py", line 110, in run_collection_cycle
    scores = health_score.compute_and_store(fused, db_path, weight_overrides)
             ^^^^^^^^^^^^^^^^^^^^^^^^^^^^^^^^^^^^^^^^^^^^^^^^^^^^^^^^^^^^^^^^
  File "C:\internet_awareness\src\scoring\health_score.py", line 51, in compute_and_store
    db.execute(
  File "C:\internet_awareness\src\storage\db.py", line 52, in execute
    conn.execute(sql, params)
sqlite3.IntegrityError: NOT NULL constraint failed: health_scores.score
2026-05-17 12:50:21 [WARNING] src.collection.threat_intel: OTX returned 502 for IP 42.48.120.66
2026-05-17 12:50:22 [ERROR] __main__: Collection cycle error: NOT NULL constraint failed: health_scores.score
Traceback (most recent call last):
  File "C:\internet_awareness\scheduler\collector_job.py", line 126, in _loop
    run_collection_cycle()
  File "C:\internet_awareness\scheduler\collector_job.py", line 110, in run_collection_cycle
    scores = health_score.compute_and_store(fused, db_path, weight_overrides)
             ^^^^^^^^^^^^^^^^^^^^^^^^^^^^^^^^^^^^^^^^^^^^^^^^^^^^^^^^^^^^^^^^
  File "C:\internet_awareness\src\scoring\health_score.py", line 51, in compute_and_store
    db.execute(
  File "C:\internet_awareness\src\storage\db.py", line 52, in execute
    conn.execute(sql, params)
sqlite3.IntegrityError: NOT NULL constraint failed: health_scores.score
2026-05-17 12:51:27 [WARNING] src.collection.threat_intel: OTX returned 429 for IP 218.104.146.107
2026-05-17 12:51:30 [WARNING] src.collection.threat_intel: OTX returned 429 for IP 113.246.57.9
2026-05-17 12:51:36 [WARNING] src.collection.threat_intel: OTX returned 429 for IP 42.48.120.66
2026-05-17 12:51:39 [WARNING] src.collection.threat_intel: OTX returned 429 for IP 116.162.169.116
2026-05-17 12:51:39 [INFO] src.scoring.health_score: Health score for 字节跳动官网: 85.6
2026-05-17 12:51:39 [INFO] src.scoring.health_score: Health score for 湖南农业大学门户: 98.5
2026-05-17 12:51:39 [INFO] src.scoring.health_score: Health score for 湖南省人民政府: 77.3
2026-05-17 12:51:39 [INFO] src.scoring.health_score: Health score for 腾讯官网: 67.4
2026-05-17 12:51:39 [ERROR] src.prediction.prophet_model: Prophet forecast error for 字节跳动官网/availability_score: 'Prophet' object has no attribute 'stan_backend'
2026-05-17 12:51:39 [ERROR] src.prediction.prophet_model: Prophet forecast error for 字节跳动官网/response_time_score: 'Prophet' object has no attribute 'stan_backend'
2026-05-17 12:51:39 [ERROR] src.prediction.prophet_model: Prophet forecast error for 湖南农业大学门户/availability_score: 'Prophet' object has no attribute 'stan_backend'
2026-05-17 12:51:39 [ERROR] src.prediction.prophet_model: Prophet forecast error for 湖南农业大学门户/response_time_score: 'Prophet' object has no attribute 'stan_backend'
2026-05-17 12:51:39 [ERROR] src.prediction.prophet_model: Prophet forecast error for 湖南省人民政府/availability_score: 'Prophet' object has no attribute 'stan_backend'
2026-05-17 12:51:39 [ERROR] src.prediction.prophet_model: Prophet forecast error for 湖南省人民政府/response_time_score: 'Prophet' object has no attribute 'stan_backend'
2026-05-17 12:51:39 [ERROR] src.prediction.prophet_model: Prophet forecast error for 腾讯官网/availability_score: 'Prophet' object has no attribute 'stan_backend'
2026-05-17 12:51:39 [ERROR] src.prediction.prophet_model: Prophet forecast error for 腾讯官网/response_time_score: 'Prophet' object has no attribute 'stan_backend'
2026-05-17 12:51:39 [INFO] __main__: Collection cycle complete — 4 targets processed
2026-05-17 12:52:49 [WARNING] src.collection.threat_intel: OTX returned 429 for IP 42.48.120.66
2026-05-17 12:52:51 [ERROR] __main__: Collection cycle error: NOT NULL constraint failed: health_scores.score
Traceback (most recent call last):
  File "C:\internet_awareness\scheduler\collector_job.py", line 126, in _loop
    run_collection_cycle()
  File "C:\internet_awareness\scheduler\collector_job.py", line 110, in run_collection_cycle
    scores = health_score.compute_and_store(fused, db_path, weight_overrides)
             ^^^^^^^^^^^^^^^^^^^^^^^^^^^^^^^^^^^^^^^^^^^^^^^^^^^^^^^^^^^^^^^^
  File "C:\internet_awareness\src\scoring\health_score.py", line 51, in compute_and_store
    db.execute(
  File "C:\internet_awareness\src\storage\db.py", line 52, in execute
    conn.execute(sql, params)
sqlite3.IntegrityError: NOT NULL constraint failed: health_scores.score
2026-05-17 12:54:01 [INFO] src.scoring.health_score: Health score for 字节跳动官网: 89.8
2026-05-17 12:54:01 [INFO] src.scoring.health_score: Health score for 湖南农业大学门户: 99.3
2026-05-17 12:54:01 [INFO] src.scoring.health_score: Health score for 湖南省人民政府: 75.7
2026-05-17 12:54:01 [INFO] src.scoring.health_score: Health score for 腾讯官网: 75.8
2026-05-17 12:54:01 [ERROR] src.prediction.prophet_model: Prophet forecast error for 字节跳动官网/availability_score: 'Prophet' object has no attribute 'stan_backend'
2026-05-17 12:54:01 [ERROR] src.prediction.prophet_model: Prophet forecast error for 字节跳动官网/response_time_score: 'Prophet' object has no attribute 'stan_backend'
2026-05-17 12:54:01 [ERROR] src.prediction.prophet_model: Prophet forecast error for 字节跳动官网/security_score: 'Prophet' object has no attribute 'stan_backend'
2026-05-17 12:54:01 [ERROR] src.prediction.prophet_model: Prophet forecast error for 湖南农业大学门户/availability_score: 'Prophet' object has no attribute 'stan_backend'
2026-05-17 12:54:01 [ERROR] src.prediction.prophet_model: Prophet forecast error for 湖南农业大学门户/response_time_score: 'Prophet' object has no attribute 'stan_backend'
2026-05-17 12:54:01 [ERROR] src.prediction.prophet_model: Prophet forecast error for 湖南农业大学门户/security_score: 'Prophet' object has no attribute 'stan_backend'
2026-05-17 12:54:01 [ERROR] src.prediction.prophet_model: Prophet forecast error for 湖南省人民政府/availability_score: 'Prophet' object has no attribute 'stan_backend'
2026-05-17 12:54:01 [ERROR] src.prediction.prophet_model: Prophet forecast error for 湖南省人民政府/response_time_score: 'Prophet' object has no attribute 'stan_backend'
2026-05-17 12:54:01 [ERROR] src.prediction.prophet_model: Prophet forecast error for 湖南省人民政府/security_score: 'Prophet' object has no attribute 'stan_backend'
2026-05-17 12:54:01 [ERROR] src.prediction.prophet_model: Prophet forecast error for 腾讯官网/availability_score: 'Prophet' object has no attribute 'stan_backend'
2026-05-17 12:54:01 [ERROR] src.prediction.prophet_model: Prophet forecast error for 腾讯官网/response_time_score: 'Prophet' object has no attribute 'stan_backend'
2026-05-17 12:54:01 [ERROR] src.prediction.prophet_model: Prophet forecast error for 腾讯官网/security_score: 'Prophet' object has no attribute 'stan_backend'
2026-05-17 12:54:01 [INFO] __main__: Collection cycle complete — 4 targets processed
2026-05-17 12:55:13 [INFO] src.scoring.health_score: Health score for 字节跳动官网: 90.6
2026-05-17 12:55:13 [INFO] src.scoring.health_score: Health score for 湖南农业大学门户: 97.5
2026-05-17 12:55:13 [INFO] src.scoring.health_score: Health score for 湖南省人民政府: 85.1
2026-05-17 12:55:13 [INFO] src.scoring.health_score: Health score for 腾讯官网: 91.4
2026-05-17 12:55:13 [ERROR] src.prediction.prophet_model: Prophet forecast error for 字节跳动官网/availability_score: 'Prophet' object has no attribute 'stan_backend'
2026-05-17 12:55:13 [ERROR] src.prediction.prophet_model: Prophet forecast error for 字节跳动官网/response_time_score: 'Prophet' object has no attribute 'stan_backend'
2026-05-17 12:55:13 [ERROR] src.prediction.prophet_model: Prophet forecast error for 字节跳动官网/security_score: 'Prophet' object has no attribute 'stan_backend'
2026-05-17 12:55:13 [ERROR] src.prediction.prophet_model: Prophet forecast error for 湖南农业大学门户/availability_score: 'Prophet' object has no attribute 'stan_backend'
2026-05-17 12:55:13 [ERROR] src.prediction.prophet_model: Prophet forecast error for 湖南农业大学门户/response_time_score: 'Prophet' object has no attribute 'stan_backend'
2026-05-17 12:55:13 [ERROR] src.prediction.prophet_model: Prophet forecast error for 湖南农业大学门户/security_score: 'Prophet' object has no attribute 'stan_backend'
2026-05-17 12:55:13 [ERROR] src.prediction.prophet_model: Prophet forecast error for 湖南省人民政府/availability_score: 'Prophet' object has no attribute 'stan_backend'
2026-05-17 12:55:13 [ERROR] src.prediction.prophet_model: Prophet forecast error for 湖南省人民政府/response_time_score: 'Prophet' object has no attribute 'stan_backend'
2026-05-17 12:55:13 [ERROR] src.prediction.prophet_model: Prophet forecast error for 湖南省人民政府/security_score: 'Prophet' object has no attribute 'stan_backend'
2026-05-17 12:55:13 [ERROR] src.prediction.prophet_model: Prophet forecast error for 腾讯官网/availability_score: 'Prophet' object has no attribute 'stan_backend'
2026-05-17 12:55:13 [ERROR] src.prediction.prophet_model: Prophet forecast error for 腾讯官网/response_time_score: 'Prophet' object has no attribute 'stan_backend'
2026-05-17 12:55:13 [ERROR] src.prediction.prophet_model: Prophet forecast error for 腾讯官网/security_score: 'Prophet' object has no attribute 'stan_backend'
2026-05-17 12:55:13 [INFO] __main__: Collection cycle complete — 4 targets processed
2026-05-17 12:56:27 [INFO] src.scoring.health_score: Health score for 字节跳动官网: 91.3
2026-05-17 12:56:27 [INFO] src.scoring.health_score: Health score for 湖南农业大学门户: 99.3
2026-05-17 12:56:27 [INFO] src.scoring.health_score: Health score for 湖南省人民政府: 83.4
2026-05-17 12:56:27 [INFO] src.scoring.health_score: Health score for 腾讯官网: 62.5
2026-05-17 12:56:27 [ERROR] src.prediction.prophet_model: Prophet forecast error for 字节跳动官网/availability_score: 'Prophet' object has no attribute 'stan_backend'
2026-05-17 12:56:27 [ERROR] src.prediction.prophet_model: Prophet forecast error for 字节跳动官网/response_time_score: 'Prophet' object has no attribute 'stan_backend'
2026-05-17 12:56:27 [ERROR] src.prediction.prophet_model: Prophet forecast error for 字节跳动官网/security_score: 'Prophet' object has no attribute 'stan_backend'
2026-05-17 12:56:27 [ERROR] src.prediction.prophet_model: Prophet forecast error for 湖南农业大学门户/availability_score: 'Prophet' object has no attribute 'stan_backend'
2026-05-17 12:56:27 [ERROR] src.prediction.prophet_model: Prophet forecast error for 湖南农业大学门户/response_time_score: 'Prophet' object has no attribute 'stan_backend'
2026-05-17 12:56:27 [ERROR] src.prediction.prophet_model: Prophet forecast error for 湖南农业大学门户/security_score: 'Prophet' object has no attribute 'stan_backend'
2026-05-17 12:56:27 [ERROR] src.prediction.prophet_model: Prophet forecast error for 湖南省人民政府/availability_score: 'Prophet' object has no attribute 'stan_backend'
2026-05-17 12:56:27 [ERROR] src.prediction.prophet_model: Prophet forecast error for 湖南省人民政府/response_time_score: 'Prophet' object has no attribute 'stan_backend'
2026-05-17 12:56:27 [ERROR] src.prediction.prophet_model: Prophet forecast error for 湖南省人民政府/security_score: 'Prophet' object has no attribute 'stan_backend'
2026-05-17 12:56:27 [ERROR] src.prediction.prophet_model: Prophet forecast error for 腾讯官网/availability_score: 'Prophet' object has no attribute 'stan_backend'
2026-05-17 12:56:27 [ERROR] src.prediction.prophet_model: Prophet forecast error for 腾讯官网/response_time_score: 'Prophet' object has no attribute 'stan_backend'
2026-05-17 12:56:27 [ERROR] src.prediction.prophet_model: Prophet forecast error for 腾讯官网/security_score: 'Prophet' object has no attribute 'stan_backend'
2026-05-17 12:56:27 [INFO] __main__: Collection cycle complete — 4 targets processed
2026-05-17 12:57:38 [INFO] src.scoring.health_score: Health score for 字节跳动官网: 86.0
2026-05-17 12:57:38 [INFO] src.scoring.health_score: Health score for 湖南农业大学门户: 99.2
2026-05-17 12:57:38 [INFO] src.scoring.health_score: Health score for 湖南省人民政府: 82.5
2026-05-17 12:57:38 [INFO] src.scoring.health_score: Health score for 腾讯官网: 95.3
2026-05-17 12:57:38 [ERROR] src.prediction.prophet_model: Prophet forecast error for 字节跳动官网/availability_score: 'Prophet' object has no attribute 'stan_backend'
2026-05-17 12:57:38 [ERROR] src.prediction.prophet_model: Prophet forecast error for 字节跳动官网/response_time_score: 'Prophet' object has no attribute 'stan_backend'
2026-05-17 12:57:38 [ERROR] src.prediction.prophet_model: Prophet forecast error for 字节跳动官网/security_score: 'Prophet' object has no attribute 'stan_backend'
2026-05-17 12:57:38 [ERROR] src.prediction.prophet_model: Prophet forecast error for 湖南农业大学门户/availability_score: 'Prophet' object has no attribute 'stan_backend'
2026-05-17 12:57:38 [ERROR] src.prediction.prophet_model: Prophet forecast error for 湖南农业大学门户/response_time_score: 'Prophet' object has no attribute 'stan_backend'
2026-05-17 12:57:38 [ERROR] src.prediction.prophet_model: Prophet forecast error for 湖南农业大学门户/security_score: 'Prophet' object has no attribute 'stan_backend'
2026-05-17 12:57:38 [ERROR] src.prediction.prophet_model: Prophet forecast error for 湖南省人民政府/availability_score: 'Prophet' object has no attribute 'stan_backend'
2026-05-17 12:57:38 [ERROR] src.prediction.prophet_model: Prophet forecast error for 湖南省人民政府/response_time_score: 'Prophet' object has no attribute 'stan_backend'
2026-05-17 12:57:38 [ERROR] src.prediction.prophet_model: Prophet forecast error for 湖南省人民政府/security_score: 'Prophet' object has no attribute 'stan_backend'
2026-05-17 12:57:38 [ERROR] src.prediction.prophet_model: Prophet forecast error for 腾讯官网/availability_score: 'Prophet' object has no attribute 'stan_backend'
2026-05-17 12:57:38 [ERROR] src.prediction.prophet_model: Prophet forecast error for 腾讯官网/response_time_score: 'Prophet' object has no attribute 'stan_backend'
2026-05-17 12:57:38 [ERROR] src.prediction.prophet_model: Prophet forecast error for 腾讯官网/security_score: 'Prophet' object has no attribute 'stan_backend'
2026-05-17 12:57:38 [INFO] __main__: Collection cycle complete — 4 targets processed
2026-05-17 12:58:53 [INFO] src.scoring.health_score: Health score for 字节跳动官网: 89.1
2026-05-17 12:58:53 [INFO] src.scoring.health_score: Health score for 湖南农业大学门户: 98.8
2026-05-17 12:58:53 [INFO] src.scoring.health_score: Health score for 湖南省人民政府: 81.7
2026-05-17 12:58:53 [INFO] src.scoring.health_score: Health score for 腾讯官网: 62.5
2026-05-17 12:58:53 [ERROR] src.prediction.prophet_model: Prophet forecast error for 字节跳动官网/availability_score: 'Prophet' object has no attribute 'stan_backend'
2026-05-17 12:58:53 [ERROR] src.prediction.prophet_model: Prophet forecast error for 字节跳动官网/response_time_score: 'Prophet' object has no attribute 'stan_backend'
2026-05-17 12:58:53 [ERROR] src.prediction.prophet_model: Prophet forecast error for 字节跳动官网/security_score: 'Prophet' object has no attribute 'stan_backend'
2026-05-17 12:58:53 [ERROR] src.prediction.prophet_model: Prophet forecast error for 湖南农业大学门户/availability_score: 'Prophet' object has no attribute 'stan_backend'
2026-05-17 12:58:53 [ERROR] src.prediction.prophet_model: Prophet forecast error for 湖南农业大学门户/response_time_score: 'Prophet' object has no attribute 'stan_backend'
2026-05-17 12:58:53 [ERROR] src.prediction.prophet_model: Prophet forecast error for 湖南农业大学门户/security_score: 'Prophet' object has no attribute 'stan_backend'
2026-05-17 12:58:54 [ERROR] src.prediction.prophet_model: Prophet forecast error for 湖南省人民政府/availability_score: 'Prophet' object has no attribute 'stan_backend'
2026-05-17 12:58:54 [ERROR] src.prediction.prophet_model: Prophet forecast error for 湖南省人民政府/response_time_score: 'Prophet' object has no attribute 'stan_backend'
2026-05-17 12:58:54 [ERROR] src.prediction.prophet_model: Prophet forecast error for 湖南省人民政府/security_score: 'Prophet' object has no attribute 'stan_backend'
2026-05-17 12:58:54 [ERROR] src.prediction.prophet_model: Prophet forecast error for 腾讯官网/availability_score: 'Prophet' object has no attribute 'stan_backend'
2026-05-17 12:58:54 [ERROR] src.prediction.prophet_model: Prophet forecast error for 腾讯官网/response_time_score: 'Prophet' object has no attribute 'stan_backend'
2026-05-17 12:58:54 [ERROR] src.prediction.prophet_model: Prophet forecast error for 腾讯官网/security_score: 'Prophet' object has no attribute 'stan_backend'
2026-05-17 12:58:54 [INFO] __main__: Collection cycle complete — 4 targets processed
2026-05-17 13:00:12 [INFO] src.scoring.health_score: Health score for 字节跳动官网: 62.5
2026-05-17 13:00:12 [INFO] src.scoring.health_score: Health score for 湖南农业大学门户: 99.5
2026-05-17 13:00:12 [INFO] src.scoring.health_score: Health score for 湖南省人民政府: 81.8
2026-05-17 13:00:12 [INFO] src.scoring.health_score: Health score for 腾讯官网: 95.4
2026-05-17 13:00:12 [ERROR] src.prediction.prophet_model: Prophet forecast error for 字节跳动官网/availability_score: 'Prophet' object has no attribute 'stan_backend'
2026-05-17 13:00:12 [ERROR] src.prediction.prophet_model: Prophet forecast error for 字节跳动官网/response_time_score: 'Prophet' object has no attribute 'stan_backend'
2026-05-17 13:00:12 [ERROR] src.prediction.prophet_model: Prophet forecast error for 字节跳动官网/security_score: 'Prophet' object has no attribute 'stan_backend'
2026-05-17 13:00:12 [ERROR] src.prediction.prophet_model: Prophet forecast error for 湖南农业大学门户/availability_score: 'Prophet' object has no attribute 'stan_backend'
2026-05-17 13:00:12 [ERROR] src.prediction.prophet_model: Prophet forecast error for 湖南农业大学门户/response_time_score: 'Prophet' object has no attribute 'stan_backend'
2026-05-17 13:00:12 [ERROR] src.prediction.prophet_model: Prophet forecast error for 湖南农业大学门户/security_score: 'Prophet' object has no attribute 'stan_backend'
2026-05-17 13:00:12 [ERROR] src.prediction.prophet_model: Prophet forecast error for 湖南省人民政府/availability_score: 'Prophet' object has no attribute 'stan_backend'
2026-05-17 13:00:12 [ERROR] src.prediction.prophet_model: Prophet forecast error for 湖南省人民政府/response_time_score: 'Prophet' object has no attribute 'stan_backend'
2026-05-17 13:00:12 [ERROR] src.prediction.prophet_model: Prophet forecast error for 湖南省人民政府/security_score: 'Prophet' object has no attribute 'stan_backend'
2026-05-17 13:00:12 [ERROR] src.prediction.prophet_model: Prophet forecast error for 腾讯官网/availability_score: 'Prophet' object has no attribute 'stan_backend'
2026-05-17 13:00:12 [ERROR] src.prediction.prophet_model: Prophet forecast error for 腾讯官网/response_time_score: 'Prophet' object has no attribute 'stan_backend'
2026-05-17 13:00:12 [ERROR] src.prediction.prophet_model: Prophet forecast error for 腾讯官网/security_score: 'Prophet' object has no attribute 'stan_backend'
2026-05-17 13:00:12 [INFO] __main__: Collection cycle complete — 4 targets processed
2026-05-17 13:01:34 [INFO] src.scoring.health_score: Health score for 字节跳动官网: 92.8
2026-05-17 13:01:34 [INFO] src.scoring.health_score: Health score for 湖南农业大学门户: 99.4
2026-05-17 13:01:34 [INFO] src.scoring.health_score: Health score for 湖南省人民政府: 84.8
2026-05-17 13:01:34 [INFO] src.scoring.health_score: Health score for 腾讯官网: 98.1
2026-05-17 13:01:34 [ERROR] src.prediction.prophet_model: Prophet forecast error for 字节跳动官网/availability_score: 'Prophet' object has no attribute 'stan_backend'
2026-05-17 13:01:34 [ERROR] src.prediction.prophet_model: Prophet forecast error for 字节跳动官网/response_time_score: 'Prophet' object has no attribute 'stan_backend'
2026-05-17 13:01:34 [ERROR] src.prediction.prophet_model: Prophet forecast error for 字节跳动官网/security_score: 'Prophet' object has no attribute 'stan_backend'
2026-05-17 13:01:34 [ERROR] src.prediction.prophet_model: Prophet forecast error for 湖南农业大学门户/availability_score: 'Prophet' object has no attribute 'stan_backend'
2026-05-17 13:01:34 [ERROR] src.prediction.prophet_model: Prophet forecast error for 湖南农业大学门户/response_time_score: 'Prophet' object has no attribute 'stan_backend'
2026-05-17 13:01:34 [ERROR] src.prediction.prophet_model: Prophet forecast error for 湖南农业大学门户/security_score: 'Prophet' object has no attribute 'stan_backend'
2026-05-17 13:01:34 [ERROR] src.prediction.prophet_model: Prophet forecast error for 湖南省人民政府/availability_score: 'Prophet' object has no attribute 'stan_backend'
2026-05-17 13:01:34 [ERROR] src.prediction.prophet_model: Prophet forecast error for 湖南省人民政府/response_time_score: 'Prophet' object has no attribute 'stan_backend'
2026-05-17 13:01:34 [ERROR] src.prediction.prophet_model: Prophet forecast error for 湖南省人民政府/security_score: 'Prophet' object has no attribute 'stan_backend'
2026-05-17 13:01:34 [ERROR] src.prediction.prophet_model: Prophet forecast error for 腾讯官网/availability_score: 'Prophet' object has no attribute 'stan_backend'
2026-05-17 13:01:34 [ERROR] src.prediction.prophet_model: Prophet forecast error for 腾讯官网/response_time_score: 'Prophet' object has no attribute 'stan_backend'
2026-05-17 13:01:34 [ERROR] src.prediction.prophet_model: Prophet forecast error for 腾讯官网/security_score: 'Prophet' object has no attribute 'stan_backend'
2026-05-17 13:01:34 [INFO] __main__: Collection cycle complete — 4 targets processed
2026-05-17 13:02:44 [INFO] src.storage.db: Database initialised at C:\internet_awareness\data\awareness.db
2026-05-17 13:02:44 [INFO] __main__: Starting standalone collector
2026-05-17 13:03:12 [ERROR] src.collection.threat_intel: OTX query error for 42.48.120.66: HTTPSConnectionPool(host='otx.alienvault.com', port=443): Read timed out. (read timeout=15)
2026-05-17 13:03:13 [ERROR] __main__: Collection cycle error: NOT NULL constraint failed: health_scores.score
Traceback (most recent call last):
  File "C:\internet_awareness\scheduler\collector_job.py", line 126, in _loop
    run_collection_cycle()
  File "C:\internet_awareness\scheduler\collector_job.py", line 110, in run_collection_cycle
    scores = health_score.compute_and_store(fused, db_path, weight_overrides)
             ^^^^^^^^^^^^^^^^^^^^^^^^^^^^^^^^^^^^^^^^^^^^^^^^^^^^^^^^^^^^^^^^
  File "C:\internet_awareness\src\scoring\health_score.py", line 51, in compute_and_store
    db.execute(
  File "C:\internet_awareness\src\storage\db.py", line 52, in execute
    conn.execute(sql, params)
sqlite3.IntegrityError: NOT NULL constraint failed: health_scores.score
2026-05-17 13:04:24 [INFO] src.scoring.health_score: Health score for 字节跳动官网: 90.3
2026-05-17 13:04:24 [INFO] src.scoring.health_score: Health score for 湖南农业大学门户: 99.6
2026-05-17 13:04:24 [INFO] src.scoring.health_score: Health score for 湖南省人民政府: 87.2
2026-05-17 13:04:24 [INFO] src.scoring.health_score: Health score for 腾讯官网: 98.6
2026-05-17 13:04:26 [ERROR] src.prediction.prophet_model: Prophet forecast error for 字节跳动官网/availability_score: 'Prophet' object has no attribute 'stan_backend'
2026-05-17 13:04:26 [ERROR] src.prediction.prophet_model: Prophet forecast error for 字节跳动官网/response_time_score: 'Prophet' object has no attribute 'stan_backend'
2026-05-17 13:04:26 [ERROR] src.prediction.prophet_model: Prophet forecast error for 字节跳动官网/security_score: 'Prophet' object has no attribute 'stan_backend'
2026-05-17 13:04:26 [ERROR] src.prediction.prophet_model: Prophet forecast error for 湖南农业大学门户/availability_score: 'Prophet' object has no attribute 'stan_backend'
2026-05-17 13:04:26 [ERROR] src.prediction.prophet_model: Prophet forecast error for 湖南农业大学门户/response_time_score: 'Prophet' object has no attribute 'stan_backend'
2026-05-17 13:04:26 [ERROR] src.prediction.prophet_model: Prophet forecast error for 湖南农业大学门户/security_score: 'Prophet' object has no attribute 'stan_backend'
2026-05-17 13:04:26 [ERROR] src.prediction.prophet_model: Prophet forecast error for 湖南省人民政府/availability_score: 'Prophet' object has no attribute 'stan_backend'
2026-05-17 13:04:26 [ERROR] src.prediction.prophet_model: Prophet forecast error for 湖南省人民政府/response_time_score: 'Prophet' object has no attribute 'stan_backend'
2026-05-17 13:04:26 [ERROR] src.prediction.prophet_model: Prophet forecast error for 湖南省人民政府/security_score: 'Prophet' object has no attribute 'stan_backend'
2026-05-17 13:04:26 [ERROR] src.prediction.prophet_model: Prophet forecast error for 腾讯官网/availability_score: 'Prophet' object has no attribute 'stan_backend'
2026-05-17 13:04:26 [ERROR] src.prediction.prophet_model: Prophet forecast error for 腾讯官网/response_time_score: 'Prophet' object has no attribute 'stan_backend'
2026-05-17 13:04:26 [ERROR] src.prediction.prophet_model: Prophet forecast error for 腾讯官网/security_score: 'Prophet' object has no attribute 'stan_backend'
2026-05-17 13:04:26 [INFO] __main__: Collection cycle complete — 4 targets processed
2026-05-17 13:05:37 [INFO] src.scoring.health_score: Health score for 字节跳动官网: 92.1
2026-05-17 13:05:37 [INFO] src.scoring.health_score: Health score for 湖南农业大学门户: 99.4
2026-05-17 13:05:37 [INFO] src.scoring.health_score: Health score for 湖南省人民政府: 81.2
2026-05-17 13:05:38 [INFO] src.scoring.health_score: Health score for 腾讯官网: 95.8
2026-05-17 13:05:38 [ERROR] src.prediction.prophet_model: Prophet forecast error for 字节跳动官网/availability_score: 'Prophet' object has no attribute 'stan_backend'
2026-05-17 13:05:38 [ERROR] src.prediction.prophet_model: Prophet forecast error for 字节跳动官网/response_time_score: 'Prophet' object has no attribute 'stan_backend'
2026-05-17 13:05:38 [ERROR] src.prediction.prophet_model: Prophet forecast error for 字节跳动官网/security_score: 'Prophet' object has no attribute 'stan_backend'
2026-05-17 13:05:38 [ERROR] src.prediction.prophet_model: Prophet forecast error for 湖南农业大学门户/availability_score: 'Prophet' object has no attribute 'stan_backend'
2026-05-17 13:05:38 [ERROR] src.prediction.prophet_model: Prophet forecast error for 湖南农业大学门户/response_time_score: 'Prophet' object has no attribute 'stan_backend'
2026-05-17 13:05:38 [ERROR] src.prediction.prophet_model: Prophet forecast error for 湖南农业大学门户/security_score: 'Prophet' object has no attribute 'stan_backend'
2026-05-17 13:05:38 [ERROR] src.prediction.prophet_model: Prophet forecast error for 湖南省人民政府/availability_score: 'Prophet' object has no attribute 'stan_backend'
2026-05-17 13:05:38 [ERROR] src.prediction.prophet_model: Prophet forecast error for 湖南省人民政府/response_time_score: 'Prophet' object has no attribute 'stan_backend'
2026-05-17 13:05:38 [ERROR] src.prediction.prophet_model: Prophet forecast error for 湖南省人民政府/security_score: 'Prophet' object has no attribute 'stan_backend'
2026-05-17 13:05:38 [ERROR] src.prediction.prophet_model: Prophet forecast error for 腾讯官网/availability_score: 'Prophet' object has no attribute 'stan_backend'
2026-05-17 13:05:38 [ERROR] src.prediction.prophet_model: Prophet forecast error for 腾讯官网/response_time_score: 'Prophet' object has no attribute 'stan_backend'
2026-05-17 13:05:38 [ERROR] src.prediction.prophet_model: Prophet forecast error for 腾讯官网/security_score: 'Prophet' object has no attribute 'stan_backend'
2026-05-17 13:05:38 [INFO] __main__: Collection cycle complete — 4 targets processed
2026-05-17 13:06:55 [INFO] src.scoring.health_score: Health score for 字节跳动官网: 80.3
2026-05-17 13:06:55 [INFO] src.scoring.health_score: Health score for 湖南农业大学门户: 97.0
2026-05-17 13:06:55 [INFO] src.scoring.health_score: Health score for 湖南省人民政府: 79.8
2026-05-17 13:06:55 [INFO] src.scoring.health_score: Health score for 腾讯官网: 97.0
2026-05-17 13:06:55 [ERROR] src.prediction.prophet_model: Prophet forecast error for 字节跳动官网/availability_score: 'Prophet' object has no attribute 'stan_backend'
2026-05-17 13:06:55 [ERROR] src.prediction.prophet_model: Prophet forecast error for 字节跳动官网/response_time_score: 'Prophet' object has no attribute 'stan_backend'
2026-05-17 13:06:55 [ERROR] src.prediction.prophet_model: Prophet forecast error for 字节跳动官网/security_score: 'Prophet' object has no attribute 'stan_backend'
2026-05-17 13:06:55 [ERROR] src.prediction.prophet_model: Prophet forecast error for 湖南农业大学门户/availability_score: 'Prophet' object has no attribute 'stan_backend'
2026-05-17 13:06:55 [ERROR] src.prediction.prophet_model: Prophet forecast error for 湖南农业大学门户/response_time_score: 'Prophet' object has no attribute 'stan_backend'
2026-05-17 13:06:55 [ERROR] src.prediction.prophet_model: Prophet forecast error for 湖南农业大学门户/security_score: 'Prophet' object has no attribute 'stan_backend'
2026-05-17 13:06:55 [ERROR] src.prediction.prophet_model: Prophet forecast error for 湖南省人民政府/availability_score: 'Prophet' object has no attribute 'stan_backend'
2026-05-17 13:06:55 [ERROR] src.prediction.prophet_model: Prophet forecast error for 湖南省人民政府/response_time_score: 'Prophet' object has no attribute 'stan_backend'
2026-05-17 13:06:55 [ERROR] src.prediction.prophet_model: Prophet forecast error for 湖南省人民政府/security_score: 'Prophet' object has no attribute 'stan_backend'
2026-05-17 13:06:55 [ERROR] src.prediction.prophet_model: Prophet forecast error for 腾讯官网/availability_score: 'Prophet' object has no attribute 'stan_backend'
2026-05-17 13:06:55 [ERROR] src.prediction.prophet_model: Prophet forecast error for 腾讯官网/response_time_score: 'Prophet' object has no attribute 'stan_backend'
2026-05-17 13:06:55 [ERROR] src.prediction.prophet_model: Prophet forecast error for 腾讯官网/security_score: 'Prophet' object has no attribute 'stan_backend'
2026-05-17 13:06:55 [INFO] __main__: Collection cycle complete — 4 targets processed
2026-05-17 13:08:07 [INFO] src.scoring.health_score: Health score for 字节跳动官网: 91.2
2026-05-17 13:08:07 [INFO] src.scoring.health_score: Health score for 湖南农业大学门户: 96.5
2026-05-17 13:08:07 [INFO] src.scoring.health_score: Health score for 湖南省人民政府: 79.9
2026-05-17 13:08:07 [INFO] src.scoring.health_score: Health score for 腾讯官网: 94.8
2026-05-17 13:08:08 [ERROR] src.prediction.prophet_model: Prophet forecast error for 字节跳动官网/availability_score: 'Prophet' object has no attribute 'stan_backend'
2026-05-17 13:08:08 [ERROR] src.prediction.prophet_model: Prophet forecast error for 字节跳动官网/response_time_score: 'Prophet' object has no attribute 'stan_backend'
2026-05-17 13:08:08 [ERROR] src.prediction.prophet_model: Prophet forecast error for 字节跳动官网/security_score: 'Prophet' object has no attribute 'stan_backend'
2026-05-17 13:08:08 [ERROR] src.prediction.prophet_model: Prophet forecast error for 湖南农业大学门户/availability_score: 'Prophet' object has no attribute 'stan_backend'
2026-05-17 13:08:08 [ERROR] src.prediction.prophet_model: Prophet forecast error for 湖南农业大学门户/response_time_score: 'Prophet' object has no attribute 'stan_backend'
2026-05-17 13:08:08 [ERROR] src.prediction.prophet_model: Prophet forecast error for 湖南农业大学门户/security_score: 'Prophet' object has no attribute 'stan_backend'
2026-05-17 13:08:08 [ERROR] src.prediction.prophet_model: Prophet forecast error for 湖南省人民政府/availability_score: 'Prophet' object has no attribute 'stan_backend'
2026-05-17 13:08:08 [ERROR] src.prediction.prophet_model: Prophet forecast error for 湖南省人民政府/response_time_score: 'Prophet' object has no attribute 'stan_backend'
2026-05-17 13:08:08 [ERROR] src.prediction.prophet_model: Prophet forecast error for 湖南省人民政府/security_score: 'Prophet' object has no attribute 'stan_backend'
2026-05-17 13:08:08 [ERROR] src.prediction.prophet_model: Prophet forecast error for 腾讯官网/availability_score: 'Prophet' object has no attribute 'stan_backend'
2026-05-17 13:08:08 [ERROR] src.prediction.prophet_model: Prophet forecast error for 腾讯官网/response_time_score: 'Prophet' object has no attribute 'stan_backend'
2026-05-17 13:08:08 [ERROR] src.prediction.prophet_model: Prophet forecast error for 腾讯官网/security_score: 'Prophet' object has no attribute 'stan_backend'
2026-05-17 13:08:08 [INFO] __main__: Collection cycle complete — 4 targets processed
2026-05-17 13:09:18 [INFO] src.scoring.health_score: Health score for 字节跳动官网: 87.8
2026-05-17 13:09:18 [INFO] src.scoring.health_score: Health score for 湖南农业大学门户: 99.4
2026-05-17 13:09:18 [INFO] src.scoring.health_score: Health score for 湖南省人民政府: 80.6
2026-05-17 13:09:18 [INFO] src.scoring.health_score: Health score for 腾讯官网: 98.6
2026-05-17 13:09:18 [ERROR] src.prediction.prophet_model: Prophet forecast error for 字节跳动官网/availability_score: 'Prophet' object has no attribute 'stan_backend'
2026-05-17 13:09:18 [ERROR] src.prediction.prophet_model: Prophet forecast error for 字节跳动官网/response_time_score: 'Prophet' object has no attribute 'stan_backend'
2026-05-17 13:09:19 [ERROR] src.prediction.prophet_model: Prophet forecast error for 字节跳动官网/security_score: 'Prophet' object has no attribute 'stan_backend'
2026-05-17 13:09:19 [ERROR] src.prediction.prophet_model: Prophet forecast error for 湖南农业大学门户/availability_score: 'Prophet' object has no attribute 'stan_backend'
2026-05-17 13:09:19 [ERROR] src.prediction.prophet_model: Prophet forecast error for 湖南农业大学门户/response_time_score: 'Prophet' object has no attribute 'stan_backend'
2026-05-17 13:09:19 [ERROR] src.prediction.prophet_model: Prophet forecast error for 湖南农业大学门户/security_score: 'Prophet' object has no attribute 'stan_backend'
2026-05-17 13:09:19 [ERROR] src.prediction.prophet_model: Prophet forecast error for 湖南省人民政府/availability_score: 'Prophet' object has no attribute 'stan_backend'
2026-05-17 13:09:19 [ERROR] src.prediction.prophet_model: Prophet forecast error for 湖南省人民政府/response_time_score: 'Prophet' object has no attribute 'stan_backend'
2026-05-17 13:09:19 [ERROR] src.prediction.prophet_model: Prophet forecast error for 湖南省人民政府/security_score: 'Prophet' object has no attribute 'stan_backend'
2026-05-17 13:09:19 [ERROR] src.prediction.prophet_model: Prophet forecast error for 腾讯官网/availability_score: 'Prophet' object has no attribute 'stan_backend'
2026-05-17 13:09:19 [ERROR] src.prediction.prophet_model: Prophet forecast error for 腾讯官网/response_time_score: 'Prophet' object has no attribute 'stan_backend'
2026-05-17 13:09:19 [ERROR] src.prediction.prophet_model: Prophet forecast error for 腾讯官网/security_score: 'Prophet' object has no attribute 'stan_backend'
2026-05-17 13:09:19 [INFO] __main__: Collection cycle complete — 4 targets processed
2026-05-17 13:10:44 [INFO] src.scoring.health_score: Health score for 字节跳动官网: 80.2
2026-05-17 13:10:44 [INFO] src.scoring.health_score: Health score for 湖南农业大学门户: 99.4
2026-05-17 13:10:44 [INFO] src.scoring.health_score: Health score for 湖南省人民政府: 63.9
2026-05-17 13:10:44 [INFO] src.scoring.health_score: Health score for 腾讯官网: 97.4
2026-05-17 13:10:44 [ERROR] src.prediction.prophet_model: Prophet forecast error for 字节跳动官网/availability_score: 'Prophet' object has no attribute 'stan_backend'
2026-05-17 13:10:44 [ERROR] src.prediction.prophet_model: Prophet forecast error for 字节跳动官网/response_time_score: 'Prophet' object has no attribute 'stan_backend'
2026-05-17 13:10:44 [ERROR] src.prediction.prophet_model: Prophet forecast error for 字节跳动官网/security_score: 'Prophet' object has no attribute 'stan_backend'
2026-05-17 13:10:44 [ERROR] src.prediction.prophet_model: Prophet forecast error for 湖南农业大学门户/availability_score: 'Prophet' object has no attribute 'stan_backend'
2026-05-17 13:10:44 [ERROR] src.prediction.prophet_model: Prophet forecast error for 湖南农业大学门户/response_time_score: 'Prophet' object has no attribute 'stan_backend'
2026-05-17 13:10:44 [ERROR] src.prediction.prophet_model: Prophet forecast error for 湖南农业大学门户/security_score: 'Prophet' object has no attribute 'stan_backend'
2026-05-17 13:10:44 [ERROR] src.prediction.prophet_model: Prophet forecast error for 湖南省人民政府/availability_score: 'Prophet' object has no attribute 'stan_backend'
2026-05-17 13:10:44 [ERROR] src.prediction.prophet_model: Prophet forecast error for 湖南省人民政府/response_time_score: 'Prophet' object has no attribute 'stan_backend'
2026-05-17 13:10:44 [ERROR] src.prediction.prophet_model: Prophet forecast error for 湖南省人民政府/security_score: 'Prophet' object has no attribute 'stan_backend'
2026-05-17 13:10:44 [ERROR] src.prediction.prophet_model: Prophet forecast error for 腾讯官网/availability_score: 'Prophet' object has no attribute 'stan_backend'
2026-05-17 13:10:44 [ERROR] src.prediction.prophet_model: Prophet forecast error for 腾讯官网/response_time_score: 'Prophet' object has no attribute 'stan_backend'
2026-05-17 13:10:44 [ERROR] src.prediction.prophet_model: Prophet forecast error for 腾讯官网/security_score: 'Prophet' object has no attribute 'stan_backend'
2026-05-17 13:10:44 [INFO] __main__: Collection cycle complete — 4 targets processed
2026-05-17 13:12:08 [ERROR] src.collection.threat_intel: OTX query error for 42.48.120.66: HTTPSConnectionPool(host='otx.alienvault.com', port=443): Read timed out. (read timeout=15)
2026-05-17 13:12:10 [ERROR] __main__: Collection cycle error: NOT NULL constraint failed: health_scores.score
Traceback (most recent call last):
  File "C:\internet_awareness\scheduler\collector_job.py", line 126, in _loop
    run_collection_cycle()
  File "C:\internet_awareness\scheduler\collector_job.py", line 110, in run_collection_cycle
    scores = health_score.compute_and_store(fused, db_path, weight_overrides)
             ^^^^^^^^^^^^^^^^^^^^^^^^^^^^^^^^^^^^^^^^^^^^^^^^^^^^^^^^^^^^^^^^
  File "C:\internet_awareness\src\scoring\health_score.py", line 51, in compute_and_store
    db.execute(
  File "C:\internet_awareness\src\storage\db.py", line 52, in execute
    conn.execute(sql, params)
sqlite3.IntegrityError: NOT NULL constraint failed: health_scores.score
2026-05-17 13:13:32 [INFO] src.scoring.health_score: Health score for 字节跳动官网: 92.7
2026-05-17 13:13:32 [INFO] src.scoring.health_score: Health score for 湖南农业大学门户: 97.3
2026-05-17 13:13:32 [INFO] src.scoring.health_score: Health score for 湖南省人民政府: 75.3
2026-05-17 13:13:32 [INFO] src.scoring.health_score: Health score for 腾讯官网: 97.9
2026-05-17 13:13:32 [ERROR] src.prediction.prophet_model: Prophet forecast error for 字节跳动官网/availability_score: 'Prophet' object has no attribute 'stan_backend'
2026-05-17 13:13:32 [ERROR] src.prediction.prophet_model: Prophet forecast error for 字节跳动官网/response_time_score: 'Prophet' object has no attribute 'stan_backend'
2026-05-17 13:13:32 [ERROR] src.prediction.prophet_model: Prophet forecast error for 字节跳动官网/security_score: 'Prophet' object has no attribute 'stan_backend'
2026-05-17 13:13:32 [ERROR] src.prediction.prophet_model: Prophet forecast error for 湖南农业大学门户/availability_score: 'Prophet' object has no attribute 'stan_backend'
2026-05-17 13:13:32 [ERROR] src.prediction.prophet_model: Prophet forecast error for 湖南农业大学门户/response_time_score: 'Prophet' object has no attribute 'stan_backend'
2026-05-17 13:13:32 [ERROR] src.prediction.prophet_model: Prophet forecast error for 湖南农业大学门户/security_score: 'Prophet' object has no attribute 'stan_backend'
2026-05-17 13:13:32 [ERROR] src.prediction.prophet_model: Prophet forecast error for 湖南省人民政府/availability_score: 'Prophet' object has no attribute 'stan_backend'
2026-05-17 13:13:32 [ERROR] src.prediction.prophet_model: Prophet forecast error for 湖南省人民政府/response_time_score: 'Prophet' object has no attribute 'stan_backend'
2026-05-17 13:13:32 [ERROR] src.prediction.prophet_model: Prophet forecast error for 湖南省人民政府/security_score: 'Prophet' object has no attribute 'stan_backend'
2026-05-17 13:13:32 [ERROR] src.prediction.prophet_model: Prophet forecast error for 腾讯官网/availability_score: 'Prophet' object has no attribute 'stan_backend'
2026-05-17 13:13:32 [ERROR] src.prediction.prophet_model: Prophet forecast error for 腾讯官网/response_time_score: 'Prophet' object has no attribute 'stan_backend'
2026-05-17 13:13:32 [ERROR] src.prediction.prophet_model: Prophet forecast error for 腾讯官网/security_score: 'Prophet' object has no attribute 'stan_backend'
2026-05-17 13:13:32 [INFO] __main__: Collection cycle complete — 4 targets processed
2026-05-17 13:14:46 [INFO] src.scoring.health_score: Health score for 字节跳动官网: 92.1
2026-05-17 13:14:46 [INFO] src.scoring.health_score: Health score for 湖南农业大学门户: 94.0
2026-05-17 13:14:46 [INFO] src.scoring.health_score: Health score for 湖南省人民政府: 83.0
2026-05-17 13:14:46 [INFO] src.scoring.health_score: Health score for 腾讯官网: 98.3
2026-05-17 13:14:46 [ERROR] src.prediction.prophet_model: Prophet forecast error for 字节跳动官网/availability_score: 'Prophet' object has no attribute 'stan_backend'
2026-05-17 13:14:46 [ERROR] src.prediction.prophet_model: Prophet forecast error for 字节跳动官网/response_time_score: 'Prophet' object has no attribute 'stan_backend'
2026-05-17 13:14:46 [ERROR] src.prediction.prophet_model: Prophet forecast error for 字节跳动官网/security_score: 'Prophet' object has no attribute 'stan_backend'
2026-05-17 13:14:46 [ERROR] src.prediction.prophet_model: Prophet forecast error for 湖南农业大学门户/availability_score: 'Prophet' object has no attribute 'stan_backend'
2026-05-17 13:14:46 [ERROR] src.prediction.prophet_model: Prophet forecast error for 湖南农业大学门户/response_time_score: 'Prophet' object has no attribute 'stan_backend'
2026-05-17 13:14:46 [ERROR] src.prediction.prophet_model: Prophet forecast error for 湖南农业大学门户/security_score: 'Prophet' object has no attribute 'stan_backend'
2026-05-17 13:14:46 [ERROR] src.prediction.prophet_model: Prophet forecast error for 湖南省人民政府/availability_score: 'Prophet' object has no attribute 'stan_backend'
2026-05-17 13:14:46 [ERROR] src.prediction.prophet_model: Prophet forecast error for 湖南省人民政府/response_time_score: 'Prophet' object has no attribute 'stan_backend'
2026-05-17 13:14:46 [ERROR] src.prediction.prophet_model: Prophet forecast error for 湖南省人民政府/security_score: 'Prophet' object has no attribute 'stan_backend'
2026-05-17 13:14:46 [ERROR] src.prediction.prophet_model: Prophet forecast error for 腾讯官网/availability_score: 'Prophet' object has no attribute 'stan_backend'
2026-05-17 13:14:46 [ERROR] src.prediction.prophet_model: Prophet forecast error for 腾讯官网/response_time_score: 'Prophet' object has no attribute 'stan_backend'
2026-05-17 13:14:46 [ERROR] src.prediction.prophet_model: Prophet forecast error for 腾讯官网/security_score: 'Prophet' object has no attribute 'stan_backend'
2026-05-17 13:14:46 [INFO] __main__: Collection cycle complete — 4 targets processed
2026-05-17 13:16:07 [ERROR] src.collection.threat_intel: OTX query error for 218.104.146.107: HTTPSConnectionPool(host='otx.alienvault.com', port=443): Read timed out. (read timeout=15)
2026-05-17 13:16:13 [INFO] src.scoring.health_score: Health score for 字节跳动官网: 91.3
2026-05-17 13:16:13 [ERROR] __main__: Collection cycle error: NOT NULL constraint failed: health_scores.score
Traceback (most recent call last):
  File "C:\internet_awareness\scheduler\collector_job.py", line 126, in _loop
    run_collection_cycle()
  File "C:\internet_awareness\scheduler\collector_job.py", line 110, in run_collection_cycle
    scores = health_score.compute_and_store(fused, db_path, weight_overrides)
             ^^^^^^^^^^^^^^^^^^^^^^^^^^^^^^^^^^^^^^^^^^^^^^^^^^^^^^^^^^^^^^^^
  File "C:\internet_awareness\src\scoring\health_score.py", line 51, in compute_and_store
    db.execute(
  File "C:\internet_awareness\src\storage\db.py", line 52, in execute
    conn.execute(sql, params)
sqlite3.IntegrityError: NOT NULL constraint failed: health_scores.score
2026-05-17 13:17:24 [INFO] src.scoring.health_score: Health score for 字节跳动官网: 92.1
2026-05-17 13:17:24 [INFO] src.scoring.health_score: Health score for 湖南农业大学门户: 98.8
2026-05-17 13:17:24 [INFO] src.scoring.health_score: Health score for 湖南省人民政府: 87.2
2026-05-17 13:17:24 [INFO] src.scoring.health_score: Health score for 腾讯官网: 95.6
2026-05-17 13:17:24 [ERROR] src.prediction.prophet_model: Prophet forecast error for 字节跳动官网/availability_score: 'Prophet' object has no attribute 'stan_backend'
2026-05-17 13:17:24 [ERROR] src.prediction.prophet_model: Prophet forecast error for 字节跳动官网/response_time_score: 'Prophet' object has no attribute 'stan_backend'
2026-05-17 13:17:24 [ERROR] src.prediction.prophet_model: Prophet forecast error for 字节跳动官网/security_score: 'Prophet' object has no attribute 'stan_backend'
2026-05-17 13:17:24 [ERROR] src.prediction.prophet_model: Prophet forecast error for 湖南农业大学门户/availability_score: 'Prophet' object has no attribute 'stan_backend'
2026-05-17 13:17:24 [ERROR] src.prediction.prophet_model: Prophet forecast error for 湖南农业大学门户/response_time_score: 'Prophet' object has no attribute 'stan_backend'
2026-05-17 13:17:24 [ERROR] src.prediction.prophet_model: Prophet forecast error for 湖南农业大学门户/security_score: 'Prophet' object has no attribute 'stan_backend'
2026-05-17 13:17:24 [ERROR] src.prediction.prophet_model: Prophet forecast error for 湖南省人民政府/availability_score: 'Prophet' object has no attribute 'stan_backend'
2026-05-17 13:17:24 [ERROR] src.prediction.prophet_model: Prophet forecast error for 湖南省人民政府/response_time_score: 'Prophet' object has no attribute 'stan_backend'
2026-05-17 13:17:24 [ERROR] src.prediction.prophet_model: Prophet forecast error for 湖南省人民政府/security_score: 'Prophet' object has no attribute 'stan_backend'
2026-05-17 13:17:24 [ERROR] src.prediction.prophet_model: Prophet forecast error for 腾讯官网/availability_score: 'Prophet' object has no attribute 'stan_backend'
2026-05-17 13:17:24 [ERROR] src.prediction.prophet_model: Prophet forecast error for 腾讯官网/response_time_score: 'Prophet' object has no attribute 'stan_backend'
2026-05-17 13:17:24 [ERROR] src.prediction.prophet_model: Prophet forecast error for 腾讯官网/security_score: 'Prophet' object has no attribute 'stan_backend'
2026-05-17 13:17:24 [INFO] __main__: Collection cycle complete — 4 targets processed
2026-05-17 13:18:44 [ERROR] src.collection.threat_intel: OTX query error for 218.104.146.107: HTTPSConnectionPool(host='otx.alienvault.com', port=443): Read timed out. (read timeout=15)
2026-05-17 13:19:03 [ERROR] src.collection.threat_intel: OTX query error for 113.246.57.9: HTTPSConnectionPool(host='otx.alienvault.com', port=443): Read timed out. (read timeout=15)
2026-05-17 13:19:06 [INFO] src.scoring.health_score: Health score for 字节跳动官网: 90.0
2026-05-17 13:19:06 [ERROR] __main__: Collection cycle error: NOT NULL constraint failed: health_scores.score
Traceback (most recent call last):
  File "C:\internet_awareness\scheduler\collector_job.py", line 126, in _loop
    run_collection_cycle()
  File "C:\internet_awareness\scheduler\collector_job.py", line 110, in run_collection_cycle
    scores = health_score.compute_and_store(fused, db_path, weight_overrides)
             ^^^^^^^^^^^^^^^^^^^^^^^^^^^^^^^^^^^^^^^^^^^^^^^^^^^^^^^^^^^^^^^^
  File "C:\internet_awareness\src\scoring\health_score.py", line 51, in compute_and_store
    db.execute(
  File "C:\internet_awareness\src\storage\db.py", line 52, in execute
    conn.execute(sql, params)
sqlite3.IntegrityError: NOT NULL constraint failed: health_scores.score
2026-05-17 13:20:25 [ERROR] src.collection.threat_intel: OTX query error for 218.104.146.107: HTTPSConnectionPool(host='otx.alienvault.com', port=443): Read timed out. (read timeout=15)
2026-05-17 13:20:32 [INFO] src.scoring.health_score: Health score for 字节跳动官网: 91.2
2026-05-17 13:20:32 [ERROR] __main__: Collection cycle error: NOT NULL constraint failed: health_scores.score
Traceback (most recent call last):
  File "C:\internet_awareness\scheduler\collector_job.py", line 126, in _loop
    run_collection_cycle()
  File "C:\internet_awareness\scheduler\collector_job.py", line 110, in run_collection_cycle
    scores = health_score.compute_and_store(fused, db_path, weight_overrides)
             ^^^^^^^^^^^^^^^^^^^^^^^^^^^^^^^^^^^^^^^^^^^^^^^^^^^^^^^^^^^^^^^^
  File "C:\internet_awareness\src\scoring\health_score.py", line 51, in compute_and_store
    db.execute(
  File "C:\internet_awareness\src\storage\db.py", line 52, in execute
    conn.execute(sql, params)
sqlite3.IntegrityError: NOT NULL constraint failed: health_scores.score
2026-05-17 13:21:43 [INFO] src.scoring.health_score: Health score for 字节跳动官网: 92.4
2026-05-17 13:21:43 [INFO] src.scoring.health_score: Health score for 湖南农业大学门户: 96.6
2026-05-17 13:21:43 [INFO] src.scoring.health_score: Health score for 湖南省人民政府: 89.2
2026-05-17 13:21:43 [INFO] src.scoring.health_score: Health score for 腾讯官网: 98.3
2026-05-17 13:21:43 [ERROR] src.prediction.prophet_model: Prophet forecast error for 字节跳动官网/availability_score: 'Prophet' object has no attribute 'stan_backend'
2026-05-17 13:21:43 [ERROR] src.prediction.prophet_model: Prophet forecast error for 字节跳动官网/response_time_score: 'Prophet' object has no attribute 'stan_backend'
2026-05-17 13:21:43 [ERROR] src.prediction.prophet_model: Prophet forecast error for 字节跳动官网/security_score: 'Prophet' object has no attribute 'stan_backend'
2026-05-17 13:21:43 [ERROR] src.prediction.prophet_model: Prophet forecast error for 湖南农业大学门户/availability_score: 'Prophet' object has no attribute 'stan_backend'
2026-05-17 13:21:43 [ERROR] src.prediction.prophet_model: Prophet forecast error for 湖南农业大学门户/response_time_score: 'Prophet' object has no attribute 'stan_backend'
2026-05-17 13:21:43 [ERROR] src.prediction.prophet_model: Prophet forecast error for 湖南农业大学门户/security_score: 'Prophet' object has no attribute 'stan_backend'
2026-05-17 13:21:43 [ERROR] src.prediction.prophet_model: Prophet forecast error for 湖南省人民政府/availability_score: 'Prophet' object has no attribute 'stan_backend'
2026-05-17 13:21:43 [ERROR] src.prediction.prophet_model: Prophet forecast error for 湖南省人民政府/response_time_score: 'Prophet' object has no attribute 'stan_backend'
2026-05-17 13:21:43 [ERROR] src.prediction.prophet_model: Prophet forecast error for 湖南省人民政府/security_score: 'Prophet' object has no attribute 'stan_backend'
2026-05-17 13:21:43 [ERROR] src.prediction.prophet_model: Prophet forecast error for 腾讯官网/availability_score: 'Prophet' object has no attribute 'stan_backend'
2026-05-17 13:21:43 [ERROR] src.prediction.prophet_model: Prophet forecast error for 腾讯官网/response_time_score: 'Prophet' object has no attribute 'stan_backend'
2026-05-17 13:21:43 [ERROR] src.prediction.prophet_model: Prophet forecast error for 腾讯官网/security_score: 'Prophet' object has no attribute 'stan_backend'
2026-05-17 13:21:43 [INFO] __main__: Collection cycle complete — 4 targets processed
2026-05-17 13:22:55 [INFO] src.scoring.health_score: Health score for 字节跳动官网: 92.5
2026-05-17 13:22:55 [INFO] src.scoring.health_score: Health score for 湖南农业大学门户: 97.9
2026-05-17 13:22:55 [INFO] src.scoring.health_score: Health score for 湖南省人民政府: 86.8
2026-05-17 13:22:55 [INFO] src.scoring.health_score: Health score for 腾讯官网: 98.4
2026-05-17 13:22:55 [ERROR] src.prediction.prophet_model: Prophet forecast error for 字节跳动官网/availability_score: 'Prophet' object has no attribute 'stan_backend'
2026-05-17 13:22:55 [ERROR] src.prediction.prophet_model: Prophet forecast error for 字节跳动官网/response_time_score: 'Prophet' object has no attribute 'stan_backend'
2026-05-17 13:22:55 [ERROR] src.prediction.prophet_model: Prophet forecast error for 字节跳动官网/security_score: 'Prophet' object has no attribute 'stan_backend'
2026-05-17 13:22:55 [ERROR] src.prediction.prophet_model: Prophet forecast error for 湖南农业大学门户/availability_score: 'Prophet' object has no attribute 'stan_backend'
2026-05-17 13:22:55 [ERROR] src.prediction.prophet_model: Prophet forecast error for 湖南农业大学门户/response_time_score: 'Prophet' object has no attribute 'stan_backend'
2026-05-17 13:22:55 [ERROR] src.prediction.prophet_model: Prophet forecast error for 湖南农业大学门户/security_score: 'Prophet' object has no attribute 'stan_backend'
2026-05-17 13:22:55 [ERROR] src.prediction.prophet_model: Prophet forecast error for 湖南省人民政府/availability_score: 'Prophet' object has no attribute 'stan_backend'
2026-05-17 13:22:55 [ERROR] src.prediction.prophet_model: Prophet forecast error for 湖南省人民政府/response_time_score: 'Prophet' object has no attribute 'stan_backend'
2026-05-17 13:22:55 [ERROR] src.prediction.prophet_model: Prophet forecast error for 湖南省人民政府/security_score: 'Prophet' object has no attribute 'stan_backend'
2026-05-17 13:22:55 [ERROR] src.prediction.prophet_model: Prophet forecast error for 腾讯官网/availability_score: 'Prophet' object has no attribute 'stan_backend'
2026-05-17 13:22:55 [ERROR] src.prediction.prophet_model: Prophet forecast error for 腾讯官网/response_time_score: 'Prophet' object has no attribute 'stan_backend'
2026-05-17 13:22:55 [ERROR] src.prediction.prophet_model: Prophet forecast error for 腾讯官网/security_score: 'Prophet' object has no attribute 'stan_backend'
2026-05-17 13:22:55 [INFO] __main__: Collection cycle complete — 4 targets processed
2026-05-17 13:24:08 [INFO] src.scoring.health_score: Health score for 字节跳动官网: 67.3
2026-05-17 13:24:08 [INFO] src.scoring.health_score: Health score for 湖南农业大学门户: 99.6
2026-05-17 13:24:08 [INFO] src.scoring.health_score: Health score for 湖南省人民政府: 84.0
2026-05-17 13:24:08 [INFO] src.scoring.health_score: Health score for 腾讯官网: 92.7
2026-05-17 13:24:08 [ERROR] src.prediction.prophet_model: Prophet forecast error for 字节跳动官网/availability_score: 'Prophet' object has no attribute 'stan_backend'
2026-05-17 13:24:08 [ERROR] src.prediction.prophet_model: Prophet forecast error for 字节跳动官网/response_time_score: 'Prophet' object has no attribute 'stan_backend'
2026-05-17 13:24:08 [ERROR] src.prediction.prophet_model: Prophet forecast error for 字节跳动官网/security_score: 'Prophet' object has no attribute 'stan_backend'
2026-05-17 13:24:08 [ERROR] src.prediction.prophet_model: Prophet forecast error for 湖南农业大学门户/availability_score: 'Prophet' object has no attribute 'stan_backend'
2026-05-17 13:24:08 [ERROR] src.prediction.prophet_model: Prophet forecast error for 湖南农业大学门户/response_time_score: 'Prophet' object has no attribute 'stan_backend'
2026-05-17 13:24:08 [ERROR] src.prediction.prophet_model: Prophet forecast error for 湖南农业大学门户/security_score: 'Prophet' object has no attribute 'stan_backend'
2026-05-17 13:24:08 [ERROR] src.prediction.prophet_model: Prophet forecast error for 湖南省人民政府/availability_score: 'Prophet' object has no attribute 'stan_backend'
2026-05-17 13:24:08 [ERROR] src.prediction.prophet_model: Prophet forecast error for 湖南省人民政府/response_time_score: 'Prophet' object has no attribute 'stan_backend'
2026-05-17 13:24:08 [ERROR] src.prediction.prophet_model: Prophet forecast error for 湖南省人民政府/security_score: 'Prophet' object has no attribute 'stan_backend'
2026-05-17 13:24:08 [ERROR] src.prediction.prophet_model: Prophet forecast error for 腾讯官网/availability_score: 'Prophet' object has no attribute 'stan_backend'
2026-05-17 13:24:08 [ERROR] src.prediction.prophet_model: Prophet forecast error for 腾讯官网/response_time_score: 'Prophet' object has no attribute 'stan_backend'
2026-05-17 13:24:08 [ERROR] src.prediction.prophet_model: Prophet forecast error for 腾讯官网/security_score: 'Prophet' object has no attribute 'stan_backend'
2026-05-17 13:24:08 [INFO] __main__: Collection cycle complete — 4 targets processed
2026-05-17 13:25:18 [INFO] src.scoring.health_score: Health score for 字节跳动官网: 91.4
2026-05-17 13:25:18 [INFO] src.scoring.health_score: Health score for 湖南农业大学门户: 99.1
2026-05-17 13:25:18 [INFO] src.scoring.health_score: Health score for 湖南省人民政府: 87.0
2026-05-17 13:25:18 [INFO] src.scoring.health_score: Health score for 腾讯官网: 98.7
2026-05-17 13:25:18 [ERROR] src.prediction.prophet_model: Prophet forecast error for 字节跳动官网/availability_score: 'Prophet' object has no attribute 'stan_backend'
2026-05-17 13:25:18 [ERROR] src.prediction.prophet_model: Prophet forecast error for 字节跳动官网/response_time_score: 'Prophet' object has no attribute 'stan_backend'
2026-05-17 13:25:18 [ERROR] src.prediction.prophet_model: Prophet forecast error for 字节跳动官网/security_score: 'Prophet' object has no attribute 'stan_backend'
2026-05-17 13:25:18 [ERROR] src.prediction.prophet_model: Prophet forecast error for 湖南农业大学门户/availability_score: 'Prophet' object has no attribute 'stan_backend'
2026-05-17 13:25:18 [ERROR] src.prediction.prophet_model: Prophet forecast error for 湖南农业大学门户/response_time_score: 'Prophet' object has no attribute 'stan_backend'
2026-05-17 13:25:18 [ERROR] src.prediction.prophet_model: Prophet forecast error for 湖南农业大学门户/security_score: 'Prophet' object has no attribute 'stan_backend'
2026-05-17 13:25:18 [ERROR] src.prediction.prophet_model: Prophet forecast error for 湖南省人民政府/availability_score: 'Prophet' object has no attribute 'stan_backend'
2026-05-17 13:25:18 [ERROR] src.prediction.prophet_model: Prophet forecast error for 湖南省人民政府/response_time_score: 'Prophet' object has no attribute 'stan_backend'
2026-05-17 13:25:18 [ERROR] src.prediction.prophet_model: Prophet forecast error for 湖南省人民政府/security_score: 'Prophet' object has no attribute 'stan_backend'
2026-05-17 13:25:18 [ERROR] src.prediction.prophet_model: Prophet forecast error for 腾讯官网/availability_score: 'Prophet' object has no attribute 'stan_backend'
2026-05-17 13:25:18 [ERROR] src.prediction.prophet_model: Prophet forecast error for 腾讯官网/response_time_score: 'Prophet' object has no attribute 'stan_backend'
2026-05-17 13:25:18 [ERROR] src.prediction.prophet_model: Prophet forecast error for 腾讯官网/security_score: 'Prophet' object has no attribute 'stan_backend'
2026-05-17 13:25:18 [INFO] __main__: Collection cycle complete — 4 targets processed
2026-05-17 13:26:31 [INFO] src.scoring.health_score: Health score for 字节跳动官网: 92.1
2026-05-17 13:26:31 [INFO] src.scoring.health_score: Health score for 湖南农业大学门户: 93.8
2026-05-17 13:26:32 [INFO] src.scoring.health_score: Health score for 湖南省人民政府: 90.8
2026-05-17 13:26:32 [INFO] src.scoring.health_score: Health score for 腾讯官网: 95.1
2026-05-17 13:26:32 [ERROR] src.prediction.prophet_model: Prophet forecast error for 字节跳动官网/availability_score: 'Prophet' object has no attribute 'stan_backend'
2026-05-17 13:26:32 [ERROR] src.prediction.prophet_model: Prophet forecast error for 字节跳动官网/response_time_score: 'Prophet' object has no attribute 'stan_backend'
2026-05-17 13:26:32 [ERROR] src.prediction.prophet_model: Prophet forecast error for 字节跳动官网/security_score: 'Prophet' object has no attribute 'stan_backend'
2026-05-17 13:26:32 [ERROR] src.prediction.prophet_model: Prophet forecast error for 湖南农业大学门户/availability_score: 'Prophet' object has no attribute 'stan_backend'
2026-05-17 13:26:32 [ERROR] src.prediction.prophet_model: Prophet forecast error for 湖南农业大学门户/response_time_score: 'Prophet' object has no attribute 'stan_backend'
2026-05-17 13:26:32 [ERROR] src.prediction.prophet_model: Prophet forecast error for 湖南农业大学门户/security_score: 'Prophet' object has no attribute 'stan_backend'
2026-05-17 13:26:32 [ERROR] src.prediction.prophet_model: Prophet forecast error for 湖南省人民政府/availability_score: 'Prophet' object has no attribute 'stan_backend'
2026-05-17 13:26:32 [ERROR] src.prediction.prophet_model: Prophet forecast error for 湖南省人民政府/response_time_score: 'Prophet' object has no attribute 'stan_backend'
2026-05-17 13:26:32 [ERROR] src.prediction.prophet_model: Prophet forecast error for 湖南省人民政府/security_score: 'Prophet' object has no attribute 'stan_backend'
2026-05-17 13:26:32 [ERROR] src.prediction.prophet_model: Prophet forecast error for 腾讯官网/availability_score: 'Prophet' object has no attribute 'stan_backend'
2026-05-17 13:26:32 [ERROR] src.prediction.prophet_model: Prophet forecast error for 腾讯官网/response_time_score: 'Prophet' object has no attribute 'stan_backend'
2026-05-17 13:26:32 [ERROR] src.prediction.prophet_model: Prophet forecast error for 腾讯官网/security_score: 'Prophet' object has no attribute 'stan_backend'
2026-05-17 13:26:32 [INFO] __main__: Collection cycle complete — 4 targets processed
2026-05-17 13:27:55 [ERROR] src.collection.threat_intel: OTX query error for 113.246.57.9: HTTPSConnectionPool(host='otx.alienvault.com', port=443): Read timed out. (read timeout=15)
2026-05-17 13:27:57 [INFO] src.scoring.health_score: Health score for 字节跳动官网: 89.0
2026-05-17 13:27:57 [INFO] src.scoring.health_score: Health score for 湖南农业大学门户: 99.7
2026-05-17 13:27:57 [ERROR] __main__: Collection cycle error: NOT NULL constraint failed: health_scores.score
Traceback (most recent call last):
  File "C:\internet_awareness\scheduler\collector_job.py", line 126, in _loop
    run_collection_cycle()
  File "C:\internet_awareness\scheduler\collector_job.py", line 110, in run_collection_cycle
    scores = health_score.compute_and_store(fused, db_path, weight_overrides)
             ^^^^^^^^^^^^^^^^^^^^^^^^^^^^^^^^^^^^^^^^^^^^^^^^^^^^^^^^^^^^^^^^
  File "C:\internet_awareness\src\scoring\health_score.py", line 51, in compute_and_store
    db.execute(
  File "C:\internet_awareness\src\storage\db.py", line 52, in execute
    conn.execute(sql, params)
sqlite3.IntegrityError: NOT NULL constraint failed: health_scores.score
2026-05-17 13:29:08 [INFO] src.scoring.health_score: Health score for 字节跳动官网: 90.2
2026-05-17 13:29:08 [INFO] src.scoring.health_score: Health score for 湖南农业大学门户: 98.7
2026-05-17 13:29:08 [INFO] src.scoring.health_score: Health score for 湖南省人民政府: 83.9
2026-05-17 13:29:08 [INFO] src.scoring.health_score: Health score for 腾讯官网: 95.2
2026-05-17 13:29:08 [ERROR] src.prediction.prophet_model: Prophet forecast error for 字节跳动官网/availability_score: 'Prophet' object has no attribute 'stan_backend'
2026-05-17 13:29:08 [ERROR] src.prediction.prophet_model: Prophet forecast error for 字节跳动官网/response_time_score: 'Prophet' object has no attribute 'stan_backend'
2026-05-17 13:29:08 [ERROR] src.prediction.prophet_model: Prophet forecast error for 字节跳动官网/security_score: 'Prophet' object has no attribute 'stan_backend'
2026-05-17 13:29:08 [ERROR] src.prediction.prophet_model: Prophet forecast error for 湖南农业大学门户/availability_score: 'Prophet' object has no attribute 'stan_backend'
2026-05-17 13:29:08 [ERROR] src.prediction.prophet_model: Prophet forecast error for 湖南农业大学门户/response_time_score: 'Prophet' object has no attribute 'stan_backend'
2026-05-17 13:29:08 [ERROR] src.prediction.prophet_model: Prophet forecast error for 湖南农业大学门户/security_score: 'Prophet' object has no attribute 'stan_backend'
2026-05-17 13:29:08 [ERROR] src.prediction.prophet_model: Prophet forecast error for 湖南省人民政府/availability_score: 'Prophet' object has no attribute 'stan_backend'
2026-05-17 13:29:08 [ERROR] src.prediction.prophet_model: Prophet forecast error for 湖南省人民政府/response_time_score: 'Prophet' object has no attribute 'stan_backend'
2026-05-17 13:29:08 [ERROR] src.prediction.prophet_model: Prophet forecast error for 湖南省人民政府/security_score: 'Prophet' object has no attribute 'stan_backend'
2026-05-17 13:29:08 [ERROR] src.prediction.prophet_model: Prophet forecast error for 腾讯官网/availability_score: 'Prophet' object has no attribute 'stan_backend'
2026-05-17 13:29:08 [ERROR] src.prediction.prophet_model: Prophet forecast error for 腾讯官网/response_time_score: 'Prophet' object has no attribute 'stan_backend'
2026-05-17 13:29:08 [ERROR] src.prediction.prophet_model: Prophet forecast error for 腾讯官网/security_score: 'Prophet' object has no attribute 'stan_backend'
2026-05-17 13:29:08 [INFO] __main__: Collection cycle complete — 4 targets processed
2026-05-17 13:30:20 [INFO] src.scoring.health_score: Health score for 字节跳动官网: 87.3
2026-05-17 13:30:20 [INFO] src.scoring.health_score: Health score for 湖南农业大学门户: 99.6
2026-05-17 13:30:20 [INFO] src.scoring.health_score: Health score for 湖南省人民政府: 87.7
2026-05-17 13:30:20 [INFO] src.scoring.health_score: Health score for 腾讯官网: 98.5
2026-05-17 13:30:20 [ERROR] src.prediction.prophet_model: Prophet forecast error for 字节跳动官网/availability_score: 'Prophet' object has no attribute 'stan_backend'
2026-05-17 13:30:20 [ERROR] src.prediction.prophet_model: Prophet forecast error for 字节跳动官网/response_time_score: 'Prophet' object has no attribute 'stan_backend'
2026-05-17 13:30:20 [ERROR] src.prediction.prophet_model: Prophet forecast error for 字节跳动官网/security_score: 'Prophet' object has no attribute 'stan_backend'
2026-05-17 13:30:20 [ERROR] src.prediction.prophet_model: Prophet forecast error for 湖南农业大学门户/availability_score: 'Prophet' object has no attribute 'stan_backend'
2026-05-17 13:30:20 [ERROR] src.prediction.prophet_model: Prophet forecast error for 湖南农业大学门户/response_time_score: 'Prophet' object has no attribute 'stan_backend'
2026-05-17 13:30:20 [ERROR] src.prediction.prophet_model: Prophet forecast error for 湖南农业大学门户/security_score: 'Prophet' object has no attribute 'stan_backend'
2026-05-17 13:30:20 [ERROR] src.prediction.prophet_model: Prophet forecast error for 湖南省人民政府/availability_score: 'Prophet' object has no attribute 'stan_backend'
2026-05-17 13:30:20 [ERROR] src.prediction.prophet_model: Prophet forecast error for 湖南省人民政府/response_time_score: 'Prophet' object has no attribute 'stan_backend'
2026-05-17 13:30:20 [ERROR] src.prediction.prophet_model: Prophet forecast error for 湖南省人民政府/security_score: 'Prophet' object has no attribute 'stan_backend'
2026-05-17 13:30:20 [ERROR] src.prediction.prophet_model: Prophet forecast error for 腾讯官网/availability_score: 'Prophet' object has no attribute 'stan_backend'
2026-05-17 13:30:20 [ERROR] src.prediction.prophet_model: Prophet forecast error for 腾讯官网/response_time_score: 'Prophet' object has no attribute 'stan_backend'
2026-05-17 13:30:20 [ERROR] src.prediction.prophet_model: Prophet forecast error for 腾讯官网/security_score: 'Prophet' object has no attribute 'stan_backend'
2026-05-17 13:30:20 [INFO] __main__: Collection cycle complete — 4 targets processed
2026-05-17 13:31:33 [INFO] src.scoring.health_score: Health score for 字节跳动官网: 91.6
2026-05-17 13:31:33 [INFO] src.scoring.health_score: Health score for 湖南农业大学门户: 94.1
2026-05-17 13:31:33 [INFO] src.scoring.health_score: Health score for 湖南省人民政府: 84.6
2026-05-17 13:31:33 [INFO] src.scoring.health_score: Health score for 腾讯官网: 95.3
2026-05-17 13:31:33 [ERROR] src.prediction.prophet_model: Prophet forecast error for 字节跳动官网/availability_score: 'Prophet' object has no attribute 'stan_backend'
2026-05-17 13:31:33 [ERROR] src.prediction.prophet_model: Prophet forecast error for 字节跳动官网/response_time_score: 'Prophet' object has no attribute 'stan_backend'
2026-05-17 13:31:33 [ERROR] src.prediction.prophet_model: Prophet forecast error for 字节跳动官网/security_score: 'Prophet' object has no attribute 'stan_backend'
2026-05-17 13:31:33 [ERROR] src.prediction.prophet_model: Prophet forecast error for 湖南农业大学门户/availability_score: 'Prophet' object has no attribute 'stan_backend'
2026-05-17 13:31:33 [ERROR] src.prediction.prophet_model: Prophet forecast error for 湖南农业大学门户/response_time_score: 'Prophet' object has no attribute 'stan_backend'
2026-05-17 13:31:33 [ERROR] src.prediction.prophet_model: Prophet forecast error for 湖南农业大学门户/security_score: 'Prophet' object has no attribute 'stan_backend'
2026-05-17 13:31:33 [ERROR] src.prediction.prophet_model: Prophet forecast error for 湖南省人民政府/availability_score: 'Prophet' object has no attribute 'stan_backend'
2026-05-17 13:31:33 [ERROR] src.prediction.prophet_model: Prophet forecast error for 湖南省人民政府/response_time_score: 'Prophet' object has no attribute 'stan_backend'
2026-05-17 13:31:33 [ERROR] src.prediction.prophet_model: Prophet forecast error for 湖南省人民政府/security_score: 'Prophet' object has no attribute 'stan_backend'
2026-05-17 13:31:33 [ERROR] src.prediction.prophet_model: Prophet forecast error for 腾讯官网/availability_score: 'Prophet' object has no attribute 'stan_backend'
2026-05-17 13:31:33 [ERROR] src.prediction.prophet_model: Prophet forecast error for 腾讯官网/response_time_score: 'Prophet' object has no attribute 'stan_backend'
2026-05-17 13:31:33 [ERROR] src.prediction.prophet_model: Prophet forecast error for 腾讯官网/security_score: 'Prophet' object has no attribute 'stan_backend'
2026-05-17 13:31:33 [INFO] __main__: Collection cycle complete — 4 targets processed
2026-05-17 13:32:43 [INFO] src.scoring.health_score: Health score for 字节跳动官网: 92.6
2026-05-17 13:32:43 [INFO] src.scoring.health_score: Health score for 湖南农业大学门户: 99.5
2026-05-17 13:32:43 [INFO] src.scoring.health_score: Health score for 湖南省人民政府: 88.8
2026-05-17 13:32:43 [INFO] src.scoring.health_score: Health score for 腾讯官网: 98.8
2026-05-17 13:32:43 [ERROR] src.prediction.prophet_model: Prophet forecast error for 字节跳动官网/availability_score: 'Prophet' object has no attribute 'stan_backend'
2026-05-17 13:32:43 [ERROR] src.prediction.prophet_model: Prophet forecast error for 字节跳动官网/response_time_score: 'Prophet' object has no attribute 'stan_backend'
2026-05-17 13:32:43 [ERROR] src.prediction.prophet_model: Prophet forecast error for 字节跳动官网/security_score: 'Prophet' object has no attribute 'stan_backend'
2026-05-17 13:32:43 [ERROR] src.prediction.prophet_model: Prophet forecast error for 湖南农业大学门户/availability_score: 'Prophet' object has no attribute 'stan_backend'
2026-05-17 13:32:43 [ERROR] src.prediction.prophet_model: Prophet forecast error for 湖南农业大学门户/response_time_score: 'Prophet' object has no attribute 'stan_backend'
2026-05-17 13:32:43 [ERROR] src.prediction.prophet_model: Prophet forecast error for 湖南农业大学门户/security_score: 'Prophet' object has no attribute 'stan_backend'
2026-05-17 13:32:43 [ERROR] src.prediction.prophet_model: Prophet forecast error for 湖南省人民政府/availability_score: 'Prophet' object has no attribute 'stan_backend'
2026-05-17 13:32:43 [ERROR] src.prediction.prophet_model: Prophet forecast error for 湖南省人民政府/response_time_score: 'Prophet' object has no attribute 'stan_backend'
2026-05-17 13:32:43 [ERROR] src.prediction.prophet_model: Prophet forecast error for 湖南省人民政府/security_score: 'Prophet' object has no attribute 'stan_backend'
2026-05-17 13:32:43 [ERROR] src.prediction.prophet_model: Prophet forecast error for 腾讯官网/availability_score: 'Prophet' object has no attribute 'stan_backend'
2026-05-17 13:32:43 [ERROR] src.prediction.prophet_model: Prophet forecast error for 腾讯官网/response_time_score: 'Prophet' object has no attribute 'stan_backend'
2026-05-17 13:32:43 [ERROR] src.prediction.prophet_model: Prophet forecast error for 腾讯官网/security_score: 'Prophet' object has no attribute 'stan_backend'
2026-05-17 13:32:43 [INFO] __main__: Collection cycle complete — 4 targets processed
2026-05-17 13:33:56 [INFO] src.scoring.health_score: Health score for 字节跳动官网: 89.5
2026-05-17 13:33:56 [INFO] src.scoring.health_score: Health score for 湖南农业大学门户: 93.9
2026-05-17 13:33:56 [INFO] src.scoring.health_score: Health score for 湖南省人民政府: 85.7
2026-05-17 13:33:56 [INFO] src.scoring.health_score: Health score for 腾讯官网: 98.7
2026-05-17 13:33:56 [ERROR] src.prediction.prophet_model: Prophet forecast error for 字节跳动官网/availability_score: 'Prophet' object has no attribute 'stan_backend'
2026-05-17 13:33:56 [ERROR] src.prediction.prophet_model: Prophet forecast error for 字节跳动官网/response_time_score: 'Prophet' object has no attribute 'stan_backend'
2026-05-17 13:33:56 [ERROR] src.prediction.prophet_model: Prophet forecast error for 字节跳动官网/security_score: 'Prophet' object has no attribute 'stan_backend'
2026-05-17 13:33:56 [ERROR] src.prediction.prophet_model: Prophet forecast error for 湖南农业大学门户/availability_score: 'Prophet' object has no attribute 'stan_backend'
2026-05-17 13:33:56 [ERROR] src.prediction.prophet_model: Prophet forecast error for 湖南农业大学门户/response_time_score: 'Prophet' object has no attribute 'stan_backend'
2026-05-17 13:33:56 [ERROR] src.prediction.prophet_model: Prophet forecast error for 湖南农业大学门户/security_score: 'Prophet' object has no attribute 'stan_backend'
2026-05-17 13:33:56 [ERROR] src.prediction.prophet_model: Prophet forecast error for 湖南省人民政府/availability_score: 'Prophet' object has no attribute 'stan_backend'
2026-05-17 13:33:56 [ERROR] src.prediction.prophet_model: Prophet forecast error for 湖南省人民政府/response_time_score: 'Prophet' object has no attribute 'stan_backend'
2026-05-17 13:33:56 [ERROR] src.prediction.prophet_model: Prophet forecast error for 湖南省人民政府/security_score: 'Prophet' object has no attribute 'stan_backend'
2026-05-17 13:33:56 [ERROR] src.prediction.prophet_model: Prophet forecast error for 腾讯官网/availability_score: 'Prophet' object has no attribute 'stan_backend'
2026-05-17 13:33:56 [ERROR] src.prediction.prophet_model: Prophet forecast error for 腾讯官网/response_time_score: 'Prophet' object has no attribute 'stan_backend'
2026-05-17 13:33:56 [ERROR] src.prediction.prophet_model: Prophet forecast error for 腾讯官网/security_score: 'Prophet' object has no attribute 'stan_backend'
2026-05-17 13:33:56 [INFO] __main__: Collection cycle complete — 4 targets processed
2026-05-17 13:35:06 [INFO] src.scoring.health_score: Health score for 字节跳动官网: 92.2
2026-05-17 13:35:06 [INFO] src.scoring.health_score: Health score for 湖南农业大学门户: 99.7
2026-05-17 13:35:06 [INFO] src.scoring.health_score: Health score for 湖南省人民政府: 88.2
2026-05-17 13:35:06 [INFO] src.scoring.health_score: Health score for 腾讯官网: 98.5
2026-05-17 13:35:06 [ERROR] src.prediction.prophet_model: Prophet forecast error for 字节跳动官网/availability_score: 'Prophet' object has no attribute 'stan_backend'
2026-05-17 13:35:06 [ERROR] src.prediction.prophet_model: Prophet forecast error for 字节跳动官网/response_time_score: 'Prophet' object has no attribute 'stan_backend'
2026-05-17 13:35:06 [ERROR] src.prediction.prophet_model: Prophet forecast error for 字节跳动官网/security_score: 'Prophet' object has no attribute 'stan_backend'
2026-05-17 13:35:06 [ERROR] src.prediction.prophet_model: Prophet forecast error for 湖南农业大学门户/availability_score: 'Prophet' object has no attribute 'stan_backend'
2026-05-17 13:35:06 [ERROR] src.prediction.prophet_model: Prophet forecast error for 湖南农业大学门户/response_time_score: 'Prophet' object has no attribute 'stan_backend'
2026-05-17 13:35:06 [ERROR] src.prediction.prophet_model: Prophet forecast error for 湖南农业大学门户/security_score: 'Prophet' object has no attribute 'stan_backend'
2026-05-17 13:35:06 [ERROR] src.prediction.prophet_model: Prophet forecast error for 湖南省人民政府/availability_score: 'Prophet' object has no attribute 'stan_backend'
2026-05-17 13:35:06 [ERROR] src.prediction.prophet_model: Prophet forecast error for 湖南省人民政府/response_time_score: 'Prophet' object has no attribute 'stan_backend'
2026-05-17 13:35:06 [ERROR] src.prediction.prophet_model: Prophet forecast error for 湖南省人民政府/security_score: 'Prophet' object has no attribute 'stan_backend'
2026-05-17 13:35:06 [ERROR] src.prediction.prophet_model: Prophet forecast error for 腾讯官网/availability_score: 'Prophet' object has no attribute 'stan_backend'
2026-05-17 13:35:06 [ERROR] src.prediction.prophet_model: Prophet forecast error for 腾讯官网/response_time_score: 'Prophet' object has no attribute 'stan_backend'
2026-05-17 13:35:06 [ERROR] src.prediction.prophet_model: Prophet forecast error for 腾讯官网/security_score: 'Prophet' object has no attribute 'stan_backend'
2026-05-17 13:35:06 [INFO] __main__: Collection cycle complete — 4 targets processed
2026-05-17 13:36:20 [INFO] src.scoring.health_score: Health score for 字节跳动官网: 90.8
2026-05-17 13:36:20 [INFO] src.scoring.health_score: Health score for 湖南农业大学门户: 99.1
2026-05-17 13:36:20 [INFO] src.scoring.health_score: Health score for 湖南省人民政府: 87.5
2026-05-17 13:36:20 [INFO] src.scoring.health_score: Health score for 腾讯官网: 92.8
2026-05-17 13:36:20 [ERROR] src.prediction.prophet_model: Prophet forecast error for 字节跳动官网/availability_score: 'Prophet' object has no attribute 'stan_backend'
2026-05-17 13:36:20 [ERROR] src.prediction.prophet_model: Prophet forecast error for 字节跳动官网/response_time_score: 'Prophet' object has no attribute 'stan_backend'
2026-05-17 13:36:20 [ERROR] src.prediction.prophet_model: Prophet forecast error for 字节跳动官网/security_score: 'Prophet' object has no attribute 'stan_backend'
2026-05-17 13:36:20 [ERROR] src.prediction.prophet_model: Prophet forecast error for 湖南农业大学门户/availability_score: 'Prophet' object has no attribute 'stan_backend'
2026-05-17 13:36:21 [ERROR] src.prediction.prophet_model: Prophet forecast error for 湖南农业大学门户/response_time_score: 'Prophet' object has no attribute 'stan_backend'
2026-05-17 13:36:21 [ERROR] src.prediction.prophet_model: Prophet forecast error for 湖南农业大学门户/security_score: 'Prophet' object has no attribute 'stan_backend'
2026-05-17 13:36:21 [ERROR] src.prediction.prophet_model: Prophet forecast error for 湖南省人民政府/availability_score: 'Prophet' object has no attribute 'stan_backend'
2026-05-17 13:36:21 [ERROR] src.prediction.prophet_model: Prophet forecast error for 湖南省人民政府/response_time_score: 'Prophet' object has no attribute 'stan_backend'
2026-05-17 13:36:21 [ERROR] src.prediction.prophet_model: Prophet forecast error for 湖南省人民政府/security_score: 'Prophet' object has no attribute 'stan_backend'
2026-05-17 13:36:21 [ERROR] src.prediction.prophet_model: Prophet forecast error for 腾讯官网/availability_score: 'Prophet' object has no attribute 'stan_backend'
2026-05-17 13:36:21 [ERROR] src.prediction.prophet_model: Prophet forecast error for 腾讯官网/response_time_score: 'Prophet' object has no attribute 'stan_backend'
2026-05-17 13:36:21 [ERROR] src.prediction.prophet_model: Prophet forecast error for 腾讯官网/security_score: 'Prophet' object has no attribute 'stan_backend'
2026-05-17 13:36:21 [INFO] __main__: Collection cycle complete — 4 targets processed
2026-05-17 13:37:31 [INFO] src.scoring.health_score: Health score for 字节跳动官网: 92.0
2026-05-17 13:37:31 [INFO] src.scoring.health_score: Health score for 湖南农业大学门户: 99.1
2026-05-17 13:37:31 [INFO] src.scoring.health_score: Health score for 湖南省人民政府: 90.0
2026-05-17 13:37:31 [INFO] src.scoring.health_score: Health score for 腾讯官网: 98.7
2026-05-17 13:37:31 [ERROR] src.prediction.prophet_model: Prophet forecast error for 字节跳动官网/availability_score: 'Prophet' object has no attribute 'stan_backend'
2026-05-17 13:37:31 [ERROR] src.prediction.prophet_model: Prophet forecast error for 字节跳动官网/response_time_score: 'Prophet' object has no attribute 'stan_backend'
2026-05-17 13:37:31 [ERROR] src.prediction.prophet_model: Prophet forecast error for 字节跳动官网/security_score: 'Prophet' object has no attribute 'stan_backend'
2026-05-17 13:37:31 [ERROR] src.prediction.prophet_model: Prophet forecast error for 湖南农业大学门户/availability_score: 'Prophet' object has no attribute 'stan_backend'
2026-05-17 13:37:32 [ERROR] src.prediction.prophet_model: Prophet forecast error for 湖南农业大学门户/response_time_score: 'Prophet' object has no attribute 'stan_backend'
2026-05-17 13:37:32 [ERROR] src.prediction.prophet_model: Prophet forecast error for 湖南农业大学门户/security_score: 'Prophet' object has no attribute 'stan_backend'
2026-05-17 13:37:32 [ERROR] src.prediction.prophet_model: Prophet forecast error for 湖南省人民政府/availability_score: 'Prophet' object has no attribute 'stan_backend'
2026-05-17 13:37:32 [ERROR] src.prediction.prophet_model: Prophet forecast error for 湖南省人民政府/response_time_score: 'Prophet' object has no attribute 'stan_backend'
2026-05-17 13:37:32 [ERROR] src.prediction.prophet_model: Prophet forecast error for 湖南省人民政府/security_score: 'Prophet' object has no attribute 'stan_backend'
2026-05-17 13:37:32 [ERROR] src.prediction.prophet_model: Prophet forecast error for 腾讯官网/availability_score: 'Prophet' object has no attribute 'stan_backend'
2026-05-17 13:37:32 [ERROR] src.prediction.prophet_model: Prophet forecast error for 腾讯官网/response_time_score: 'Prophet' object has no attribute 'stan_backend'
2026-05-17 13:37:32 [ERROR] src.prediction.prophet_model: Prophet forecast error for 腾讯官网/security_score: 'Prophet' object has no attribute 'stan_backend'
2026-05-17 13:37:32 [INFO] __main__: Collection cycle complete — 4 targets processed
2026-05-17 13:38:42 [INFO] src.scoring.health_score: Health score for 字节跳动官网: 92.6
2026-05-17 13:38:42 [INFO] src.scoring.health_score: Health score for 湖南农业大学门户: 99.6
2026-05-17 13:38:42 [INFO] src.scoring.health_score: Health score for 湖南省人民政府: 73.4
2026-05-17 13:38:42 [INFO] src.scoring.health_score: Health score for 腾讯官网: 95.9
2026-05-17 13:38:42 [ERROR] src.prediction.prophet_model: Prophet forecast error for 字节跳动官网/availability_score: 'Prophet' object has no attribute 'stan_backend'
2026-05-17 13:38:42 [ERROR] src.prediction.prophet_model: Prophet forecast error for 字节跳动官网/response_time_score: 'Prophet' object has no attribute 'stan_backend'
2026-05-17 13:38:42 [ERROR] src.prediction.prophet_model: Prophet forecast error for 字节跳动官网/security_score: 'Prophet' object has no attribute 'stan_backend'
2026-05-17 13:38:42 [ERROR] src.prediction.prophet_model: Prophet forecast error for 湖南农业大学门户/availability_score: 'Prophet' object has no attribute 'stan_backend'
2026-05-17 13:38:42 [ERROR] src.prediction.prophet_model: Prophet forecast error for 湖南农业大学门户/response_time_score: 'Prophet' object has no attribute 'stan_backend'
2026-05-17 13:38:42 [ERROR] src.prediction.prophet_model: Prophet forecast error for 湖南农业大学门户/security_score: 'Prophet' object has no attribute 'stan_backend'
2026-05-17 13:38:42 [ERROR] src.prediction.prophet_model: Prophet forecast error for 湖南省人民政府/availability_score: 'Prophet' object has no attribute 'stan_backend'
2026-05-17 13:38:42 [ERROR] src.prediction.prophet_model: Prophet forecast error for 湖南省人民政府/response_time_score: 'Prophet' object has no attribute 'stan_backend'
2026-05-17 13:38:42 [ERROR] src.prediction.prophet_model: Prophet forecast error for 湖南省人民政府/security_score: 'Prophet' object has no attribute 'stan_backend'
2026-05-17 13:38:42 [ERROR] src.prediction.prophet_model: Prophet forecast error for 腾讯官网/availability_score: 'Prophet' object has no attribute 'stan_backend'
2026-05-17 13:38:42 [ERROR] src.prediction.prophet_model: Prophet forecast error for 腾讯官网/response_time_score: 'Prophet' object has no attribute 'stan_backend'
2026-05-17 13:38:42 [ERROR] src.prediction.prophet_model: Prophet forecast error for 腾讯官网/security_score: 'Prophet' object has no attribute 'stan_backend'
2026-05-17 13:38:42 [INFO] __main__: Collection cycle complete — 4 targets processed
2026-05-17 13:39:54 [WARNING] src.collection.threat_intel: OTX returned 429 for IP 116.162.169.116
2026-05-17 13:39:55 [INFO] src.scoring.health_score: Health score for 字节跳动官网: 93.7
2026-05-17 13:39:55 [INFO] src.scoring.health_score: Health score for 湖南农业大学门户: 96.5
2026-05-17 13:39:55 [INFO] src.scoring.health_score: Health score for 湖南省人民政府: 84.7
2026-05-17 13:39:55 [ERROR] __main__: Collection cycle error: NOT NULL constraint failed: health_scores.score
Traceback (most recent call last):
  File "C:\internet_awareness\scheduler\collector_job.py", line 126, in _loop
    run_collection_cycle()
  File "C:\internet_awareness\scheduler\collector_job.py", line 110, in run_collection_cycle
    scores = health_score.compute_and_store(fused, db_path, weight_overrides)
             ^^^^^^^^^^^^^^^^^^^^^^^^^^^^^^^^^^^^^^^^^^^^^^^^^^^^^^^^^^^^^^^^
  File "C:\internet_awareness\src\scoring\health_score.py", line 51, in compute_and_store
    db.execute(
  File "C:\internet_awareness\src\storage\db.py", line 52, in execute
    conn.execute(sql, params)
sqlite3.IntegrityError: NOT NULL constraint failed: health_scores.score
2026-05-17 13:41:06 [INFO] src.scoring.health_score: Health score for 字节跳动官网: 92.0
2026-05-17 13:41:06 [INFO] src.scoring.health_score: Health score for 湖南农业大学门户: 97.2
2026-05-17 13:41:06 [INFO] src.scoring.health_score: Health score for 湖南省人民政府: 86.3
2026-05-17 13:41:06 [INFO] src.scoring.health_score: Health score for 腾讯官网: 98.0
2026-05-17 13:41:06 [ERROR] src.prediction.prophet_model: Prophet forecast error for 字节跳动官网/availability_score: 'Prophet' object has no attribute 'stan_backend'
2026-05-17 13:41:06 [ERROR] src.prediction.prophet_model: Prophet forecast error for 字节跳动官网/response_time_score: 'Prophet' object has no attribute 'stan_backend'
2026-05-17 13:41:06 [ERROR] src.prediction.prophet_model: Prophet forecast error for 字节跳动官网/security_score: 'Prophet' object has no attribute 'stan_backend'
2026-05-17 13:41:06 [ERROR] src.prediction.prophet_model: Prophet forecast error for 湖南农业大学门户/availability_score: 'Prophet' object has no attribute 'stan_backend'
2026-05-17 13:41:06 [ERROR] src.prediction.prophet_model: Prophet forecast error for 湖南农业大学门户/response_time_score: 'Prophet' object has no attribute 'stan_backend'
2026-05-17 13:41:06 [ERROR] src.prediction.prophet_model: Prophet forecast error for 湖南农业大学门户/security_score: 'Prophet' object has no attribute 'stan_backend'
2026-05-17 13:41:06 [ERROR] src.prediction.prophet_model: Prophet forecast error for 湖南省人民政府/availability_score: 'Prophet' object has no attribute 'stan_backend'
2026-05-17 13:41:06 [ERROR] src.prediction.prophet_model: Prophet forecast error for 湖南省人民政府/response_time_score: 'Prophet' object has no attribute 'stan_backend'
2026-05-17 13:41:06 [ERROR] src.prediction.prophet_model: Prophet forecast error for 湖南省人民政府/security_score: 'Prophet' object has no attribute 'stan_backend'
2026-05-17 13:41:06 [ERROR] src.prediction.prophet_model: Prophet forecast error for 腾讯官网/availability_score: 'Prophet' object has no attribute 'stan_backend'
2026-05-17 13:41:06 [ERROR] src.prediction.prophet_model: Prophet forecast error for 腾讯官网/response_time_score: 'Prophet' object has no attribute 'stan_backend'
2026-05-17 13:41:06 [ERROR] src.prediction.prophet_model: Prophet forecast error for 腾讯官网/security_score: 'Prophet' object has no attribute 'stan_backend'
2026-05-17 13:41:06 [INFO] __main__: Collection cycle complete — 4 targets processed
2026-05-17 13:42:10 [WARNING] src.collection.threat_intel: OTX returned 429 for IP 218.104.146.107
2026-05-17 13:42:14 [WARNING] src.collection.threat_intel: OTX returned 429 for IP 113.246.57.9
2026-05-17 13:42:23 [WARNING] src.collection.threat_intel: OTX returned 429 for IP 42.48.120.66
2026-05-17 13:42:24 [WARNING] src.collection.threat_intel: OTX returned 429 for IP 116.162.169.116
2026-05-17 13:42:24 [INFO] src.scoring.health_score: Health score for 字节跳动官网: 92.2
2026-05-17 13:42:24 [INFO] src.scoring.health_score: Health score for 湖南农业大学门户: 99.7
2026-05-17 13:42:24 [INFO] src.scoring.health_score: Health score for 湖南省人民政府: 85.9
2026-05-17 13:42:24 [INFO] src.scoring.health_score: Health score for 腾讯官网: 97.5
2026-05-17 13:42:24 [ERROR] src.prediction.prophet_model: Prophet forecast error for 字节跳动官网/availability_score: 'Prophet' object has no attribute 'stan_backend'
2026-05-17 13:42:24 [ERROR] src.prediction.prophet_model: Prophet forecast error for 字节跳动官网/response_time_score: 'Prophet' object has no attribute 'stan_backend'
2026-05-17 13:42:24 [ERROR] src.prediction.prophet_model: Prophet forecast error for 湖南农业大学门户/availability_score: 'Prophet' object has no attribute 'stan_backend'
2026-05-17 13:42:24 [ERROR] src.prediction.prophet_model: Prophet forecast error for 湖南农业大学门户/response_time_score: 'Prophet' object has no attribute 'stan_backend'
2026-05-17 13:42:24 [ERROR] src.prediction.prophet_model: Prophet forecast error for 湖南省人民政府/availability_score: 'Prophet' object has no attribute 'stan_backend'
2026-05-17 13:42:24 [ERROR] src.prediction.prophet_model: Prophet forecast error for 湖南省人民政府/response_time_score: 'Prophet' object has no attribute 'stan_backend'
2026-05-17 13:42:24 [ERROR] src.prediction.prophet_model: Prophet forecast error for 腾讯官网/availability_score: 'Prophet' object has no attribute 'stan_backend'
2026-05-17 13:42:24 [ERROR] src.prediction.prophet_model: Prophet forecast error for 腾讯官网/response_time_score: 'Prophet' object has no attribute 'stan_backend'
2026-05-17 13:42:24 [INFO] __main__: Collection cycle complete — 4 targets processed
2026-05-17 13:43:33 [WARNING] src.collection.threat_intel: OTX returned 429 for IP 42.48.120.66
2026-05-17 13:43:34 [WARNING] src.collection.threat_intel: OTX returned 429 for IP 116.162.169.116
2026-05-17 13:43:34 [ERROR] __main__: Collection cycle error: NOT NULL constraint failed: health_scores.score
Traceback (most recent call last):
  File "C:\internet_awareness\scheduler\collector_job.py", line 126, in _loop
    run_collection_cycle()
  File "C:\internet_awareness\scheduler\collector_job.py", line 110, in run_collection_cycle
    scores = health_score.compute_and_store(fused, db_path, weight_overrides)
             ^^^^^^^^^^^^^^^^^^^^^^^^^^^^^^^^^^^^^^^^^^^^^^^^^^^^^^^^^^^^^^^^
  File "C:\internet_awareness\src\scoring\health_score.py", line 51, in compute_and_store
    db.execute(
  File "C:\internet_awareness\src\storage\db.py", line 52, in execute
    conn.execute(sql, params)
sqlite3.IntegrityError: NOT NULL constraint failed: health_scores.score
2026-05-17 13:44:39 [WARNING] src.collection.threat_intel: OTX returned 429 for IP 218.104.146.107
2026-05-17 13:44:43 [WARNING] src.collection.threat_intel: OTX returned 429 for IP 113.246.57.9
2026-05-17 13:44:46 [WARNING] src.collection.threat_intel: OTX returned 429 for IP 116.162.169.116
2026-05-17 13:44:46 [INFO] src.scoring.health_score: Health score for 字节跳动官网: 92.4
2026-05-17 13:44:46 [ERROR] __main__: Collection cycle error: NOT NULL constraint failed: health_scores.score
Traceback (most recent call last):
  File "C:\internet_awareness\scheduler\collector_job.py", line 126, in _loop
    run_collection_cycle()
  File "C:\internet_awareness\scheduler\collector_job.py", line 110, in run_collection_cycle
    scores = health_score.compute_and_store(fused, db_path, weight_overrides)
             ^^^^^^^^^^^^^^^^^^^^^^^^^^^^^^^^^^^^^^^^^^^^^^^^^^^^^^^^^^^^^^^^
  File "C:\internet_awareness\src\scoring\health_score.py", line 51, in compute_and_store
    db.execute(
  File "C:\internet_awareness\src\storage\db.py", line 52, in execute
    conn.execute(sql, params)
sqlite3.IntegrityError: NOT NULL constraint failed: health_scores.score
2026-05-17 13:45:57 [INFO] src.scoring.health_score: Health score for 字节跳动官网: 85.7
2026-05-17 13:45:57 [INFO] src.scoring.health_score: Health score for 湖南农业大学门户: 99.8
2026-05-17 13:45:57 [INFO] src.scoring.health_score: Health score for 湖南省人民政府: 78.5
2026-05-17 13:45:57 [INFO] src.scoring.health_score: Health score for 腾讯官网: 98.3
2026-05-17 13:45:57 [ERROR] src.prediction.prophet_model: Prophet forecast error for 字节跳动官网/availability_score: 'Prophet' object has no attribute 'stan_backend'
2026-05-17 13:45:57 [ERROR] src.prediction.prophet_model: Prophet forecast error for 字节跳动官网/response_time_score: 'Prophet' object has no attribute 'stan_backend'
2026-05-17 13:45:57 [ERROR] src.prediction.prophet_model: Prophet forecast error for 字节跳动官网/security_score: 'Prophet' object has no attribute 'stan_backend'
2026-05-17 13:45:57 [ERROR] src.prediction.prophet_model: Prophet forecast error for 湖南农业大学门户/availability_score: 'Prophet' object has no attribute 'stan_backend'
2026-05-17 13:45:57 [ERROR] src.prediction.prophet_model: Prophet forecast error for 湖南农业大学门户/response_time_score: 'Prophet' object has no attribute 'stan_backend'
2026-05-17 13:45:57 [ERROR] src.prediction.prophet_model: Prophet forecast error for 湖南农业大学门户/security_score: 'Prophet' object has no attribute 'stan_backend'
2026-05-17 13:45:57 [ERROR] src.prediction.prophet_model: Prophet forecast error for 湖南省人民政府/availability_score: 'Prophet' object has no attribute 'stan_backend'
2026-05-17 13:45:57 [ERROR] src.prediction.prophet_model: Prophet forecast error for 湖南省人民政府/response_time_score: 'Prophet' object has no attribute 'stan_backend'
2026-05-17 13:45:57 [ERROR] src.prediction.prophet_model: Prophet forecast error for 湖南省人民政府/security_score: 'Prophet' object has no attribute 'stan_backend'
2026-05-17 13:45:57 [ERROR] src.prediction.prophet_model: Prophet forecast error for 腾讯官网/availability_score: 'Prophet' object has no attribute 'stan_backend'
2026-05-17 13:45:57 [ERROR] src.prediction.prophet_model: Prophet forecast error for 腾讯官网/response_time_score: 'Prophet' object has no attribute 'stan_backend'
2026-05-17 13:45:57 [ERROR] src.prediction.prophet_model: Prophet forecast error for 腾讯官网/security_score: 'Prophet' object has no attribute 'stan_backend'
2026-05-17 13:45:57 [INFO] __main__: Collection cycle complete — 4 targets processed
2026-05-17 13:47:02 [WARNING] src.collection.threat_intel: OTX returned 429 for IP 218.104.146.107
2026-05-17 13:47:08 [WARNING] src.collection.threat_intel: OTX returned 429 for IP 42.48.120.66
2026-05-17 13:47:10 [WARNING] src.collection.threat_intel: OTX returned 429 for IP 116.162.169.116
2026-05-17 13:47:11 [ERROR] __main__: Collection cycle error: NOT NULL constraint failed: health_scores.score
Traceback (most recent call last):
  File "C:\internet_awareness\scheduler\collector_job.py", line 126, in _loop
    run_collection_cycle()
  File "C:\internet_awareness\scheduler\collector_job.py", line 110, in run_collection_cycle
    scores = health_score.compute_and_store(fused, db_path, weight_overrides)
             ^^^^^^^^^^^^^^^^^^^^^^^^^^^^^^^^^^^^^^^^^^^^^^^^^^^^^^^^^^^^^^^^
  File "C:\internet_awareness\src\scoring\health_score.py", line 51, in compute_and_store
    db.execute(
  File "C:\internet_awareness\src\storage\db.py", line 52, in execute
    conn.execute(sql, params)
sqlite3.IntegrityError: NOT NULL constraint failed: health_scores.score
2026-05-17 13:48:20 [WARNING] src.collection.threat_intel: OTX returned 429 for IP 42.48.120.66
2026-05-17 13:48:21 [ERROR] __main__: Collection cycle error: NOT NULL constraint failed: health_scores.score
Traceback (most recent call last):
  File "C:\internet_awareness\scheduler\collector_job.py", line 126, in _loop
    run_collection_cycle()
  File "C:\internet_awareness\scheduler\collector_job.py", line 110, in run_collection_cycle
    scores = health_score.compute_and_store(fused, db_path, weight_overrides)
             ^^^^^^^^^^^^^^^^^^^^^^^^^^^^^^^^^^^^^^^^^^^^^^^^^^^^^^^^^^^^^^^^
  File "C:\internet_awareness\src\scoring\health_score.py", line 51, in compute_and_store
    db.execute(
  File "C:\internet_awareness\src\storage\db.py", line 52, in execute
    conn.execute(sql, params)
sqlite3.IntegrityError: NOT NULL constraint failed: health_scores.score
2026-05-17 13:49:32 [INFO] src.scoring.health_score: Health score for 字节跳动官网: 92.3
2026-05-17 13:49:32 [INFO] src.scoring.health_score: Health score for 湖南农业大学门户: 97.8
2026-05-17 13:49:32 [INFO] src.scoring.health_score: Health score for 湖南省人民政府: 83.6
2026-05-17 13:49:32 [INFO] src.scoring.health_score: Health score for 腾讯官网: 98.4
2026-05-17 13:49:32 [ERROR] src.prediction.prophet_model: Prophet forecast error for 字节跳动官网/availability_score: 'Prophet' object has no attribute 'stan_backend'
2026-05-17 13:49:32 [ERROR] src.prediction.prophet_model: Prophet forecast error for 字节跳动官网/response_time_score: 'Prophet' object has no attribute 'stan_backend'
2026-05-17 13:49:32 [ERROR] src.prediction.prophet_model: Prophet forecast error for 字节跳动官网/security_score: 'Prophet' object has no attribute 'stan_backend'
2026-05-17 13:49:32 [ERROR] src.prediction.prophet_model: Prophet forecast error for 湖南农业大学门户/availability_score: 'Prophet' object has no attribute 'stan_backend'
2026-05-17 13:49:32 [ERROR] src.prediction.prophet_model: Prophet forecast error for 湖南农业大学门户/response_time_score: 'Prophet' object has no attribute 'stan_backend'
2026-05-17 13:49:32 [ERROR] src.prediction.prophet_model: Prophet forecast error for 湖南农业大学门户/security_score: 'Prophet' object has no attribute 'stan_backend'
2026-05-17 13:49:32 [ERROR] src.prediction.prophet_model: Prophet forecast error for 湖南省人民政府/availability_score: 'Prophet' object has no attribute 'stan_backend'
2026-05-17 13:49:32 [ERROR] src.prediction.prophet_model: Prophet forecast error for 湖南省人民政府/response_time_score: 'Prophet' object has no attribute 'stan_backend'
2026-05-17 13:49:32 [ERROR] src.prediction.prophet_model: Prophet forecast error for 湖南省人民政府/security_score: 'Prophet' object has no attribute 'stan_backend'
2026-05-17 13:49:32 [ERROR] src.prediction.prophet_model: Prophet forecast error for 腾讯官网/availability_score: 'Prophet' object has no attribute 'stan_backend'
2026-05-17 13:49:32 [ERROR] src.prediction.prophet_model: Prophet forecast error for 腾讯官网/response_time_score: 'Prophet' object has no attribute 'stan_backend'
2026-05-17 13:49:32 [ERROR] src.prediction.prophet_model: Prophet forecast error for 腾讯官网/security_score: 'Prophet' object has no attribute 'stan_backend'
2026-05-17 13:49:32 [INFO] __main__: Collection cycle complete — 4 targets processed
2026-05-17 13:50:41 [WARNING] src.collection.threat_intel: OTX returned 429 for IP 113.246.57.9
2026-05-17 13:50:42 [WARNING] src.collection.threat_intel: OTX returned 429 for IP 42.48.120.66
2026-05-17 13:50:43 [WARNING] src.collection.threat_intel: OTX returned 429 for IP 116.162.169.116
2026-05-17 13:50:43 [ERROR] __main__: Collection cycle error: NOT NULL constraint failed: health_scores.score
Traceback (most recent call last):
  File "C:\internet_awareness\scheduler\collector_job.py", line 126, in _loop
    run_collection_cycle()
  File "C:\internet_awareness\scheduler\collector_job.py", line 110, in run_collection_cycle
    scores = health_score.compute_and_store(fused, db_path, weight_overrides)
             ^^^^^^^^^^^^^^^^^^^^^^^^^^^^^^^^^^^^^^^^^^^^^^^^^^^^^^^^^^^^^^^^
  File "C:\internet_awareness\src\scoring\health_score.py", line 51, in compute_and_store
    db.execute(
  File "C:\internet_awareness\src\storage\db.py", line 52, in execute
    conn.execute(sql, params)
sqlite3.IntegrityError: NOT NULL constraint failed: health_scores.score
2026-05-17 14:10:38 [INFO] src.storage.db: Database initialised at C:\internet_awareness\data\awareness.db
2026-05-17 14:10:38 [INFO] __main__: Starting standalone collector
2026-05-17 14:10:48 [INFO] src.scoring.health_score: Health score for 字节跳动官网: 93.0
2026-05-17 14:10:48 [INFO] src.scoring.health_score: Health score for 湖南农业大学门户: 98.4
2026-05-17 14:10:48 [INFO] src.scoring.health_score: Health score for 湖南省人民政府: 94.3
2026-05-17 14:10:48 [INFO] src.scoring.health_score: Health score for 腾讯官网: 99.0
2026-05-17 14:10:48 [ERROR] src.prediction.prophet_model: Prophet forecast error for 字节跳动官网/availability_score: Prophet init failed (CmdStan missing?): 'Prophet' object has no attribute 'stan_backend'
2026-05-17 14:10:48 [ERROR] src.prediction.prophet_model: Prophet forecast error for 字节跳动官网/response_time_score: Prophet init failed (CmdStan missing?): 'Prophet' object has no attribute 'stan_backend'
2026-05-17 14:10:48 [ERROR] src.prediction.prophet_model: Prophet forecast error for 字节跳动官网/security_score: Prophet init failed (CmdStan missing?): 'Prophet' object has no attribute 'stan_backend'
2026-05-17 14:10:48 [ERROR] src.prediction.prophet_model: Prophet forecast error for 湖南农业大学门户/availability_score: Prophet init failed (CmdStan missing?): 'Prophet' object has no attribute 'stan_backend'
2026-05-17 14:10:48 [ERROR] src.prediction.prophet_model: Prophet forecast error for 湖南农业大学门户/response_time_score: Prophet init failed (CmdStan missing?): 'Prophet' object has no attribute 'stan_backend'
2026-05-17 14:10:48 [ERROR] src.prediction.prophet_model: Prophet forecast error for 湖南农业大学门户/security_score: Prophet init failed (CmdStan missing?): 'Prophet' object has no attribute 'stan_backend'
2026-05-17 14:10:48 [ERROR] src.prediction.prophet_model: Prophet forecast error for 湖南省人民政府/availability_score: Prophet init failed (CmdStan missing?): 'Prophet' object has no attribute 'stan_backend'
2026-05-17 14:10:48 [ERROR] src.prediction.prophet_model: Prophet forecast error for 湖南省人民政府/response_time_score: Prophet init failed (CmdStan missing?): 'Prophet' object has no attribute 'stan_backend'
2026-05-17 14:10:48 [ERROR] src.prediction.prophet_model: Prophet forecast error for 湖南省人民政府/security_score: Prophet init failed (CmdStan missing?): 'Prophet' object has no attribute 'stan_backend'
2026-05-17 14:10:49 [ERROR] src.prediction.prophet_model: Prophet forecast error for 腾讯官网/availability_score: Prophet init failed (CmdStan missing?): 'Prophet' object has no attribute 'stan_backend'
2026-05-17 14:10:49 [ERROR] src.prediction.prophet_model: Prophet forecast error for 腾讯官网/response_time_score: Prophet init failed (CmdStan missing?): 'Prophet' object has no attribute 'stan_backend'
2026-05-17 14:10:49 [ERROR] src.prediction.prophet_model: Prophet forecast error for 腾讯官网/security_score: Prophet init failed (CmdStan missing?): 'Prophet' object has no attribute 'stan_backend'
2026-05-17 14:10:49 [INFO] __main__: Collection cycle complete — 4 targets processed
2026-05-17 16:16:16 [INFO] src.storage.db: Database initialised at C:\internet_awareness\data\awareness.db
2026-05-17 16:16:16 [INFO] __main__: Starting standalone collector
2026-05-17 16:16:30 [INFO] src.scoring.health_score: Health score for 字节跳动官网: 90.9
2026-05-17 16:16:30 [INFO] src.scoring.health_score: Health score for 湖南农业大学门户: 96.8
2026-05-17 16:16:30 [INFO] src.scoring.health_score: Health score for 湖南省人民政府: 93.1
2026-05-17 16:16:30 [INFO] src.scoring.health_score: Health score for 腾讯官网: 96.9
2026-05-17 16:16:31 [ERROR] src.prediction.prophet_model: Prophet forecast error for 字节跳动官网/availability_score: Prophet init failed (CmdStan missing?): 'Prophet' object has no attribute 'stan_backend'
2026-05-17 16:16:31 [ERROR] src.prediction.prophet_model: Prophet forecast error for 字节跳动官网/response_time_score: Prophet init failed (CmdStan missing?): 'Prophet' object has no attribute 'stan_backend'
2026-05-17 16:16:31 [ERROR] src.prediction.prophet_model: Prophet forecast error for 字节跳动官网/security_score: Prophet init failed (CmdStan missing?): 'Prophet' object has no attribute 'stan_backend'
2026-05-17 16:16:31 [ERROR] src.prediction.prophet_model: Prophet forecast error for 湖南农业大学门户/availability_score: Prophet init failed (CmdStan missing?): 'Prophet' object has no attribute 'stan_backend'
2026-05-17 16:16:31 [ERROR] src.prediction.prophet_model: Prophet forecast error for 湖南农业大学门户/response_time_score: Prophet init failed (CmdStan missing?): 'Prophet' object has no attribute 'stan_backend'
2026-05-17 16:16:31 [ERROR] src.prediction.prophet_model: Prophet forecast error for 湖南农业大学门户/link_score: Prophet init failed (CmdStan missing?): 'Prophet' object has no attribute 'stan_backend'
2026-05-17 16:16:31 [ERROR] src.prediction.prophet_model: Prophet forecast error for 湖南农业大学门户/security_score: Prophet init failed (CmdStan missing?): 'Prophet' object has no attribute 'stan_backend'
2026-05-17 16:16:31 [ERROR] src.prediction.prophet_model: Prophet forecast error for 湖南省人民政府/availability_score: Prophet init failed (CmdStan missing?): 'Prophet' object has no attribute 'stan_backend'
2026-05-17 16:16:31 [ERROR] src.prediction.prophet_model: Prophet forecast error for 湖南省人民政府/response_time_score: Prophet init failed (CmdStan missing?): 'Prophet' object has no attribute 'stan_backend'
2026-05-17 16:16:31 [ERROR] src.prediction.prophet_model: Prophet forecast error for 湖南省人民政府/link_score: Prophet init failed (CmdStan missing?): 'Prophet' object has no attribute 'stan_backend'
2026-05-17 16:16:31 [ERROR] src.prediction.prophet_model: Prophet forecast error for 湖南省人民政府/security_score: Prophet init failed (CmdStan missing?): 'Prophet' object has no attribute 'stan_backend'
2026-05-17 16:16:31 [ERROR] src.prediction.prophet_model: Prophet forecast error for 腾讯官网/availability_score: Prophet init failed (CmdStan missing?): 'Prophet' object has no attribute 'stan_backend'
2026-05-17 16:16:31 [ERROR] src.prediction.prophet_model: Prophet forecast error for 腾讯官网/response_time_score: Prophet init failed (CmdStan missing?): 'Prophet' object has no attribute 'stan_backend'
2026-05-17 16:16:31 [ERROR] src.prediction.prophet_model: Prophet forecast error for 腾讯官网/security_score: Prophet init failed (CmdStan missing?): 'Prophet' object has no attribute 'stan_backend'
2026-05-17 16:16:31 [INFO] __main__: Collection cycle complete — 4 targets processed
2026-05-17 16:17:43 [INFO] src.scoring.health_score: Health score for 字节跳动官网: 90.5
2026-05-17 16:17:43 [INFO] src.scoring.health_score: Health score for 湖南农业大学门户: 98.3
2026-05-17 16:17:43 [INFO] src.scoring.health_score: Health score for 湖南省人民政府: 95.7
2026-05-17 16:17:43 [INFO] src.scoring.health_score: Health score for 腾讯官网: 98.1
2026-05-17 16:17:43 [ERROR] src.prediction.prophet_model: Prophet forecast error for 字节跳动官网/availability_score: Prophet init failed (CmdStan missing?): 'Prophet' object has no attribute 'stan_backend'
2026-05-17 16:17:43 [ERROR] src.prediction.prophet_model: Prophet forecast error for 字节跳动官网/response_time_score: Prophet init failed (CmdStan missing?): 'Prophet' object has no attribute 'stan_backend'
2026-05-17 16:17:43 [ERROR] src.prediction.prophet_model: Prophet forecast error for 字节跳动官网/security_score: Prophet init failed (CmdStan missing?): 'Prophet' object has no attribute 'stan_backend'
2026-05-17 16:17:43 [ERROR] src.prediction.prophet_model: Prophet forecast error for 湖南农业大学门户/availability_score: Prophet init failed (CmdStan missing?): 'Prophet' object has no attribute 'stan_backend'
2026-05-17 16:17:43 [ERROR] src.prediction.prophet_model: Prophet forecast error for 湖南农业大学门户/response_time_score: Prophet init failed (CmdStan missing?): 'Prophet' object has no attribute 'stan_backend'
2026-05-17 16:17:43 [ERROR] src.prediction.prophet_model: Prophet forecast error for 湖南农业大学门户/link_score: Prophet init failed (CmdStan missing?): 'Prophet' object has no attribute 'stan_backend'
2026-05-17 16:17:43 [ERROR] src.prediction.prophet_model: Prophet forecast error for 湖南农业大学门户/security_score: Prophet init failed (CmdStan missing?): 'Prophet' object has no attribute 'stan_backend'
2026-05-17 16:17:43 [ERROR] src.prediction.prophet_model: Prophet forecast error for 湖南省人民政府/availability_score: Prophet init failed (CmdStan missing?): 'Prophet' object has no attribute 'stan_backend'
2026-05-17 16:17:43 [ERROR] src.prediction.prophet_model: Prophet forecast error for 湖南省人民政府/response_time_score: Prophet init failed (CmdStan missing?): 'Prophet' object has no attribute 'stan_backend'
2026-05-17 16:17:43 [ERROR] src.prediction.prophet_model: Prophet forecast error for 湖南省人民政府/link_score: Prophet init failed (CmdStan missing?): 'Prophet' object has no attribute 'stan_backend'
2026-05-17 16:17:43 [ERROR] src.prediction.prophet_model: Prophet forecast error for 湖南省人民政府/security_score: Prophet init failed (CmdStan missing?): 'Prophet' object has no attribute 'stan_backend'
2026-05-17 16:17:43 [ERROR] src.prediction.prophet_model: Prophet forecast error for 腾讯官网/availability_score: Prophet init failed (CmdStan missing?): 'Prophet' object has no attribute 'stan_backend'
2026-05-17 16:17:43 [ERROR] src.prediction.prophet_model: Prophet forecast error for 腾讯官网/response_time_score: Prophet init failed (CmdStan missing?): 'Prophet' object has no attribute 'stan_backend'
2026-05-17 16:17:43 [ERROR] src.prediction.prophet_model: Prophet forecast error for 腾讯官网/security_score: Prophet init failed (CmdStan missing?): 'Prophet' object has no attribute 'stan_backend'
2026-05-17 16:17:43 [INFO] __main__: Collection cycle complete — 4 targets processed
2026-05-17 16:18:54 [INFO] src.scoring.health_score: Health score for 字节跳动官网: 87.4
2026-05-17 16:18:54 [INFO] src.scoring.health_score: Health score for 湖南农业大学门户: 98.4
2026-05-17 16:18:54 [INFO] src.scoring.health_score: Health score for 湖南省人民政府: 95.2
2026-05-17 16:18:54 [INFO] src.scoring.health_score: Health score for 腾讯官网: 98.2
2026-05-17 16:18:54 [ERROR] src.prediction.prophet_model: Prophet forecast error for 字节跳动官网/availability_score: Prophet init failed (CmdStan missing?): 'Prophet' object has no attribute 'stan_backend'
2026-05-17 16:18:54 [ERROR] src.prediction.prophet_model: Prophet forecast error for 字节跳动官网/response_time_score: Prophet init failed (CmdStan missing?): 'Prophet' object has no attribute 'stan_backend'
2026-05-17 16:18:54 [ERROR] src.prediction.prophet_model: Prophet forecast error for 字节跳动官网/security_score: Prophet init failed (CmdStan missing?): 'Prophet' object has no attribute 'stan_backend'
2026-05-17 16:18:54 [ERROR] src.prediction.prophet_model: Prophet forecast error for 湖南农业大学门户/availability_score: Prophet init failed (CmdStan missing?): 'Prophet' object has no attribute 'stan_backend'
2026-05-17 16:18:54 [ERROR] src.prediction.prophet_model: Prophet forecast error for 湖南农业大学门户/response_time_score: Prophet init failed (CmdStan missing?): 'Prophet' object has no attribute 'stan_backend'
2026-05-17 16:18:54 [ERROR] src.prediction.prophet_model: Prophet forecast error for 湖南农业大学门户/link_score: Prophet init failed (CmdStan missing?): 'Prophet' object has no attribute 'stan_backend'
2026-05-17 16:18:54 [ERROR] src.prediction.prophet_model: Prophet forecast error for 湖南农业大学门户/security_score: Prophet init failed (CmdStan missing?): 'Prophet' object has no attribute 'stan_backend'
2026-05-17 16:18:54 [ERROR] src.prediction.prophet_model: Prophet forecast error for 湖南省人民政府/availability_score: Prophet init failed (CmdStan missing?): 'Prophet' object has no attribute 'stan_backend'
2026-05-17 16:18:54 [ERROR] src.prediction.prophet_model: Prophet forecast error for 湖南省人民政府/response_time_score: Prophet init failed (CmdStan missing?): 'Prophet' object has no attribute 'stan_backend'
2026-05-17 16:18:54 [ERROR] src.prediction.prophet_model: Prophet forecast error for 湖南省人民政府/link_score: Prophet init failed (CmdStan missing?): 'Prophet' object has no attribute 'stan_backend'
2026-05-17 16:18:54 [ERROR] src.prediction.prophet_model: Prophet forecast error for 湖南省人民政府/security_score: Prophet init failed (CmdStan missing?): 'Prophet' object has no attribute 'stan_backend'
2026-05-17 16:18:54 [ERROR] src.prediction.prophet_model: Prophet forecast error for 腾讯官网/availability_score: Prophet init failed (CmdStan missing?): 'Prophet' object has no attribute 'stan_backend'
2026-05-17 16:18:54 [ERROR] src.prediction.prophet_model: Prophet forecast error for 腾讯官网/response_time_score: Prophet init failed (CmdStan missing?): 'Prophet' object has no attribute 'stan_backend'
2026-05-17 16:18:54 [ERROR] src.prediction.prophet_model: Prophet forecast error for 腾讯官网/security_score: Prophet init failed (CmdStan missing?): 'Prophet' object has no attribute 'stan_backend'
2026-05-17 16:18:54 [INFO] __main__: Collection cycle complete — 4 targets processed
2026-05-17 16:20:06 [INFO] src.scoring.health_score: Health score for 字节跳动官网: 91.7
2026-05-17 16:20:06 [INFO] src.scoring.health_score: Health score for 湖南农业大学门户: 98.1
2026-05-17 16:20:06 [INFO] src.scoring.health_score: Health score for 湖南省人民政府: 95.0
2026-05-17 16:20:06 [INFO] src.scoring.health_score: Health score for 腾讯官网: 98.0
2026-05-17 16:20:06 [ERROR] src.prediction.prophet_model: Prophet forecast error for 字节跳动官网/availability_score: Prophet init failed (CmdStan missing?): 'Prophet' object has no attribute 'stan_backend'
2026-05-17 16:20:06 [ERROR] src.prediction.prophet_model: Prophet forecast error for 字节跳动官网/response_time_score: Prophet init failed (CmdStan missing?): 'Prophet' object has no attribute 'stan_backend'
2026-05-17 16:20:06 [ERROR] src.prediction.prophet_model: Prophet forecast error for 字节跳动官网/security_score: Prophet init failed (CmdStan missing?): 'Prophet' object has no attribute 'stan_backend'
2026-05-17 16:20:06 [ERROR] src.prediction.prophet_model: Prophet forecast error for 湖南农业大学门户/availability_score: Prophet init failed (CmdStan missing?): 'Prophet' object has no attribute 'stan_backend'
2026-05-17 16:20:06 [ERROR] src.prediction.prophet_model: Prophet forecast error for 湖南农业大学门户/response_time_score: Prophet init failed (CmdStan missing?): 'Prophet' object has no attribute 'stan_backend'
2026-05-17 16:20:06 [ERROR] src.prediction.prophet_model: Prophet forecast error for 湖南农业大学门户/link_score: Prophet init failed (CmdStan missing?): 'Prophet' object has no attribute 'stan_backend'
2026-05-17 16:20:06 [ERROR] src.prediction.prophet_model: Prophet forecast error for 湖南农业大学门户/security_score: Prophet init failed (CmdStan missing?): 'Prophet' object has no attribute 'stan_backend'
2026-05-17 16:20:06 [ERROR] src.prediction.prophet_model: Prophet forecast error for 湖南省人民政府/availability_score: Prophet init failed (CmdStan missing?): 'Prophet' object has no attribute 'stan_backend'
2026-05-17 16:20:06 [ERROR] src.prediction.prophet_model: Prophet forecast error for 湖南省人民政府/response_time_score: Prophet init failed (CmdStan missing?): 'Prophet' object has no attribute 'stan_backend'
2026-05-17 16:20:06 [ERROR] src.prediction.prophet_model: Prophet forecast error for 湖南省人民政府/link_score: Prophet init failed (CmdStan missing?): 'Prophet' object has no attribute 'stan_backend'
2026-05-17 16:20:06 [ERROR] src.prediction.prophet_model: Prophet forecast error for 湖南省人民政府/security_score: Prophet init failed (CmdStan missing?): 'Prophet' object has no attribute 'stan_backend'
2026-05-17 16:20:06 [ERROR] src.prediction.prophet_model: Prophet forecast error for 腾讯官网/availability_score: Prophet init failed (CmdStan missing?): 'Prophet' object has no attribute 'stan_backend'
2026-05-17 16:20:06 [ERROR] src.prediction.prophet_model: Prophet forecast error for 腾讯官网/response_time_score: Prophet init failed (CmdStan missing?): 'Prophet' object has no attribute 'stan_backend'
2026-05-17 16:20:06 [ERROR] src.prediction.prophet_model: Prophet forecast error for 腾讯官网/security_score: Prophet init failed (CmdStan missing?): 'Prophet' object has no attribute 'stan_backend'
2026-05-17 16:20:06 [INFO] __main__: Collection cycle complete — 4 targets processed
2026-05-17 16:21:19 [INFO] src.scoring.health_score: Health score for 字节跳动官网: 91.7
2026-05-17 16:21:19 [INFO] src.scoring.health_score: Health score for 湖南农业大学门户: 98.1
2026-05-17 16:21:19 [INFO] src.scoring.health_score: Health score for 湖南省人民政府: 94.8
2026-05-17 16:21:19 [INFO] src.scoring.health_score: Health score for 腾讯官网: 98.1
2026-05-17 16:21:19 [ERROR] src.prediction.prophet_model: Prophet forecast error for 字节跳动官网/availability_score: Prophet init failed (CmdStan missing?): 'Prophet' object has no attribute 'stan_backend'
2026-05-17 16:21:19 [ERROR] src.prediction.prophet_model: Prophet forecast error for 字节跳动官网/response_time_score: Prophet init failed (CmdStan missing?): 'Prophet' object has no attribute 'stan_backend'
2026-05-17 16:21:19 [ERROR] src.prediction.prophet_model: Prophet forecast error for 字节跳动官网/security_score: Prophet init failed (CmdStan missing?): 'Prophet' object has no attribute 'stan_backend'
2026-05-17 16:21:19 [ERROR] src.prediction.prophet_model: Prophet forecast error for 湖南农业大学门户/availability_score: Prophet init failed (CmdStan missing?): 'Prophet' object has no attribute 'stan_backend'
2026-05-17 16:21:19 [ERROR] src.prediction.prophet_model: Prophet forecast error for 湖南农业大学门户/response_time_score: Prophet init failed (CmdStan missing?): 'Prophet' object has no attribute 'stan_backend'
2026-05-17 16:21:19 [ERROR] src.prediction.prophet_model: Prophet forecast error for 湖南农业大学门户/link_score: Prophet init failed (CmdStan missing?): 'Prophet' object has no attribute 'stan_backend'
2026-05-17 16:21:19 [ERROR] src.prediction.prophet_model: Prophet forecast error for 湖南农业大学门户/security_score: Prophet init failed (CmdStan missing?): 'Prophet' object has no attribute 'stan_backend'
2026-05-17 16:21:19 [ERROR] src.prediction.prophet_model: Prophet forecast error for 湖南省人民政府/availability_score: Prophet init failed (CmdStan missing?): 'Prophet' object has no attribute 'stan_backend'
2026-05-17 16:21:19 [ERROR] src.prediction.prophet_model: Prophet forecast error for 湖南省人民政府/response_time_score: Prophet init failed (CmdStan missing?): 'Prophet' object has no attribute 'stan_backend'
2026-05-17 16:21:19 [ERROR] src.prediction.prophet_model: Prophet forecast error for 湖南省人民政府/link_score: Prophet init failed (CmdStan missing?): 'Prophet' object has no attribute 'stan_backend'
2026-05-17 16:21:19 [ERROR] src.prediction.prophet_model: Prophet forecast error for 湖南省人民政府/security_score: Prophet init failed (CmdStan missing?): 'Prophet' object has no attribute 'stan_backend'
2026-05-17 16:21:19 [ERROR] src.prediction.prophet_model: Prophet forecast error for 腾讯官网/availability_score: Prophet init failed (CmdStan missing?): 'Prophet' object has no attribute 'stan_backend'
2026-05-17 16:21:19 [ERROR] src.prediction.prophet_model: Prophet forecast error for 腾讯官网/response_time_score: Prophet init failed (CmdStan missing?): 'Prophet' object has no attribute 'stan_backend'
2026-05-17 16:21:19 [ERROR] src.prediction.prophet_model: Prophet forecast error for 腾讯官网/security_score: Prophet init failed (CmdStan missing?): 'Prophet' object has no attribute 'stan_backend'
2026-05-17 16:21:19 [INFO] __main__: Collection cycle complete — 4 targets processed
2026-05-17 16:26:41 [ERROR] src.collection.threat_intel: OTX query error for 113.246.57.9: HTTPSConnectionPool(host='otx.alienvault.com', port=443): Read timed out. (read timeout=15)
2026-05-17 16:26:57 [ERROR] src.collection.threat_intel: OTX query error for 42.48.120.66: HTTPSConnectionPool(host='otx.alienvault.com', port=443): Read timed out. (read timeout=15)
2026-05-17 16:27:11 [INFO] src.scoring.health_score: Health score for 字节跳动官网: 82.4
2026-05-17 16:27:11 [INFO] src.scoring.health_score: Health score for 湖南农业大学门户: 98.6
2026-05-17 16:27:11 [INFO] src.scoring.health_score: Health score for 湖南省人民政府: 87.1
2026-05-17 16:27:11 [INFO] src.scoring.health_score: Health score for 腾讯官网: 93.2
2026-05-17 16:27:11 [ERROR] src.prediction.prophet_model: Prophet forecast error for 字节跳动官网/availability_score: Prophet init failed (CmdStan missing?): 'Prophet' object has no attribute 'stan_backend'
2026-05-17 16:27:11 [ERROR] src.prediction.prophet_model: Prophet forecast error for 字节跳动官网/response_time_score: Prophet init failed (CmdStan missing?): 'Prophet' object has no attribute 'stan_backend'
2026-05-17 16:27:11 [ERROR] src.prediction.prophet_model: Prophet forecast error for 字节跳动官网/security_score: Prophet init failed (CmdStan missing?): 'Prophet' object has no attribute 'stan_backend'
2026-05-17 16:27:11 [ERROR] src.prediction.prophet_model: Prophet forecast error for 湖南农业大学门户/availability_score: Prophet init failed (CmdStan missing?): 'Prophet' object has no attribute 'stan_backend'
2026-05-17 16:27:11 [ERROR] src.prediction.prophet_model: Prophet forecast error for 湖南农业大学门户/response_time_score: Prophet init failed (CmdStan missing?): 'Prophet' object has no attribute 'stan_backend'
2026-05-17 16:27:11 [ERROR] src.prediction.prophet_model: Prophet forecast error for 湖南农业大学门户/link_score: Prophet init failed (CmdStan missing?): 'Prophet' object has no attribute 'stan_backend'
2026-05-17 16:27:11 [ERROR] src.prediction.prophet_model: Prophet forecast error for 湖南农业大学门户/security_score: Prophet init failed (CmdStan missing?): 'Prophet' object has no attribute 'stan_backend'
2026-05-17 16:27:11 [ERROR] src.prediction.prophet_model: Prophet forecast error for 湖南省人民政府/availability_score: Prophet init failed (CmdStan missing?): 'Prophet' object has no attribute 'stan_backend'
2026-05-17 16:27:11 [ERROR] src.prediction.prophet_model: Prophet forecast error for 湖南省人民政府/response_time_score: Prophet init failed (CmdStan missing?): 'Prophet' object has no attribute 'stan_backend'
2026-05-17 16:27:11 [ERROR] src.prediction.prophet_model: Prophet forecast error for 湖南省人民政府/link_score: Prophet init failed (CmdStan missing?): 'Prophet' object has no attribute 'stan_backend'
2026-05-17 16:27:11 [ERROR] src.prediction.prophet_model: Prophet forecast error for 湖南省人民政府/security_score: Prophet init failed (CmdStan missing?): 'Prophet' object has no attribute 'stan_backend'
2026-05-17 16:27:11 [ERROR] src.prediction.prophet_model: Prophet forecast error for 腾讯官网/availability_score: Prophet init failed (CmdStan missing?): 'Prophet' object has no attribute 'stan_backend'
2026-05-17 16:27:12 [ERROR] src.prediction.prophet_model: Prophet forecast error for 腾讯官网/response_time_score: Prophet init failed (CmdStan missing?): 'Prophet' object has no attribute 'stan_backend'
2026-05-17 16:27:12 [ERROR] src.prediction.prophet_model: Prophet forecast error for 腾讯官网/security_score: Prophet init failed (CmdStan missing?): 'Prophet' object has no attribute 'stan_backend'
2026-05-17 16:27:12 [INFO] __main__: Collection cycle complete — 4 targets processed
2026-05-17 16:28:29 [INFO] src.scoring.health_score: Health score for 字节跳动官网: 91.7
2026-05-17 16:28:29 [INFO] src.scoring.health_score: Health score for 湖南农业大学门户: 95.2
2026-05-17 16:28:29 [INFO] src.scoring.health_score: Health score for 湖南省人民政府: 92.7
2026-05-17 16:28:29 [INFO] src.scoring.health_score: Health score for 腾讯官网: 97.0
2026-05-17 16:28:29 [ERROR] src.prediction.prophet_model: Prophet forecast error for 字节跳动官网/availability_score: Prophet init failed (CmdStan missing?): 'Prophet' object has no attribute 'stan_backend'
2026-05-17 16:28:29 [ERROR] src.prediction.prophet_model: Prophet forecast error for 字节跳动官网/response_time_score: Prophet init failed (CmdStan missing?): 'Prophet' object has no attribute 'stan_backend'
2026-05-17 16:28:29 [ERROR] src.prediction.prophet_model: Prophet forecast error for 字节跳动官网/security_score: Prophet init failed (CmdStan missing?): 'Prophet' object has no attribute 'stan_backend'
2026-05-17 16:28:29 [ERROR] src.prediction.prophet_model: Prophet forecast error for 湖南农业大学门户/availability_score: Prophet init failed (CmdStan missing?): 'Prophet' object has no attribute 'stan_backend'
2026-05-17 16:28:29 [ERROR] src.prediction.prophet_model: Prophet forecast error for 湖南农业大学门户/response_time_score: Prophet init failed (CmdStan missing?): 'Prophet' object has no attribute 'stan_backend'
2026-05-17 16:28:29 [ERROR] src.prediction.prophet_model: Prophet forecast error for 湖南农业大学门户/link_score: Prophet init failed (CmdStan missing?): 'Prophet' object has no attribute 'stan_backend'
2026-05-17 16:28:29 [ERROR] src.prediction.prophet_model: Prophet forecast error for 湖南农业大学门户/security_score: Prophet init failed (CmdStan missing?): 'Prophet' object has no attribute 'stan_backend'
2026-05-17 16:28:29 [ERROR] src.prediction.prophet_model: Prophet forecast error for 湖南省人民政府/availability_score: Prophet init failed (CmdStan missing?): 'Prophet' object has no attribute 'stan_backend'
2026-05-17 16:28:29 [ERROR] src.prediction.prophet_model: Prophet forecast error for 湖南省人民政府/response_time_score: Prophet init failed (CmdStan missing?): 'Prophet' object has no attribute 'stan_backend'
2026-05-17 16:28:29 [ERROR] src.prediction.prophet_model: Prophet forecast error for 湖南省人民政府/link_score: Prophet init failed (CmdStan missing?): 'Prophet' object has no attribute 'stan_backend'
2026-05-17 16:28:29 [ERROR] src.prediction.prophet_model: Prophet forecast error for 湖南省人民政府/security_score: Prophet init failed (CmdStan missing?): 'Prophet' object has no attribute 'stan_backend'
2026-05-17 16:28:29 [ERROR] src.prediction.prophet_model: Prophet forecast error for 腾讯官网/availability_score: Prophet init failed (CmdStan missing?): 'Prophet' object has no attribute 'stan_backend'
2026-05-17 16:28:29 [ERROR] src.prediction.prophet_model: Prophet forecast error for 腾讯官网/response_time_score: Prophet init failed (CmdStan missing?): 'Prophet' object has no attribute 'stan_backend'
2026-05-17 16:28:29 [ERROR] src.prediction.prophet_model: Prophet forecast error for 腾讯官网/security_score: Prophet init failed (CmdStan missing?): 'Prophet' object has no attribute 'stan_backend'
2026-05-17 16:28:29 [INFO] __main__: Collection cycle complete — 4 targets processed
2026-05-17 16:29:47 [INFO] src.storage.db: Database initialised at C:\internet_awareness\data\awareness.db
2026-05-17 16:29:47 [INFO] __main__: Starting standalone collector
2026-05-17 16:30:02 [INFO] src.scoring.health_score: Health score for 字节跳动官网: 91.4
2026-05-17 16:30:02 [INFO] src.scoring.health_score: Health score for 湖南农业大学门户: 98.2
2026-05-17 16:30:02 [INFO] src.scoring.health_score: Health score for 湖南省人民政府: 88.4
2026-05-17 16:30:02 [INFO] src.scoring.health_score: Health score for 腾讯官网: 98.1
2026-05-17 16:30:03 [ERROR] src.prediction.prophet_model: Prophet forecast error for 字节跳动官网/availability_score: Prophet init failed (CmdStan missing?): 'Prophet' object has no attribute 'stan_backend'
2026-05-17 16:30:03 [ERROR] src.prediction.prophet_model: Prophet forecast error for 字节跳动官网/response_time_score: Prophet init failed (CmdStan missing?): 'Prophet' object has no attribute 'stan_backend'
2026-05-17 16:30:03 [ERROR] src.prediction.prophet_model: Prophet forecast error for 字节跳动官网/security_score: Prophet init failed (CmdStan missing?): 'Prophet' object has no attribute 'stan_backend'
2026-05-17 16:30:03 [ERROR] src.prediction.prophet_model: Prophet forecast error for 湖南农业大学门户/availability_score: Prophet init failed (CmdStan missing?): 'Prophet' object has no attribute 'stan_backend'
2026-05-17 16:30:03 [ERROR] src.prediction.prophet_model: Prophet forecast error for 湖南农业大学门户/response_time_score: Prophet init failed (CmdStan missing?): 'Prophet' object has no attribute 'stan_backend'
2026-05-17 16:30:03 [ERROR] src.prediction.prophet_model: Prophet forecast error for 湖南农业大学门户/link_score: Prophet init failed (CmdStan missing?): 'Prophet' object has no attribute 'stan_backend'
2026-05-17 16:30:03 [ERROR] src.prediction.prophet_model: Prophet forecast error for 湖南农业大学门户/security_score: Prophet init failed (CmdStan missing?): 'Prophet' object has no attribute 'stan_backend'
2026-05-17 16:30:03 [ERROR] src.prediction.prophet_model: Prophet forecast error for 湖南省人民政府/availability_score: Prophet init failed (CmdStan missing?): 'Prophet' object has no attribute 'stan_backend'
2026-05-17 16:30:03 [ERROR] src.prediction.prophet_model: Prophet forecast error for 湖南省人民政府/response_time_score: Prophet init failed (CmdStan missing?): 'Prophet' object has no attribute 'stan_backend'
2026-05-17 16:30:03 [ERROR] src.prediction.prophet_model: Prophet forecast error for 湖南省人民政府/link_score: Prophet init failed (CmdStan missing?): 'Prophet' object has no attribute 'stan_backend'
2026-05-17 16:30:03 [ERROR] src.prediction.prophet_model: Prophet forecast error for 湖南省人民政府/security_score: Prophet init failed (CmdStan missing?): 'Prophet' object has no attribute 'stan_backend'
2026-05-17 16:30:03 [ERROR] src.prediction.prophet_model: Prophet forecast error for 腾讯官网/availability_score: Prophet init failed (CmdStan missing?): 'Prophet' object has no attribute 'stan_backend'
2026-05-17 16:30:03 [ERROR] src.prediction.prophet_model: Prophet forecast error for 腾讯官网/response_time_score: Prophet init failed (CmdStan missing?): 'Prophet' object has no attribute 'stan_backend'
2026-05-17 16:30:03 [ERROR] src.prediction.prophet_model: Prophet forecast error for 腾讯官网/security_score: Prophet init failed (CmdStan missing?): 'Prophet' object has no attribute 'stan_backend'
2026-05-17 16:30:03 [INFO] __main__: Collection cycle complete — 4 targets processed
2026-05-17 16:31:16 [INFO] src.scoring.health_score: Health score for 字节跳动官网: 90.4
2026-05-17 16:31:16 [INFO] src.scoring.health_score: Health score for 湖南农业大学门户: 98.1
2026-05-17 16:31:16 [INFO] src.scoring.health_score: Health score for 湖南省人民政府: 93.9
2026-05-17 16:31:16 [INFO] src.scoring.health_score: Health score for 腾讯官网: 93.4
2026-05-17 16:31:16 [ERROR] src.prediction.prophet_model: Prophet forecast error for 字节跳动官网/availability_score: Prophet init failed (CmdStan missing?): 'Prophet' object has no attribute 'stan_backend'
2026-05-17 16:31:16 [ERROR] src.prediction.prophet_model: Prophet forecast error for 字节跳动官网/response_time_score: Prophet init failed (CmdStan missing?): 'Prophet' object has no attribute 'stan_backend'
2026-05-17 16:31:16 [ERROR] src.prediction.prophet_model: Prophet forecast error for 字节跳动官网/security_score: Prophet init failed (CmdStan missing?): 'Prophet' object has no attribute 'stan_backend'
2026-05-17 16:31:16 [ERROR] src.prediction.prophet_model: Prophet forecast error for 湖南农业大学门户/availability_score: Prophet init failed (CmdStan missing?): 'Prophet' object has no attribute 'stan_backend'
2026-05-17 16:31:16 [ERROR] src.prediction.prophet_model: Prophet forecast error for 湖南农业大学门户/response_time_score: Prophet init failed (CmdStan missing?): 'Prophet' object has no attribute 'stan_backend'
2026-05-17 16:31:16 [ERROR] src.prediction.prophet_model: Prophet forecast error for 湖南农业大学门户/link_score: Prophet init failed (CmdStan missing?): 'Prophet' object has no attribute 'stan_backend'
2026-05-17 16:31:16 [ERROR] src.prediction.prophet_model: Prophet forecast error for 湖南农业大学门户/security_score: Prophet init failed (CmdStan missing?): 'Prophet' object has no attribute 'stan_backend'
2026-05-17 16:31:16 [ERROR] src.prediction.prophet_model: Prophet forecast error for 湖南省人民政府/availability_score: Prophet init failed (CmdStan missing?): 'Prophet' object has no attribute 'stan_backend'
2026-05-17 16:31:16 [ERROR] src.prediction.prophet_model: Prophet forecast error for 湖南省人民政府/response_time_score: Prophet init failed (CmdStan missing?): 'Prophet' object has no attribute 'stan_backend'
2026-05-17 16:31:16 [ERROR] src.prediction.prophet_model: Prophet forecast error for 湖南省人民政府/link_score: Prophet init failed (CmdStan missing?): 'Prophet' object has no attribute 'stan_backend'
2026-05-17 16:31:16 [ERROR] src.prediction.prophet_model: Prophet forecast error for 湖南省人民政府/security_score: Prophet init failed (CmdStan missing?): 'Prophet' object has no attribute 'stan_backend'
2026-05-17 16:31:16 [ERROR] src.prediction.prophet_model: Prophet forecast error for 腾讯官网/availability_score: Prophet init failed (CmdStan missing?): 'Prophet' object has no attribute 'stan_backend'
2026-05-17 16:31:16 [ERROR] src.prediction.prophet_model: Prophet forecast error for 腾讯官网/response_time_score: Prophet init failed (CmdStan missing?): 'Prophet' object has no attribute 'stan_backend'
2026-05-17 16:31:16 [ERROR] src.prediction.prophet_model: Prophet forecast error for 腾讯官网/security_score: Prophet init failed (CmdStan missing?): 'Prophet' object has no attribute 'stan_backend'
2026-05-17 16:31:16 [INFO] __main__: Collection cycle complete — 4 targets processed
2026-05-17 16:32:36 [ERROR] src.collection.threat_intel: OTX query error for 218.104.146.107: HTTPSConnectionPool(host='otx.alienvault.com', port=443): Read timed out. (read timeout=15)
2026-05-17 16:32:48 [INFO] src.scoring.health_score: Health score for 字节跳动官网: 90.9
2026-05-17 16:32:48 [INFO] src.scoring.health_score: Health score for 湖南农业大学门户: 97.5
2026-05-17 16:32:48 [INFO] src.scoring.health_score: Health score for 湖南省人民政府: 84.6
2026-05-17 16:32:48 [INFO] src.scoring.health_score: Health score for 腾讯官网: 97.4
2026-05-17 16:32:48 [ERROR] src.prediction.prophet_model: Prophet forecast error for 字节跳动官网/availability_score: Prophet init failed (CmdStan missing?): 'Prophet' object has no attribute 'stan_backend'
2026-05-17 16:32:48 [ERROR] src.prediction.prophet_model: Prophet forecast error for 字节跳动官网/response_time_score: Prophet init failed (CmdStan missing?): 'Prophet' object has no attribute 'stan_backend'
2026-05-17 16:32:48 [ERROR] src.prediction.prophet_model: Prophet forecast error for 字节跳动官网/security_score: Prophet init failed (CmdStan missing?): 'Prophet' object has no attribute 'stan_backend'
2026-05-17 16:32:48 [ERROR] src.prediction.prophet_model: Prophet forecast error for 湖南农业大学门户/availability_score: Prophet init failed (CmdStan missing?): 'Prophet' object has no attribute 'stan_backend'
2026-05-17 16:32:48 [ERROR] src.prediction.prophet_model: Prophet forecast error for 湖南农业大学门户/response_time_score: Prophet init failed (CmdStan missing?): 'Prophet' object has no attribute 'stan_backend'
2026-05-17 16:32:48 [ERROR] src.prediction.prophet_model: Prophet forecast error for 湖南农业大学门户/link_score: Prophet init failed (CmdStan missing?): 'Prophet' object has no attribute 'stan_backend'
2026-05-17 16:32:48 [ERROR] src.prediction.prophet_model: Prophet forecast error for 湖南农业大学门户/security_score: Prophet init failed (CmdStan missing?): 'Prophet' object has no attribute 'stan_backend'
2026-05-17 16:32:48 [ERROR] src.prediction.prophet_model: Prophet forecast error for 湖南省人民政府/availability_score: Prophet init failed (CmdStan missing?): 'Prophet' object has no attribute 'stan_backend'
2026-05-17 16:32:48 [ERROR] src.prediction.prophet_model: Prophet forecast error for 湖南省人民政府/response_time_score: Prophet init failed (CmdStan missing?): 'Prophet' object has no attribute 'stan_backend'
2026-05-17 16:32:48 [ERROR] src.prediction.prophet_model: Prophet forecast error for 湖南省人民政府/link_score: Prophet init failed (CmdStan missing?): 'Prophet' object has no attribute 'stan_backend'
2026-05-17 16:32:48 [ERROR] src.prediction.prophet_model: Prophet forecast error for 湖南省人民政府/security_score: Prophet init failed (CmdStan missing?): 'Prophet' object has no attribute 'stan_backend'
2026-05-17 16:32:48 [ERROR] src.prediction.prophet_model: Prophet forecast error for 腾讯官网/availability_score: Prophet init failed (CmdStan missing?): 'Prophet' object has no attribute 'stan_backend'
2026-05-17 16:32:48 [ERROR] src.prediction.prophet_model: Prophet forecast error for 腾讯官网/response_time_score: Prophet init failed (CmdStan missing?): 'Prophet' object has no attribute 'stan_backend'
2026-05-17 16:32:48 [ERROR] src.prediction.prophet_model: Prophet forecast error for 腾讯官网/security_score: Prophet init failed (CmdStan missing?): 'Prophet' object has no attribute 'stan_backend'
2026-05-17 16:32:48 [INFO] __main__: Collection cycle complete — 4 targets processed
2026-05-17 16:34:00 [INFO] src.scoring.health_score: Health score for 字节跳动官网: 82.6
2026-05-17 16:34:00 [INFO] src.scoring.health_score: Health score for 湖南农业大学门户: 98.2
2026-05-17 16:34:00 [INFO] src.scoring.health_score: Health score for 湖南省人民政府: 93.9
2026-05-17 16:34:00 [INFO] src.scoring.health_score: Health score for 腾讯官网: 97.5
2026-05-17 16:34:00 [ERROR] src.prediction.prophet_model: Prophet forecast error for 字节跳动官网/availability_score: Prophet init failed (CmdStan missing?): 'Prophet' object has no attribute 'stan_backend'
2026-05-17 16:34:00 [ERROR] src.prediction.prophet_model: Prophet forecast error for 字节跳动官网/response_time_score: Prophet init failed (CmdStan missing?): 'Prophet' object has no attribute 'stan_backend'
2026-05-17 16:34:00 [ERROR] src.prediction.prophet_model: Prophet forecast error for 字节跳动官网/security_score: Prophet init failed (CmdStan missing?): 'Prophet' object has no attribute 'stan_backend'
2026-05-17 16:34:00 [ERROR] src.prediction.prophet_model: Prophet forecast error for 湖南农业大学门户/availability_score: Prophet init failed (CmdStan missing?): 'Prophet' object has no attribute 'stan_backend'
2026-05-17 16:34:00 [ERROR] src.prediction.prophet_model: Prophet forecast error for 湖南农业大学门户/response_time_score: Prophet init failed (CmdStan missing?): 'Prophet' object has no attribute 'stan_backend'
2026-05-17 16:34:00 [ERROR] src.prediction.prophet_model: Prophet forecast error for 湖南农业大学门户/link_score: Prophet init failed (CmdStan missing?): 'Prophet' object has no attribute 'stan_backend'
2026-05-17 16:34:00 [ERROR] src.prediction.prophet_model: Prophet forecast error for 湖南农业大学门户/security_score: Prophet init failed (CmdStan missing?): 'Prophet' object has no attribute 'stan_backend'
2026-05-17 16:34:00 [ERROR] src.prediction.prophet_model: Prophet forecast error for 湖南省人民政府/availability_score: Prophet init failed (CmdStan missing?): 'Prophet' object has no attribute 'stan_backend'
2026-05-17 16:34:00 [ERROR] src.prediction.prophet_model: Prophet forecast error for 湖南省人民政府/response_time_score: Prophet init failed (CmdStan missing?): 'Prophet' object has no attribute 'stan_backend'
2026-05-17 16:34:00 [ERROR] src.prediction.prophet_model: Prophet forecast error for 湖南省人民政府/link_score: Prophet init failed (CmdStan missing?): 'Prophet' object has no attribute 'stan_backend'
2026-05-17 16:34:00 [ERROR] src.prediction.prophet_model: Prophet forecast error for 湖南省人民政府/security_score: Prophet init failed (CmdStan missing?): 'Prophet' object has no attribute 'stan_backend'
2026-05-17 16:34:00 [ERROR] src.prediction.prophet_model: Prophet forecast error for 腾讯官网/availability_score: Prophet init failed (CmdStan missing?): 'Prophet' object has no attribute 'stan_backend'
2026-05-17 16:34:00 [ERROR] src.prediction.prophet_model: Prophet forecast error for 腾讯官网/response_time_score: Prophet init failed (CmdStan missing?): 'Prophet' object has no attribute 'stan_backend'
2026-05-17 16:34:00 [ERROR] src.prediction.prophet_model: Prophet forecast error for 腾讯官网/security_score: Prophet init failed (CmdStan missing?): 'Prophet' object has no attribute 'stan_backend'
2026-05-17 16:34:00 [INFO] __main__: Collection cycle complete — 4 targets processed
2026-05-17 16:35:29 [ERROR] src.collection.threat_intel: OTX query error for 42.48.120.66: HTTPSConnectionPool(host='otx.alienvault.com', port=443): Read timed out. (read timeout=15)
2026-05-17 16:35:32 [INFO] src.scoring.health_score: Health score for 字节跳动官网: 87.2
2026-05-17 16:35:32 [INFO] src.scoring.health_score: Health score for 湖南农业大学门户: 97.1
2026-05-17 16:35:32 [INFO] src.scoring.health_score: Health score for 湖南省人民政府: 94.4
2026-05-17 16:35:32 [INFO] src.scoring.health_score: Health score for 腾讯官网: 92.2
2026-05-17 16:35:32 [ERROR] src.prediction.prophet_model: Prophet forecast error for 字节跳动官网/availability_score: Prophet init failed (CmdStan missing?): 'Prophet' object has no attribute 'stan_backend'
2026-05-17 16:35:32 [ERROR] src.prediction.prophet_model: Prophet forecast error for 字节跳动官网/response_time_score: Prophet init failed (CmdStan missing?): 'Prophet' object has no attribute 'stan_backend'
2026-05-17 16:35:32 [ERROR] src.prediction.prophet_model: Prophet forecast error for 字节跳动官网/security_score: Prophet init failed (CmdStan missing?): 'Prophet' object has no attribute 'stan_backend'
2026-05-17 16:35:32 [ERROR] src.prediction.prophet_model: Prophet forecast error for 湖南农业大学门户/availability_score: Prophet init failed (CmdStan missing?): 'Prophet' object has no attribute 'stan_backend'
2026-05-17 16:35:32 [ERROR] src.prediction.prophet_model: Prophet forecast error for 湖南农业大学门户/response_time_score: Prophet init failed (CmdStan missing?): 'Prophet' object has no attribute 'stan_backend'
2026-05-17 16:35:32 [ERROR] src.prediction.prophet_model: Prophet forecast error for 湖南农业大学门户/link_score: Prophet init failed (CmdStan missing?): 'Prophet' object has no attribute 'stan_backend'
2026-05-17 16:35:32 [ERROR] src.prediction.prophet_model: Prophet forecast error for 湖南农业大学门户/security_score: Prophet init failed (CmdStan missing?): 'Prophet' object has no attribute 'stan_backend'
2026-05-17 16:35:32 [ERROR] src.prediction.prophet_model: Prophet forecast error for 湖南省人民政府/availability_score: Prophet init failed (CmdStan missing?): 'Prophet' object has no attribute 'stan_backend'
2026-05-17 16:35:32 [ERROR] src.prediction.prophet_model: Prophet forecast error for 湖南省人民政府/response_time_score: Prophet init failed (CmdStan missing?): 'Prophet' object has no attribute 'stan_backend'
2026-05-17 16:35:32 [ERROR] src.prediction.prophet_model: Prophet forecast error for 湖南省人民政府/link_score: Prophet init failed (CmdStan missing?): 'Prophet' object has no attribute 'stan_backend'
2026-05-17 16:35:32 [ERROR] src.prediction.prophet_model: Prophet forecast error for 湖南省人民政府/security_score: Prophet init failed (CmdStan missing?): 'Prophet' object has no attribute 'stan_backend'
2026-05-17 16:35:32 [ERROR] src.prediction.prophet_model: Prophet forecast error for 腾讯官网/availability_score: Prophet init failed (CmdStan missing?): 'Prophet' object has no attribute 'stan_backend'
2026-05-17 16:35:32 [ERROR] src.prediction.prophet_model: Prophet forecast error for 腾讯官网/response_time_score: Prophet init failed (CmdStan missing?): 'Prophet' object has no attribute 'stan_backend'
2026-05-17 16:35:32 [ERROR] src.prediction.prophet_model: Prophet forecast error for 腾讯官网/security_score: Prophet init failed (CmdStan missing?): 'Prophet' object has no attribute 'stan_backend'
2026-05-17 16:35:32 [INFO] __main__: Collection cycle complete — 4 targets processed
2026-05-17 16:36:43 [INFO] src.scoring.health_score: Health score for 字节跳动官网: 92.4
2026-05-17 16:36:43 [INFO] src.scoring.health_score: Health score for 湖南农业大学门户: 98.8
2026-05-17 16:36:43 [INFO] src.scoring.health_score: Health score for 湖南省人民政府: 94.2
2026-05-17 16:36:43 [INFO] src.scoring.health_score: Health score for 腾讯官网: 98.4
2026-05-17 16:36:43 [ERROR] src.prediction.prophet_model: Prophet forecast error for 字节跳动官网/availability_score: Prophet init failed (CmdStan missing?): 'Prophet' object has no attribute 'stan_backend'
2026-05-17 16:36:43 [ERROR] src.prediction.prophet_model: Prophet forecast error for 字节跳动官网/response_time_score: Prophet init failed (CmdStan missing?): 'Prophet' object has no attribute 'stan_backend'
2026-05-17 16:36:43 [ERROR] src.prediction.prophet_model: Prophet forecast error for 字节跳动官网/security_score: Prophet init failed (CmdStan missing?): 'Prophet' object has no attribute 'stan_backend'
2026-05-17 16:36:43 [ERROR] src.prediction.prophet_model: Prophet forecast error for 湖南农业大学门户/availability_score: Prophet init failed (CmdStan missing?): 'Prophet' object has no attribute 'stan_backend'
2026-05-17 16:36:43 [ERROR] src.prediction.prophet_model: Prophet forecast error for 湖南农业大学门户/response_time_score: Prophet init failed (CmdStan missing?): 'Prophet' object has no attribute 'stan_backend'
2026-05-17 16:36:43 [ERROR] src.prediction.prophet_model: Prophet forecast error for 湖南农业大学门户/link_score: Prophet init failed (CmdStan missing?): 'Prophet' object has no attribute 'stan_backend'
2026-05-17 16:36:43 [ERROR] src.prediction.prophet_model: Prophet forecast error for 湖南农业大学门户/security_score: Prophet init failed (CmdStan missing?): 'Prophet' object has no attribute 'stan_backend'
2026-05-17 16:36:43 [ERROR] src.prediction.prophet_model: Prophet forecast error for 湖南省人民政府/availability_score: Prophet init failed (CmdStan missing?): 'Prophet' object has no attribute 'stan_backend'
2026-05-17 16:36:43 [ERROR] src.prediction.prophet_model: Prophet forecast error for 湖南省人民政府/response_time_score: Prophet init failed (CmdStan missing?): 'Prophet' object has no attribute 'stan_backend'
2026-05-17 16:36:43 [ERROR] src.prediction.prophet_model: Prophet forecast error for 湖南省人民政府/link_score: Prophet init failed (CmdStan missing?): 'Prophet' object has no attribute 'stan_backend'
2026-05-17 16:36:43 [ERROR] src.prediction.prophet_model: Prophet forecast error for 湖南省人民政府/security_score: Prophet init failed (CmdStan missing?): 'Prophet' object has no attribute 'stan_backend'
2026-05-17 16:36:43 [ERROR] src.prediction.prophet_model: Prophet forecast error for 腾讯官网/availability_score: Prophet init failed (CmdStan missing?): 'Prophet' object has no attribute 'stan_backend'
2026-05-17 16:36:43 [ERROR] src.prediction.prophet_model: Prophet forecast error for 腾讯官网/response_time_score: Prophet init failed (CmdStan missing?): 'Prophet' object has no attribute 'stan_backend'
2026-05-17 16:36:43 [ERROR] src.prediction.prophet_model: Prophet forecast error for 腾讯官网/security_score: Prophet init failed (CmdStan missing?): 'Prophet' object has no attribute 'stan_backend'
2026-05-17 16:36:43 [INFO] __main__: Collection cycle complete — 4 targets processed
2026-05-18 21:28:07 [INFO] src.storage.db: Database initialised at C:\internet_awareness\data\awareness.db
2026-05-18 21:28:07 [INFO] __main__: Starting standalone collector
2026-05-19 21:10:38 [INFO] src.storage.db: Database initialised at C:\internet_awareness\data\awareness.db
2026-05-19 21:10:38 [INFO] __main__: Starting standalone collector
2026-05-19 21:10:53 [INFO] src.collection.threat_intel: Threat score for 湖南农业大学门户 (218.104.146.107): 0.00 (pulses=0)
2026-05-19 21:11:10 [INFO] src.collection.threat_intel: Threat score for 湖南省人民政府 (113.246.57.9): 0.00 (pulses=0)
2026-05-19 21:11:23 [INFO] src.collection.threat_intel: Threat score for 字节跳动官网 (42.48.120.66): 0.00 (pulses=0)
2026-05-19 21:11:36 [INFO] src.collection.threat_intel: Threat score for 腾讯官网 (116.162.169.116): 0.00 (pulses=0)
2026-05-19 21:11:36 [INFO] src.scoring.health_score: Health score for 字节跳动官网: 63.3
2026-05-19 21:11:36 [INFO] src.scoring.health_score: Health score for 湖南农业大学门户: 98.6
2026-05-19 21:11:36 [INFO] src.scoring.health_score: Health score for 湖南省人民政府: 91.9
2026-05-19 21:11:36 [INFO] src.scoring.health_score: Health score for 腾讯官网: 96.4
2026-05-19 21:11:41 [ERROR] src.prediction.prophet_model: Forecast error for 字节跳动官网/availability_score: [WinError 1114] 动态链接库(DLL)初始化例程失败。 Error loading "C:\internet_awareness\.venv\Lib\site-packages\torch\lib\c10.dll" or one of its dependencies.
2026-05-19 21:11:48 [ERROR] src.prediction.prophet_model: Forecast error for 字节跳动官网/response_time_score: [WinError 1114] 动态链接库(DLL)初始化例程失败。 Error loading "C:\internet_awareness\.venv\Lib\site-packages\torch\lib\c10.dll" or one of its dependencies.
2026-05-19 21:11:48 [WARNING] src.rules.alert_manager: ALERT [warning] 字节跳动官网: 指标 response_time_score 异常降低：实际值 2.2，预测值 77.2（偏差 75.1）
2026-05-19 21:11:54 [ERROR] src.prediction.prophet_model: Forecast error for 字节跳动官网/security_score: [WinError 1114] 动态链接库(DLL)初始化例程失败。 Error loading "C:\internet_awareness\.venv\Lib\site-packages\torch\lib\c10.dll" or one of its dependencies.
2026-05-19 21:12:01 [ERROR] src.prediction.prophet_model: Forecast error for 湖南农业大学门户/availability_score: [WinError 1114] 动态链接库(DLL)初始化例程失败。 Error loading "C:\internet_awareness\.venv\Lib\site-packages\torch\lib\c10.dll" or one of its dependencies.
2026-05-19 21:12:08 [ERROR] src.prediction.prophet_model: Forecast error for 湖南农业大学门户/response_time_score: [WinError 1114] 动态链接库(DLL)初始化例程失败。 Error loading "C:\internet_awareness\.venv\Lib\site-packages\torch\lib\c10.dll" or one of its dependencies.
2026-05-19 21:12:14 [ERROR] src.prediction.prophet_model: Forecast error for 湖南农业大学门户/link_score: [WinError 1114] 动态链接库(DLL)初始化例程失败。 Error loading "C:\internet_awareness\.venv\Lib\site-packages\torch\lib\c10.dll" or one of its dependencies.
2026-05-19 21:12:21 [ERROR] src.prediction.prophet_model: Forecast error for 湖南农业大学门户/security_score: [WinError 1114] 动态链接库(DLL)初始化例程失败。 Error loading "C:\internet_awareness\.venv\Lib\site-packages\torch\lib\c10.dll" or one of its dependencies.
2026-05-19 21:12:27 [ERROR] src.prediction.prophet_model: Forecast error for 湖南省人民政府/availability_score: [WinError 1114] 动态链接库(DLL)初始化例程失败。 Error loading "C:\internet_awareness\.venv\Lib\site-packages\torch\lib\c10.dll" or one of its dependencies.
2026-05-19 21:12:33 [ERROR] src.prediction.prophet_model: Forecast error for 湖南省人民政府/response_time_score: [WinError 1114] 动态链接库(DLL)初始化例程失败。 Error loading "C:\internet_awareness\.venv\Lib\site-packages\torch\lib\c10.dll" or one of its dependencies.
2026-05-19 21:12:39 [ERROR] src.prediction.prophet_model: Forecast error for 湖南省人民政府/link_score: [WinError 1114] 动态链接库(DLL)初始化例程失败。 Error loading "C:\internet_awareness\.venv\Lib\site-packages\torch\lib\c10.dll" or one of its dependencies.
2026-05-19 21:12:45 [ERROR] src.prediction.prophet_model: Forecast error for 湖南省人民政府/security_score: [WinError 1114] 动态链接库(DLL)初始化例程失败。 Error loading "C:\internet_awareness\.venv\Lib\site-packages\torch\lib\c10.dll" or one of its dependencies.
2026-05-19 21:12:51 [ERROR] src.prediction.prophet_model: Forecast error for 腾讯官网/availability_score: [WinError 1114] 动态链接库(DLL)初始化例程失败。 Error loading "C:\internet_awareness\.venv\Lib\site-packages\torch\lib\c10.dll" or one of its dependencies.
2026-05-19 21:12:56 [ERROR] src.prediction.prophet_model: Forecast error for 腾讯官网/response_time_score: [WinError 1114] 动态链接库(DLL)初始化例程失败。 Error loading "C:\internet_awareness\.venv\Lib\site-packages\torch\lib\c10.dll" or one of its dependencies.
2026-05-19 21:13:03 [ERROR] src.prediction.prophet_model: Forecast error for 腾讯官网/security_score: [WinError 1114] 动态链接库(DLL)初始化例程失败。 Error loading "C:\internet_awareness\.venv\Lib\site-packages\torch\lib\c10.dll" or one of its dependencies.
2026-05-19 21:13:03 [INFO] __main__: Collection cycle complete — 4 targets processed
2026-05-19 21:13:03 [INFO] __main__: Next collection scheduled in 38816 seconds (10.8 hours)
2026-05-22 23:55:43 [INFO] src.storage.db: Database initialised at C:\internet_awareness\data\awareness.db
2026-05-22 23:55:43 [INFO] __main__: Starting standalone collector
2026-05-22 23:56:02 [INFO] src.collection.threat_intel: Threat score for 湖南农业大学门户 (218.104.146.107): 0.00 (pulses=0)
2026-05-22 23:56:17 [INFO] src.collection.threat_intel: Threat score for 湖南省人民政府 (113.246.57.9): 0.00 (pulses=0)
2026-05-22 23:56:31 [INFO] src.collection.threat_intel: Threat score for 字节跳动官网 (42.48.120.66): 0.00 (pulses=0)
2026-05-22 23:56:43 [INFO] src.collection.threat_intel: Threat score for 腾讯官网 (116.162.169.116): 0.00 (pulses=0)
2026-05-22 23:56:43 [INFO] src.scoring.health_score: Health score for 字节跳动官网: 87.7
2026-05-22 23:56:43 [INFO] src.scoring.health_score: Health score for 湖南农业大学门户: 95.1
2026-05-22 23:56:43 [INFO] src.scoring.health_score: Health score for 湖南省人民政府: 88.1
2026-05-22 23:56:43 [INFO] src.scoring.health_score: Health score for 腾讯官网: 95.0
2026-05-22 23:56:49 [ERROR] src.prediction.prophet_model: Forecast error for 字节跳动官网/availability_score: [WinError 1114] 动态链接库(DLL)初始化例程失败。 Error loading "C:\internet_awareness\.venv\Lib\site-packages\torch\lib\c10.dll" or one of its dependencies.
2026-05-22 23:56:53 [ERROR] src.prediction.prophet_model: Forecast error for 字节跳动官网/response_time_score: [WinError 1114] 动态链接库(DLL)初始化例程失败。 Error loading "C:\internet_awareness\.venv\Lib\site-packages\torch\lib\c10.dll" or one of its dependencies.
2026-05-22 23:56:58 [ERROR] src.prediction.prophet_model: Forecast error for 字节跳动官网/security_score: [WinError 1114] 动态链接库(DLL)初始化例程失败。 Error loading "C:\internet_awareness\.venv\Lib\site-packages\torch\lib\c10.dll" or one of its dependencies.
2026-05-22 23:57:03 [ERROR] src.prediction.prophet_model: Forecast error for 湖南农业大学门户/availability_score: [WinError 1114] 动态链接库(DLL)初始化例程失败。 Error loading "C:\internet_awareness\.venv\Lib\site-packages\torch\lib\c10.dll" or one of its dependencies.
2026-05-22 23:57:07 [ERROR] src.prediction.prophet_model: Forecast error for 湖南农业大学门户/response_time_score: [WinError 1114] 动态链接库(DLL)初始化例程失败。 Error loading "C:\internet_awareness\.venv\Lib\site-packages\torch\lib\c10.dll" or one of its dependencies.
2026-05-22 23:57:12 [ERROR] src.prediction.prophet_model: Forecast error for 湖南农业大学门户/link_score: [WinError 1114] 动态链接库(DLL)初始化例程失败。 Error loading "C:\internet_awareness\.venv\Lib\site-packages\torch\lib\c10.dll" or one of its dependencies.
2026-05-22 23:57:16 [ERROR] src.prediction.prophet_model: Forecast error for 湖南农业大学门户/security_score: [WinError 1114] 动态链接库(DLL)初始化例程失败。 Error loading "C:\internet_awareness\.venv\Lib\site-packages\torch\lib\c10.dll" or one of its dependencies.
2026-05-22 23:57:21 [ERROR] src.prediction.prophet_model: Forecast error for 湖南省人民政府/availability_score: [WinError 1114] 动态链接库(DLL)初始化例程失败。 Error loading "C:\internet_awareness\.venv\Lib\site-packages\torch\lib\c10.dll" or one of its dependencies.
2026-05-22 23:57:25 [ERROR] src.prediction.prophet_model: Forecast error for 湖南省人民政府/response_time_score: [WinError 1114] 动态链接库(DLL)初始化例程失败。 Error loading "C:\internet_awareness\.venv\Lib\site-packages\torch\lib\c10.dll" or one of its dependencies.
2026-05-22 23:57:25 [WARNING] src.rules.alert_manager: ALERT [warning] 湖南省人民政府: 指标 response_time_score 异常降低：实际值 60.4，预测值 99.5（偏差 39.2）
2026-05-22 23:57:30 [ERROR] src.prediction.prophet_model: Forecast error for 湖南省人民政府/link_score: [WinError 1114] 动态链接库(DLL)初始化例程失败。 Error loading "C:\internet_awareness\.venv\Lib\site-packages\torch\lib\c10.dll" or one of its dependencies.
2026-05-22 23:57:35 [ERROR] src.prediction.prophet_model: Forecast error for 湖南省人民政府/security_score: [WinError 1114] 动态链接库(DLL)初始化例程失败。 Error loading "C:\internet_awareness\.venv\Lib\site-packages\torch\lib\c10.dll" or one of its dependencies.
2026-05-22 23:57:39 [ERROR] src.prediction.prophet_model: Forecast error for 腾讯官网/availability_score: [WinError 1114] 动态链接库(DLL)初始化例程失败。 Error loading "C:\internet_awareness\.venv\Lib\site-packages\torch\lib\c10.dll" or one of its dependencies.
2026-05-22 23:57:44 [ERROR] src.prediction.prophet_model: Forecast error for 腾讯官网/response_time_score: [WinError 1114] 动态链接库(DLL)初始化例程失败。 Error loading "C:\internet_awareness\.venv\Lib\site-packages\torch\lib\c10.dll" or one of its dependencies.
2026-05-22 23:57:49 [ERROR] src.prediction.prophet_model: Forecast error for 腾讯官网/security_score: [WinError 1114] 动态链接库(DLL)初始化例程失败。 Error loading "C:\internet_awareness\.venv\Lib\site-packages\torch\lib\c10.dll" or one of its dependencies.
2026-05-22 23:57:49 [INFO] __main__: Collection cycle complete — 4 targets processed
2026-05-22 23:57:49 [INFO] __main__: Next collection scheduled in 28931 seconds (8.0 hours)
2026-05-23 21:56:53 [INFO] src.storage.db: Database initialised at C:\internet_awareness\data\awareness.db
2026-05-23 21:56:53 [INFO] __main__: Starting standalone collector
2026-05-23 21:57:09 [INFO] src.collection.threat_intel: Threat score for 湖南农业大学门户 (218.104.146.107): 0.00 (pulses=0)
2026-05-23 21:57:23 [INFO] src.collection.threat_intel: Threat score for 湖南省人民政府 (113.246.57.9): 0.00 (pulses=0)
2026-05-23 21:57:35 [INFO] src.collection.threat_intel: Threat score for 字节跳动官网 (42.48.120.66): 0.00 (pulses=0)
2026-05-23 21:57:50 [INFO] src.collection.threat_intel: Threat score for 腾讯官网 (116.162.169.116): 0.00 (pulses=0)
2026-05-23 21:57:50 [INFO] src.scoring.health_score: Health score for 字节跳动官网: 89.4
2026-05-23 21:57:50 [INFO] src.scoring.health_score: Health score for 湖南农业大学门户: 98.2
2026-05-23 21:57:50 [INFO] src.scoring.health_score: Health score for 湖南省人民政府: 92.8
2026-05-23 21:57:50 [INFO] src.scoring.health_score: Health score for 腾讯官网: 95.9
2026-05-23 21:57:59 [ERROR] src.prediction.prophet_model: Forecast error for 字节跳动官网/availability_score: [WinError 1114] 动态链接库(DLL)初始化例程失败。 Error loading "C:\internet_awareness\.venv\Lib\site-packages\torch\lib\c10.dll" or one of its dependencies.
2026-05-23 21:58:08 [ERROR] src.prediction.prophet_model: Forecast error for 字节跳动官网/response_time_score: [WinError 1114] 动态链接库(DLL)初始化例程失败。 Error loading "C:\internet_awareness\.venv\Lib\site-packages\torch\lib\c10.dll" or one of its dependencies.
2026-05-23 21:58:18 [ERROR] src.prediction.prophet_model: Forecast error for 字节跳动官网/security_score: [WinError 1114] 动态链接库(DLL)初始化例程失败。 Error loading "C:\internet_awareness\.venv\Lib\site-packages\torch\lib\c10.dll" or one of its dependencies.
2026-05-23 21:58:26 [ERROR] src.prediction.prophet_model: Forecast error for 湖南农业大学门户/availability_score: [WinError 1114] 动态链接库(DLL)初始化例程失败。 Error loading "C:\internet_awareness\.venv\Lib\site-packages\torch\lib\c10.dll" or one of its dependencies.
2026-05-23 21:58:33 [ERROR] src.prediction.prophet_model: Forecast error for 湖南农业大学门户/response_time_score: [WinError 1114] 动态链接库(DLL)初始化例程失败。 Error loading "C:\internet_awareness\.venv\Lib\site-packages\torch\lib\c10.dll" or one of its dependencies.
2026-05-23 21:58:41 [ERROR] src.prediction.prophet_model: Forecast error for 湖南农业大学门户/link_score: [WinError 1114] 动态链接库(DLL)初始化例程失败。 Error loading "C:\internet_awareness\.venv\Lib\site-packages\torch\lib\c10.dll" or one of its dependencies.
2026-05-23 21:58:47 [ERROR] src.prediction.prophet_model: Forecast error for 湖南农业大学门户/security_score: [WinError 1114] 动态链接库(DLL)初始化例程失败。 Error loading "C:\internet_awareness\.venv\Lib\site-packages\torch\lib\c10.dll" or one of its dependencies.
2026-05-23 21:58:54 [ERROR] src.prediction.prophet_model: Forecast error for 湖南省人民政府/availability_score: [WinError 1114] 动态链接库(DLL)初始化例程失败。 Error loading "C:\internet_awareness\.venv\Lib\site-packages\torch\lib\c10.dll" or one of its dependencies.
2026-05-23 21:59:01 [ERROR] src.prediction.prophet_model: Forecast error for 湖南省人民政府/response_time_score: [WinError 1114] 动态链接库(DLL)初始化例程失败。 Error loading "C:\internet_awareness\.venv\Lib\site-packages\torch\lib\c10.dll" or one of its dependencies.
2026-05-23 21:59:08 [ERROR] src.prediction.prophet_model: Forecast error for 湖南省人民政府/link_score: [WinError 1114] 动态链接库(DLL)初始化例程失败。 Error loading "C:\internet_awareness\.venv\Lib\site-packages\torch\lib\c10.dll" or one of its dependencies.
2026-05-23 21:59:14 [ERROR] src.prediction.prophet_model: Forecast error for 湖南省人民政府/security_score: [WinError 1114] 动态链接库(DLL)初始化例程失败。 Error loading "C:\internet_awareness\.venv\Lib\site-packages\torch\lib\c10.dll" or one of its dependencies.
2026-05-23 21:59:22 [ERROR] src.prediction.prophet_model: Forecast error for 腾讯官网/availability_score: [WinError 1114] 动态链接库(DLL)初始化例程失败。 Error loading "C:\internet_awareness\.venv\Lib\site-packages\torch\lib\c10.dll" or one of its dependencies.
2026-05-23 21:59:28 [ERROR] src.prediction.prophet_model: Forecast error for 腾讯官网/response_time_score: [WinError 1114] 动态链接库(DLL)初始化例程失败。 Error loading "C:\internet_awareness\.venv\Lib\site-packages\torch\lib\c10.dll" or one of its dependencies.
2026-05-23 21:59:35 [ERROR] src.prediction.prophet_model: Forecast error for 腾讯官网/security_score: [WinError 1114] 动态链接库(DLL)初始化例程失败。 Error loading "C:\internet_awareness\.venv\Lib\site-packages\torch\lib\c10.dll" or one of its dependencies.
2026-05-23 21:59:35 [INFO] __main__: Collection cycle complete — 4 targets processed
2026-05-23 21:59:35 [INFO] __main__: Next collection scheduled in 36024 seconds (10.0 hours)
2026-05-24 11:10:39 [INFO] src.collection.threat_intel: Threat score for 湖南农业大学门户 (218.104.146.107): 0.00 (pulses=0)
2026-05-24 11:11:03 [INFO] src.collection.threat_intel: Threat score for 湖南省人民政府 (113.246.57.9): 0.00 (pulses=0)
2026-05-24 11:11:26 [ERROR] src.collection.threat_intel: OTX query error for 42.48.120.66: HTTPSConnectionPool(host='otx.alienvault.com', port=443): Read timed out. (read timeout=15)
2026-05-24 11:11:53 [INFO] src.collection.threat_intel: Threat score for 腾讯官网 (116.162.169.116): 0.00 (pulses=0)
2026-05-24 11:11:54 [INFO] src.scoring.health_score: Health score for 字节跳动官网: 57.2
2026-05-24 11:11:54 [INFO] src.scoring.health_score: Health score for 湖南农业大学门户: 92.9
2026-05-24 11:11:54 [INFO] src.scoring.health_score: Health score for 湖南省人民政府: 70.4
2026-05-24 11:11:55 [INFO] src.scoring.health_score: Health score for 腾讯官网: 85.0
2026-05-24 11:11:55 [WARNING] src.rules.alert_manager: ALERT [warning] 字节跳动官网: 服务健康度评分下降至 57.2 分（阈值 60 分）
2026-05-24 11:12:01 [ERROR] src.prediction.prophet_model: Forecast error for 字节跳动官网/availability_score: [WinError 1114] 动态链接库(DLL)初始化例程失败。 Error loading "C:\internet_awareness\.venv\Lib\site-packages\torch\lib\c10.dll" or one of its dependencies.
2026-05-24 11:12:10 [ERROR] src.prediction.prophet_model: Forecast error for 字节跳动官网/response_time_score: [WinError 1114] 动态链接库(DLL)初始化例程失败。 Error loading "C:\internet_awareness\.venv\Lib\site-packages\torch\lib\c10.dll" or one of its dependencies.
2026-05-24 11:12:17 [ERROR] src.prediction.prophet_model: Forecast error for 字节跳动官网/security_score: [WinError 1114] 动态链接库(DLL)初始化例程失败。 Error loading "C:\internet_awareness\.venv\Lib\site-packages\torch\lib\c10.dll" or one of its dependencies.
2026-05-24 11:12:25 [ERROR] src.prediction.prophet_model: Forecast error for 湖南农业大学门户/availability_score: [WinError 1114] 动态链接库(DLL)初始化例程失败。 Error loading "C:\internet_awareness\.venv\Lib\site-packages\torch\lib\c10.dll" or one of its dependencies.
2026-05-24 11:12:32 [ERROR] src.prediction.prophet_model: Forecast error for 湖南农业大学门户/response_time_score: [WinError 1114] 动态链接库(DLL)初始化例程失败。 Error loading "C:\internet_awareness\.venv\Lib\site-packages\torch\lib\c10.dll" or one of its dependencies.
2026-05-24 11:12:40 [ERROR] src.prediction.prophet_model: Forecast error for 湖南农业大学门户/link_score: [WinError 1114] 动态链接库(DLL)初始化例程失败。 Error loading "C:\internet_awareness\.venv\Lib\site-packages\torch\lib\c10.dll" or one of its dependencies.
2026-05-24 11:12:47 [ERROR] src.prediction.prophet_model: Forecast error for 湖南农业大学门户/security_score: [WinError 1114] 动态链接库(DLL)初始化例程失败。 Error loading "C:\internet_awareness\.venv\Lib\site-packages\torch\lib\c10.dll" or one of its dependencies.
2026-05-24 11:12:55 [ERROR] src.prediction.prophet_model: Forecast error for 湖南省人民政府/availability_score: [WinError 1114] 动态链接库(DLL)初始化例程失败。 Error loading "C:\internet_awareness\.venv\Lib\site-packages\torch\lib\c10.dll" or one of its dependencies.
2026-05-24 11:13:02 [ERROR] src.prediction.prophet_model: Forecast error for 湖南省人民政府/response_time_score: [WinError 1114] 动态链接库(DLL)初始化例程失败。 Error loading "C:\internet_awareness\.venv\Lib\site-packages\torch\lib\c10.dll" or one of its dependencies.
2026-05-24 11:13:10 [ERROR] src.prediction.prophet_model: Forecast error for 湖南省人民政府/link_score: [WinError 1114] 动态链接库(DLL)初始化例程失败。 Error loading "C:\internet_awareness\.venv\Lib\site-packages\torch\lib\c10.dll" or one of its dependencies.
2026-05-24 11:13:18 [ERROR] src.prediction.prophet_model: Forecast error for 湖南省人民政府/security_score: [WinError 1114] 动态链接库(DLL)初始化例程失败。 Error loading "C:\internet_awareness\.venv\Lib\site-packages\torch\lib\c10.dll" or one of its dependencies.
2026-05-24 11:13:29 [ERROR] src.prediction.prophet_model: Forecast error for 腾讯官网/availability_score: [WinError 1114] 动态链接库(DLL)初始化例程失败。 Error loading "C:\internet_awareness\.venv\Lib\site-packages\torch\lib\c10.dll" or one of its dependencies.
2026-05-24 11:13:39 [ERROR] src.prediction.prophet_model: Forecast error for 腾讯官网/response_time_score: [WinError 1114] 动态链接库(DLL)初始化例程失败。 Error loading "C:\internet_awareness\.venv\Lib\site-packages\torch\lib\c10.dll" or one of its dependencies.
2026-05-24 11:13:48 [ERROR] src.prediction.prophet_model: Forecast error for 腾讯官网/security_score: [WinError 1114] 动态链接库(DLL)初始化例程失败。 Error loading "C:\internet_awareness\.venv\Lib\site-packages\torch\lib\c10.dll" or one of its dependencies.
2026-05-24 11:13:48 [INFO] __main__: Collection cycle complete — 4 targets processed
2026-05-24 11:13:48 [INFO] __main__: Next collection scheduled in 2771 seconds (0.8 hours)
2026-05-24 12:35:39 [INFO] src.collection.threat_intel: Threat score for 湖南农业大学门户 (218.104.146.107): 0.00 (pulses=0)
2026-05-24 12:35:54 [INFO] src.collection.threat_intel: Threat score for 湖南省人民政府 (113.246.57.9): 0.00 (pulses=0)
2026-05-24 12:36:06 [INFO] src.collection.threat_intel: Threat score for 字节跳动官网 (42.48.120.66): 0.00 (pulses=0)
2026-05-24 12:36:18 [INFO] src.collection.threat_intel: Threat score for 腾讯官网 (116.162.169.116): 0.00 (pulses=0)
2026-05-24 12:36:19 [INFO] src.scoring.health_score: Health score for 字节跳动官网: 95.9
2026-05-24 12:36:19 [INFO] src.scoring.health_score: Health score for 湖南农业大学门户: 98.5
2026-05-24 12:36:19 [INFO] src.scoring.health_score: Health score for 湖南省人民政府: 98.3
2026-05-24 12:36:19 [INFO] src.scoring.health_score: Health score for 腾讯官网: 94.5
2026-05-24 12:36:29 [ERROR] src.prediction.prophet_model: Forecast error for 字节跳动官网/availability_score: [WinError 1114] 动态链接库(DLL)初始化例程失败。 Error loading "C:\internet_awareness\.venv\Lib\site-packages\torch\lib\c10.dll" or one of its dependencies.
2026-05-24 12:36:36 [ERROR] src.prediction.prophet_model: Forecast error for 字节跳动官网/response_time_score: [WinError 1114] 动态链接库(DLL)初始化例程失败。 Error loading "C:\internet_awareness\.venv\Lib\site-packages\torch\lib\c10.dll" or one of its dependencies.
2026-05-24 12:36:44 [ERROR] src.prediction.prophet_model: Forecast error for 字节跳动官网/security_score: [WinError 1114] 动态链接库(DLL)初始化例程失败。 Error loading "C:\internet_awareness\.venv\Lib\site-packages\torch\lib\c10.dll" or one of its dependencies.
2026-05-24 12:36:51 [ERROR] src.prediction.prophet_model: Forecast error for 湖南农业大学门户/availability_score: [WinError 1114] 动态链接库(DLL)初始化例程失败。 Error loading "C:\internet_awareness\.venv\Lib\site-packages\torch\lib\c10.dll" or one of its dependencies.
2026-05-24 12:36:59 [ERROR] src.prediction.prophet_model: Forecast error for 湖南农业大学门户/response_time_score: [WinError 1114] 动态链接库(DLL)初始化例程失败。 Error loading "C:\internet_awareness\.venv\Lib\site-packages\torch\lib\c10.dll" or one of its dependencies.
2026-05-24 12:37:06 [ERROR] src.prediction.prophet_model: Forecast error for 湖南农业大学门户/link_score: [WinError 1114] 动态链接库(DLL)初始化例程失败。 Error loading "C:\internet_awareness\.venv\Lib\site-packages\torch\lib\c10.dll" or one of its dependencies.
2026-05-24 12:37:13 [ERROR] src.prediction.prophet_model: Forecast error for 湖南农业大学门户/security_score: [WinError 1114] 动态链接库(DLL)初始化例程失败。 Error loading "C:\internet_awareness\.venv\Lib\site-packages\torch\lib\c10.dll" or one of its dependencies.
2026-05-24 12:37:21 [ERROR] src.prediction.prophet_model: Forecast error for 湖南省人民政府/availability_score: [WinError 1114] 动态链接库(DLL)初始化例程失败。 Error loading "C:\internet_awareness\.venv\Lib\site-packages\torch\lib\c10.dll" or one of its dependencies.
2026-05-24 12:37:30 [ERROR] src.prediction.prophet_model: Forecast error for 湖南省人民政府/response_time_score: [WinError 1114] 动态链接库(DLL)初始化例程失败。 Error loading "C:\internet_awareness\.venv\Lib\site-packages\torch\lib\c10.dll" or one of its dependencies.
2026-05-24 12:37:37 [ERROR] src.prediction.prophet_model: Forecast error for 湖南省人民政府/link_score: [WinError 1114] 动态链接库(DLL)初始化例程失败。 Error loading "C:\internet_awareness\.venv\Lib\site-packages\torch\lib\c10.dll" or one of its dependencies.
2026-05-24 12:37:44 [ERROR] src.prediction.prophet_model: Forecast error for 湖南省人民政府/security_score: [WinError 1114] 动态链接库(DLL)初始化例程失败。 Error loading "C:\internet_awareness\.venv\Lib\site-packages\torch\lib\c10.dll" or one of its dependencies.
2026-05-24 12:37:51 [ERROR] src.prediction.prophet_model: Forecast error for 腾讯官网/availability_score: [WinError 1114] 动态链接库(DLL)初始化例程失败。 Error loading "C:\internet_awareness\.venv\Lib\site-packages\torch\lib\c10.dll" or one of its dependencies.
2026-05-24 12:37:59 [ERROR] src.prediction.prophet_model: Forecast error for 腾讯官网/response_time_score: [WinError 1114] 动态链接库(DLL)初始化例程失败。 Error loading "C:\internet_awareness\.venv\Lib\site-packages\torch\lib\c10.dll" or one of its dependencies.
2026-05-24 12:38:07 [ERROR] src.prediction.prophet_model: Forecast error for 腾讯官网/security_score: [WinError 1114] 动态链接库(DLL)初始化例程失败。 Error loading "C:\internet_awareness\.venv\Lib\site-packages\torch\lib\c10.dll" or one of its dependencies.
2026-05-24 12:38:07 [INFO] __main__: Collection cycle complete — 4 targets processed
2026-05-24 12:38:07 [INFO] __main__: Next collection scheduled in 26513 seconds (7.4 hours)
2026-05-24 18:24:02 [INFO] src.storage.db: Database initialised at C:\internet_awareness\data\awareness.db
2026-05-24 18:24:02 [INFO] __main__: Starting standalone collector
2026-05-24 18:24:19 [INFO] src.collection.threat_intel: Threat score for 湖南农业大学门户 (218.104.146.107): 0.00 (pulses=0)
2026-05-24 18:24:34 [INFO] src.collection.threat_intel: Threat score for 湖南省人民政府 (113.246.57.9): 0.00 (pulses=0)
2026-05-24 18:24:47 [INFO] src.collection.threat_intel: Threat score for 字节跳动官网 (42.48.120.66): 0.00 (pulses=0)
2026-05-24 18:25:00 [INFO] src.collection.threat_intel: Threat score for 腾讯官网 (116.162.169.116): 0.00 (pulses=0)
2026-05-24 18:25:00 [INFO] src.scoring.health_score: Health score for 字节跳动官网: 92.6
2026-05-24 18:25:00 [INFO] src.scoring.health_score: Health score for 湖南农业大学门户: 96.3
2026-05-24 18:25:00 [INFO] src.scoring.health_score: Health score for 湖南省人民政府: 97.2
2026-05-24 18:25:00 [INFO] src.scoring.health_score: Health score for 腾讯官网: 89.2
2026-05-24 18:25:04 [ERROR] src.prediction.prophet_model: Forecast error for 字节跳动官网/availability_score: [WinError 1114] 动态链接库(DLL)初始化例程失败。 Error loading "C:\internet_awareness\.venv\Lib\site-packages\torch\lib\c10.dll" or one of its dependencies.
2026-05-24 18:25:08 [ERROR] src.prediction.prophet_model: Forecast error for 字节跳动官网/response_time_score: [WinError 1114] 动态链接库(DLL)初始化例程失败。 Error loading "C:\internet_awareness\.venv\Lib\site-packages\torch\lib\c10.dll" or one of its dependencies.
2026-05-24 18:25:12 [ERROR] src.prediction.prophet_model: Forecast error for 字节跳动官网/security_score: [WinError 1114] 动态链接库(DLL)初始化例程失败。 Error loading "C:\internet_awareness\.venv\Lib\site-packages\torch\lib\c10.dll" or one of its dependencies.
2026-05-24 18:25:15 [ERROR] src.prediction.prophet_model: Forecast error for 湖南农业大学门户/availability_score: [WinError 1114] 动态链接库(DLL)初始化例程失败。 Error loading "C:\internet_awareness\.venv\Lib\site-packages\torch\lib\c10.dll" or one of its dependencies.
2026-05-24 18:25:19 [ERROR] src.prediction.prophet_model: Forecast error for 湖南农业大学门户/response_time_score: [WinError 1114] 动态链接库(DLL)初始化例程失败。 Error loading "C:\internet_awareness\.venv\Lib\site-packages\torch\lib\c10.dll" or one of its dependencies.
2026-05-24 18:25:23 [ERROR] src.prediction.prophet_model: Forecast error for 湖南农业大学门户/link_score: [WinError 1114] 动态链接库(DLL)初始化例程失败。 Error loading "C:\internet_awareness\.venv\Lib\site-packages\torch\lib\c10.dll" or one of its dependencies.
2026-05-24 18:25:27 [ERROR] src.prediction.prophet_model: Forecast error for 湖南农业大学门户/security_score: [WinError 1114] 动态链接库(DLL)初始化例程失败。 Error loading "C:\internet_awareness\.venv\Lib\site-packages\torch\lib\c10.dll" or one of its dependencies.
2026-05-24 18:25:30 [ERROR] src.prediction.prophet_model: Forecast error for 湖南省人民政府/availability_score: [WinError 1114] 动态链接库(DLL)初始化例程失败。 Error loading "C:\internet_awareness\.venv\Lib\site-packages\torch\lib\c10.dll" or one of its dependencies.
2026-05-24 18:25:34 [ERROR] src.prediction.prophet_model: Forecast error for 湖南省人民政府/response_time_score: [WinError 1114] 动态链接库(DLL)初始化例程失败。 Error loading "C:\internet_awareness\.venv\Lib\site-packages\torch\lib\c10.dll" or one of its dependencies.
2026-05-24 18:25:38 [ERROR] src.prediction.prophet_model: Forecast error for 湖南省人民政府/link_score: [WinError 1114] 动态链接库(DLL)初始化例程失败。 Error loading "C:\internet_awareness\.venv\Lib\site-packages\torch\lib\c10.dll" or one of its dependencies.
2026-05-24 18:25:42 [ERROR] src.prediction.prophet_model: Forecast error for 湖南省人民政府/security_score: [WinError 1114] 动态链接库(DLL)初始化例程失败。 Error loading "C:\internet_awareness\.venv\Lib\site-packages\torch\lib\c10.dll" or one of its dependencies.
2026-05-24 18:25:46 [ERROR] src.prediction.prophet_model: Forecast error for 腾讯官网/availability_score: [WinError 1114] 动态链接库(DLL)初始化例程失败。 Error loading "C:\internet_awareness\.venv\Lib\site-packages\torch\lib\c10.dll" or one of its dependencies.
2026-05-24 18:25:50 [ERROR] src.prediction.prophet_model: Forecast error for 腾讯官网/response_time_score: [WinError 1114] 动态链接库(DLL)初始化例程失败。 Error loading "C:\internet_awareness\.venv\Lib\site-packages\torch\lib\c10.dll" or one of its dependencies.
2026-05-24 18:25:53 [ERROR] src.prediction.prophet_model: Forecast error for 腾讯官网/security_score: [WinError 1114] 动态链接库(DLL)初始化例程失败。 Error loading "C:\internet_awareness\.venv\Lib\site-packages\torch\lib\c10.dll" or one of its dependencies.
2026-05-24 18:25:53 [INFO] __main__: Collection cycle complete — 4 targets processed
2026-05-24 18:25:53 [INFO] __main__: Next collection scheduled in 5646 seconds (1.6 hours)
2026-05-25 22:55:53 [INFO] src.storage.db: Database initialised at C:\internet_awareness\data\awareness.db
2026-05-25 22:55:53 [INFO] __main__: Starting standalone collector
2026-05-25 22:56:07 [INFO] src.collection.threat_intel: Threat score for 湖南农业大学门户 (218.104.146.107): 0.00 (pulses=0)
2026-05-25 22:56:22 [INFO] src.collection.threat_intel: Threat score for 湖南省人民政府 (113.246.57.9): 0.00 (pulses=0)
2026-05-25 22:56:34 [INFO] src.collection.threat_intel: Threat score for 字节跳动官网 (42.48.120.66): 0.00 (pulses=0)
2026-05-25 22:56:50 [INFO] src.collection.threat_intel: Threat score for 腾讯官网 (116.162.169.116): 0.00 (pulses=0)
2026-05-25 22:56:51 [INFO] src.scoring.health_score: Health score for 字节跳动官网: 97.2
2026-05-25 22:56:51 [INFO] src.scoring.health_score: Health score for 湖南农业大学门户: 98.8
2026-05-25 22:56:51 [INFO] src.scoring.health_score: Health score for 湖南省人民政府: 99.1
2026-05-25 22:56:51 [INFO] src.scoring.health_score: Health score for 腾讯官网: 94.5
2026-05-25 22:56:57 [ERROR] src.prediction.prophet_model: Forecast error for 字节跳动官网/availability_score: [WinError 1114] 动态链接库(DLL)初始化例程失败。 Error loading "C:\internet_awareness\.venv\Lib\site-packages\torch\lib\c10.dll" or one of its dependencies.
2026-05-25 22:57:05 [ERROR] src.prediction.prophet_model: Forecast error for 字节跳动官网/response_time_score: [WinError 1114] 动态链接库(DLL)初始化例程失败。 Error loading "C:\internet_awareness\.venv\Lib\site-packages\torch\lib\c10.dll" or one of its dependencies.
2026-05-25 22:57:13 [ERROR] src.prediction.prophet_model: Forecast error for 字节跳动官网/security_score: [WinError 1114] 动态链接库(DLL)初始化例程失败。 Error loading "C:\internet_awareness\.venv\Lib\site-packages\torch\lib\c10.dll" or one of its dependencies.
2026-05-25 22:57:20 [ERROR] src.prediction.prophet_model: Forecast error for 湖南农业大学门户/availability_score: [WinError 1114] 动态链接库(DLL)初始化例程失败。 Error loading "C:\internet_awareness\.venv\Lib\site-packages\torch\lib\c10.dll" or one of its dependencies.
2026-05-25 22:57:27 [ERROR] src.prediction.prophet_model: Forecast error for 湖南农业大学门户/response_time_score: [WinError 1114] 动态链接库(DLL)初始化例程失败。 Error loading "C:\internet_awareness\.venv\Lib\site-packages\torch\lib\c10.dll" or one of its dependencies.
2026-05-25 22:57:36 [ERROR] src.prediction.prophet_model: Forecast error for 湖南农业大学门户/link_score: [WinError 1114] 动态链接库(DLL)初始化例程失败。 Error loading "C:\internet_awareness\.venv\Lib\site-packages\torch\lib\c10.dll" or one of its dependencies.
2026-05-25 22:57:45 [ERROR] src.prediction.prophet_model: Forecast error for 湖南农业大学门户/security_score: [WinError 1114] 动态链接库(DLL)初始化例程失败。 Error loading "C:\internet_awareness\.venv\Lib\site-packages\torch\lib\c10.dll" or one of its dependencies.
2026-05-25 22:57:53 [ERROR] src.prediction.prophet_model: Forecast error for 湖南省人民政府/availability_score: [WinError 1114] 动态链接库(DLL)初始化例程失败。 Error loading "C:\internet_awareness\.venv\Lib\site-packages\torch\lib\c10.dll" or one of its dependencies.
2026-05-25 22:58:01 [ERROR] src.prediction.prophet_model: Forecast error for 湖南省人民政府/response_time_score: [WinError 1114] 动态链接库(DLL)初始化例程失败。 Error loading "C:\internet_awareness\.venv\Lib\site-packages\torch\lib\c10.dll" or one of its dependencies.
2026-05-25 22:58:08 [ERROR] src.prediction.prophet_model: Forecast error for 湖南省人民政府/link_score: [WinError 1114] 动态链接库(DLL)初始化例程失败。 Error loading "C:\internet_awareness\.venv\Lib\site-packages\torch\lib\c10.dll" or one of its dependencies.
2026-05-25 22:58:16 [ERROR] src.prediction.prophet_model: Forecast error for 湖南省人民政府/security_score: [WinError 1114] 动态链接库(DLL)初始化例程失败。 Error loading "C:\internet_awareness\.venv\Lib\site-packages\torch\lib\c10.dll" or one of its dependencies.
2026-05-25 22:58:24 [ERROR] src.prediction.prophet_model: Forecast error for 腾讯官网/availability_score: [WinError 1114] 动态链接库(DLL)初始化例程失败。 Error loading "C:\internet_awareness\.venv\Lib\site-packages\torch\lib\c10.dll" or one of its dependencies.
2026-06-03 22:20:07 [INFO] src.storage.db: Database initialised at C:\internet_awareness\data\awareness.db
2026-06-03 22:20:07 [INFO] __main__: Starting standalone collector
2026-06-03 22:20:22 [INFO] src.collection.threat_intel: Threat score for 湖南农业大学门户 (218.104.146.107): 0.00 (pulses=0)
2026-06-03 22:20:37 [INFO] src.collection.threat_intel: Threat score for 湖南省人民政府 (113.246.57.9): 0.00 (pulses=0)
2026-06-03 22:20:50 [INFO] src.collection.threat_intel: Threat score for 字节跳动官网 (42.48.120.66): 0.00 (pulses=0)
2026-06-03 22:21:14 [INFO] src.collection.threat_intel: Threat score for 腾讯官网 (116.162.169.116): 0.00 (pulses=0)
2026-06-03 22:21:15 [INFO] src.scoring.health_score: Health score for 字节跳动官网: 91.5
2026-06-03 22:21:15 [INFO] src.scoring.health_score: Health score for 湖南农业大学门户: 98.8
2026-06-03 22:21:15 [INFO] src.scoring.health_score: Health score for 湖南省人民政府: 98.2
2026-06-03 22:21:15 [INFO] src.scoring.health_score: Health score for 腾讯官网: 97.8
2026-06-03 22:21:15 [INFO] __main__: Collection cycle complete — 4 targets processed
2026-06-03 22:21:15 [INFO] __main__: Next collection scheduled in 34725 seconds (9.6 hours)
2026-06-04 12:52:26 [INFO] src.storage.db: Database initialised at C:\internet_awareness\data\awareness.db
2026-06-04 12:52:26 [INFO] __main__: Starting standalone collector
2026-06-04 12:52:42 [INFO] src.collection.threat_intel: Threat score for 湖南农业大学门户 (218.104.146.107): 0.00 (pulses=0)
2026-06-04 12:52:57 [INFO] src.collection.threat_intel: Threat score for 湖南省人民政府 (113.246.57.9): 0.00 (pulses=0)
2026-06-04 12:53:09 [INFO] src.collection.threat_intel: Threat score for 字节跳动官网 (42.48.120.66): 0.00 (pulses=0)
2026-06-04 12:53:22 [INFO] src.collection.threat_intel: Threat score for 腾讯官网 (116.162.169.116): 0.00 (pulses=0)
2026-06-04 12:53:22 [INFO] src.scoring.health_score: Health score for 字节跳动官网: 96.2
2026-06-04 12:53:22 [INFO] src.scoring.health_score: Health score for 湖南农业大学门户: 97.7
2026-06-04 12:53:22 [INFO] src.scoring.health_score: Health score for 湖南省人民政府: 97.2
2026-06-04 12:53:22 [INFO] src.scoring.health_score: Health score for 腾讯官网: 95.5
2026-06-04 12:53:23 [INFO] __main__: Collection cycle complete — 4 targets processed
2026-06-04 12:53:23 [INFO] __main__: Next collection scheduled in 25597 seconds (7.1 hours)
2026-06-05 20:59:22 [INFO] src.storage.db: Database initialised at C:\internet_awareness\data\awareness.db
2026-06-05 20:59:22 [INFO] __main__: Starting standalone collector
2026-06-05 20:59:40 [INFO] src.collection.threat_intel: Threat score for 湖南农业大学门户 (218.104.146.107): 0.00 (pulses=0)
2026-06-05 20:59:57 [INFO] src.collection.threat_intel: Threat score for 湖南省人民政府 (113.246.57.9): 0.00 (pulses=0)
2026-06-05 21:00:12 [INFO] src.collection.threat_intel: Threat score for 字节跳动官网 (42.48.120.66): 0.00 (pulses=0)
2026-06-05 21:00:25 [INFO] src.collection.threat_intel: Threat score for 腾讯官网 (116.162.169.116): 0.00 (pulses=0)
2026-06-05 21:00:29 [INFO] src.scoring.health_score: Health score for 字节跳动官网: 85.7
2026-06-05 21:00:29 [INFO] src.scoring.health_score: Health score for 湖南农业大学门户: 96.8
2026-06-05 21:00:29 [INFO] src.scoring.health_score: Health score for 湖南省人民政府: 95.9
2026-06-05 21:00:29 [INFO] src.scoring.health_score: Health score for 腾讯官网: 96.5
2026-06-05 21:00:30 [INFO] __main__: Collection cycle complete — 4 targets processed
2026-06-05 21:00:30 [INFO] __main__: Next collection scheduled in 39569 seconds (11.0 hours)
2026-06-06 08:54:02 [INFO] src.storage.db: Database initialised at C:\internet_awareness\data\awareness.db
2026-06-06 08:54:02 [INFO] __main__: Starting standalone collector
2026-06-06 08:54:17 [INFO] src.collection.threat_intel: Threat score for 湖南农业大学门户 (218.104.146.107): 0.00 (pulses=0)
2026-06-06 08:54:41 [INFO] src.collection.threat_intel: Threat score for 湖南省人民政府 (113.246.57.9): 0.00 (pulses=0)
2026-06-06 08:54:54 [INFO] src.collection.threat_intel: Threat score for 字节跳动官网 (42.48.120.66): 0.00 (pulses=0)
2026-06-06 08:55:06 [INFO] src.collection.threat_intel: Threat score for 腾讯官网 (116.162.169.116): 0.00 (pulses=0)
2026-06-06 08:55:07 [INFO] src.scoring.health_score: Health score for 字节跳动官网: 96.0
2026-06-06 08:55:07 [INFO] src.scoring.health_score: Health score for 湖南农业大学门户: 99.2
2026-06-06 08:55:07 [INFO] src.scoring.health_score: Health score for 湖南省人民政府: 97.9
2026-06-06 08:55:07 [INFO] src.scoring.health_score: Health score for 腾讯官网: 96.8
2026-06-06 08:55:07 [INFO] __main__: Collection cycle complete — 4 targets processed
2026-06-06 08:55:07 [INFO] __main__: Next collection scheduled in 11092 seconds (3.1 hours)
2026-06-06 13:17:00 [INFO] src.storage.db: Database initialised at C:\internet_awareness\data\awareness.db
2026-06-06 13:17:00 [INFO] __main__: Starting standalone collector
2026-06-06 13:17:15 [INFO] src.collection.threat_intel: Threat score for 湖南农业大学门户 (218.104.146.107): 0.00 (pulses=0)
2026-06-06 13:17:30 [INFO] src.collection.threat_intel: Threat score for 湖南省人民政府 (113.246.57.9): 0.00 (pulses=0)
2026-06-06 13:17:42 [INFO] src.collection.threat_intel: Threat score for 字节跳动官网 (42.48.120.66): 0.00 (pulses=0)
2026-06-06 13:17:55 [INFO] src.collection.threat_intel: Threat score for 腾讯官网 (116.162.169.116): 0.00 (pulses=0)
2026-06-06 13:17:56 [INFO] src.scoring.health_score: Health score for 字节跳动官网: 95.8
2026-06-06 13:17:56 [INFO] src.scoring.health_score: Health score for 湖南农业大学门户: 98.8
2026-06-06 13:17:56 [INFO] src.scoring.health_score: Health score for 湖南省人民政府: 97.5
2026-06-06 13:17:56 [INFO] src.scoring.health_score: Health score for 腾讯官网: 96.9
2026-06-06 13:17:56 [INFO] __main__: Collection cycle complete — 4 targets processed
2026-06-06 13:17:56 [INFO] __main__: Next collection scheduled in 24123 seconds (6.7 hours)
2026-06-07 13:34:32 [INFO] src.storage.db: Database initialised at C:\internet_awareness\data\awareness.db
2026-06-07 13:34:32 [INFO] __main__: Starting standalone collector
2026-06-07 13:34:48 [INFO] src.collection.threat_intel: Threat score for 湖南农业大学门户 (218.104.146.107): 0.00 (pulses=0)
2026-06-07 13:35:03 [INFO] src.collection.threat_intel: Threat score for 湖南省人民政府 (113.246.57.9): 0.00 (pulses=0)
2026-06-07 13:35:16 [INFO] src.collection.threat_intel: Threat score for 字节跳动官网 (42.48.120.66): 0.00 (pulses=0)
2026-06-07 13:35:30 [INFO] src.collection.threat_intel: Threat score for 腾讯官网 (116.162.169.116): 0.00 (pulses=0)
2026-06-07 13:35:30 [INFO] src.scoring.health_score: Health score for 字节跳动官网: 94.4
2026-06-07 13:35:30 [INFO] src.scoring.health_score: Health score for 湖南农业大学门户: 97.8
2026-06-07 13:35:30 [INFO] src.scoring.health_score: Health score for 湖南省人民政府: 94.7
2026-06-07 13:35:30 [INFO] src.scoring.health_score: Health score for 腾讯官网: 94.1
2026-06-07 13:35:30 [INFO] __main__: Collection cycle complete — 4 targets processed
2026-06-07 13:35:30 [INFO] __main__: Next collection scheduled in 23069 seconds (6.4 hours)
2026-06-14 15:31:41 [INFO] src.storage.db: Database initialised at C:\internet_awareness\data\awareness.db
2026-06-14 15:31:41 [INFO] __main__: Starting standalone collector
2026-06-14 15:32:03 [ERROR] src.collection.threat_intel: OTX query error for 218.104.146.107: HTTPSConnectionPool(host='otx.alienvault.com', port=443): Read timed out. (read timeout=15)
2026-06-14 15:32:45 [INFO] src.collection.threat_intel: Threat score for 湖南省人民政府 (113.246.57.9): 0.00 (pulses=0)
2026-06-14 15:32:58 [INFO] src.collection.threat_intel: Threat score for 字节跳动官网 (42.48.120.66): 0.00 (pulses=0)
2026-06-14 15:33:10 [INFO] src.collection.threat_intel: Threat score for 腾讯官网 (116.162.169.116): 0.00 (pulses=0)
2026-06-14 15:33:11 [INFO] src.scoring.health_score: Health score for 字节跳动官网: 93.4
2026-06-14 15:33:11 [INFO] src.scoring.health_score: Health score for 湖南农业大学门户: 95.7
2026-06-14 15:33:11 [INFO] src.scoring.health_score: Health score for 湖南省人民政府: 77.6
2026-06-14 15:33:11 [INFO] src.scoring.health_score: Health score for 腾讯官网: 94.7
2026-06-14 15:33:11 [INFO] __main__: Collection cycle complete — 4 targets processed
2026-06-14 15:33:11 [INFO] __main__: Next collection scheduled in 16008 seconds (4.4 hours)
2026-06-22 19:20:29 [INFO] src.storage.db: Database initialised at C:\internet_awareness\data\awareness.db
2026-06-22 19:20:29 [INFO] __main__: Starting standalone collector
2026-06-22 19:20:44 [INFO] src.collection.threat_intel: Threat score for 湖南农业大学门户 (218.104.146.107): 0.00 (pulses=0)
2026-06-22 19:21:08 [INFO] src.collection.threat_intel: Threat score for 湖南省人民政府 (113.246.57.9): 0.00 (pulses=0)
2026-06-22 19:21:19 [INFO] src.collection.threat_intel: Threat score for 字节跳动官网 (42.48.120.66): 0.00 (pulses=0)
2026-06-22 19:21:32 [INFO] src.collection.threat_intel: Threat score for 腾讯官网 (116.162.169.116): 0.00 (pulses=0)
2026-06-22 19:21:33 [INFO] src.scoring.health_score: Health score for 字节跳动官网: 96.6
2026-06-22 19:21:33 [INFO] src.scoring.health_score: Health score for 湖南农业大学门户: 99.1
2026-06-22 19:21:33 [INFO] src.scoring.health_score: Health score for 湖南省人民政府: 98.4
2026-06-22 19:21:33 [INFO] src.scoring.health_score: Health score for 腾讯官网: 95.4
2026-06-22 19:21:33 [INFO] __main__: Collection cycle complete — 4 targets processed
2026-06-22 19:21:33 [INFO] __main__: Next collection scheduled in 2307 seconds (0.6 hours)
2026-07-04 13:55:44 [INFO] src.storage.db: Database initialised at C:\internet_awareness\data\awareness.db
2026-07-04 13:55:44 [INFO] __main__: Starting standalone collector
2026-07-04 13:55:46 [INFO] src.collection.tls_probe: TLS probe 湖南农业大学门户: score=61.0 tls=TLSv1.3 cert_days=160 headers=0 redirect=True sct=False issues=7
2026-07-04 13:56:04 [ERROR] src.collection.threat_intel: OTX query error for 218.104.146.107: HTTPSConnectionPool(host='otx.alienvault.com', port=443): Read timed out. (read timeout=15)
2026-07-04 13:56:07 [INFO] src.collection.tls_probe: TLS probe 湖南省人民政府: score=47.0 tls=TLSv1.2 cert_days=226 headers=0 redirect=False sct=False issues=8
2026-07-04 13:56:26 [ERROR] src.collection.threat_intel: OTX query error for 113.246.57.9: HTTPSConnectionPool(host='otx.alienvault.com', port=443): Read timed out. (read timeout=15)
2026-07-04 13:56:38 [INFO] src.collection.tls_probe: TLS probe 字节跳动官网: score=82.0 tls=TLSv1.3 cert_days=198 headers=60 redirect=True sct=False issues=4
2026-07-04 13:56:54 [ERROR] src.collection.threat_intel: OTX query error for 42.48.120.66: HTTPSConnectionPool(host='otx.alienvault.com', port=443): Read timed out. (read timeout=15)
2026-07-04 13:56:59 [INFO] src.collection.tls_probe: TLS probe 腾讯官网: score=69.8 tls=TLSv1.3 cert_days=174 headers=25 redirect=True sct=False issues=6
2026-07-04 13:57:14 [ERROR] src.collection.threat_intel: OTX query error for 116.162.169.116: HTTPSConnectionPool(host='otx.alienvault.com', port=443): Read timed out. (read timeout=15)
2026-07-04 13:57:26 [INFO] src.scoring.health_score: Health score for 字节跳动官网: 95.1
2026-07-04 13:57:26 [INFO] src.scoring.health_score: Health score for 湖南农业大学门户: 95.4
2026-07-04 13:57:26 [INFO] src.scoring.health_score: Health score for 湖南省人民政府: 93.9
2026-07-04 13:57:26 [INFO] src.scoring.health_score: Health score for 腾讯官网: 94.0
2026-07-04 13:57:26 [INFO] __main__: Collection cycle complete — 4 targets processed
2026-07-04 13:57:26 [INFO] __main__: Next collection scheduled in 21753 seconds (6.0 hours)
2026-07-04 15:04:20 [INFO] src.storage.db: Database initialised at C:\internet_awareness\data\awareness.db
2026-07-04 15:04:21 [INFO] __main__: Starting standalone collector
2026-07-04 15:04:21 [INFO] src.storage.db: Database initialised at C:\internet_awareness\data\awareness.db
2026-07-04 15:04:21 [INFO] __main__: Starting standalone collector
2026-07-04 15:04:22 [INFO] src.collection.tls_probe: TLS probe 湖南农业大学门户: score=61.0 tls=TLSv1.3 cert_days=160 headers=0 redirect=True sct=False issues=7
2026-07-04 15:04:22 [INFO] src.collection.tls_probe: TLS probe 湖南农业大学门户: score=61.0 tls=TLSv1.3 cert_days=160 headers=0 redirect=True sct=False issues=7
2026-07-04 15:04:29 [ERROR] __main__: Initial collection cycle error: 'NoneType' object has no attribute 'get'
Traceback (most recent call last):
  File "C:\internet_awareness\scheduler\collector_job.py", line 169, in _loop
    run_collection_cycle()
  File "C:\internet_awareness\scheduler\collector_job.py", line 112, in run_collection_cycle
    threat_result = threat_intel.probe(target, api_key=otx_key)
                    ^^^^^^^^^^^^^^^^^^^^^^^^^^^^^^^^^^^^^^^^^^^
  File "C:\internet_awareness\src\collection\threat_intel.py", line 107, in probe
    score = _compute_threat_score(general, reputation)
            ^^^^^^^^^^^^^^^^^^^^^^^^^^^^^^^^^^^^^^^^^^
  File "C:\internet_awareness\src\collection\threat_intel.py", line 66, in _compute_threat_score
    rep_score = reputation.get("reputation", {}).get("threat_score", 0) or 0
                ^^^^^^^^^^^^^^^^^^^^^^^^^^^^^^^^^^^^
AttributeError: 'NoneType' object has no attribute 'get'
2026-07-04 15:04:30 [INFO] __main__: Next collection scheduled in 17730 seconds (4.9 hours)
2026-07-04 15:04:30 [ERROR] __main__: Initial collection cycle error: 'NoneType' object has no attribute 'get'
Traceback (most recent call last):
  File "C:\internet_awareness\scheduler\collector_job.py", line 169, in _loop
    run_collection_cycle()
  File "C:\internet_awareness\scheduler\collector_job.py", line 112, in run_collection_cycle
    threat_result = threat_intel.probe(target, api_key=otx_key)
                    ^^^^^^^^^^^^^^^^^^^^^^^^^^^^^^^^^^^^^^^^^^^
  File "C:\internet_awareness\src\collection\threat_intel.py", line 107, in probe
    score = _compute_threat_score(general, reputation)
            ^^^^^^^^^^^^^^^^^^^^^^^^^^^^^^^^^^^^^^^^^^
  File "C:\internet_awareness\src\collection\threat_intel.py", line 66, in _compute_threat_score
    rep_score = reputation.get("reputation", {}).get("threat_score", 0) or 0
                ^^^^^^^^^^^^^^^^^^^^^^^^^^^^^^^^^^^^
AttributeError: 'NoneType' object has no attribute 'get'
2026-07-04 15:04:30 [INFO] __main__: Next collection scheduled in 17730 seconds (4.9 hours)
2026-07-14 11:29:35 [INFO] src.storage.db: Database initialised at C:\internet_awareness\data\awareness.db
2026-07-14 11:29:35 [INFO] __main__: Starting standalone collector
2026-07-14 11:29:45 [INFO] src.collection.tls_probe: TLS probe 湖南农业大学门户: score=61.0 tls=TLSv1.3 cert_days=150 headers=0 redirect=True sct=False issues=7
2026-07-14 11:29:52 [ERROR] __main__: Initial collection cycle error: 'NoneType' object has no attribute 'get'
Traceback (most recent call last):
  File "C:\internet_awareness\scheduler\collector_job.py", line 206, in _loop
    run_collection_cycle()
  File "C:\internet_awareness\scheduler\collector_job.py", line 143, in run_collection_cycle
    threat_result = threat_intel.probe(target, api_key=otx_key)
                    ^^^^^^^^^^^^^^^^^^^^^^^^^^^^^^^^^^^^^^^^^^^
  File "C:\internet_awareness\src\collection\threat_intel.py", line 107, in probe
    score = _compute_threat_score(general, reputation)
            ^^^^^^^^^^^^^^^^^^^^^^^^^^^^^^^^^^^^^^^^^^
  File "C:\internet_awareness\src\collection\threat_intel.py", line 66, in _compute_threat_score
    rep_score = reputation.get("reputation", {}).get("threat_score", 0) or 0
                ^^^^^^^^^^^^^^^^^^^^^^^^^^^^^^^^^^^^
AttributeError: 'NoneType' object has no attribute 'get'
2026-07-14 11:29:52 [INFO] __main__: Next collection in 60 minutes (interval=60 min)
2026-07-14 11:32:00 [INFO] src.storage.db: Database initialised at C:\internet_awareness\data\awareness.db
2026-07-14 11:32:00 [INFO] __main__: Starting standalone collector
2026-07-14 11:32:01 [INFO] src.collection.tls_probe: TLS probe 湖南农业大学门户: score=61.0 tls=TLSv1.3 cert_days=150 headers=0 redirect=True sct=False issues=7
2026-07-14 11:32:06 [INFO] src.collection.threat_intel: Threat score for 湖南农业大学门户 (218.104.146.107): 0.00 (pulses=0)
2026-07-14 11:32:07 [INFO] src.collection.tls_probe: TLS probe 湖南省人民政府: score=47.0 tls=TLSv1.2 cert_days=216 headers=0 redirect=False sct=False issues=8
2026-07-14 11:32:14 [INFO] src.collection.threat_intel: Threat score for 湖南省人民政府 (113.246.57.9): 0.00 (pulses=0)
2026-07-14 11:32:16 [INFO] src.collection.tls_probe: TLS probe 字节跳动官网: score=82.0 tls=TLSv1.3 cert_days=188 headers=60 redirect=True sct=False issues=4
2026-07-14 11:32:20 [INFO] src.collection.threat_intel: Threat score for 字节跳动官网 (42.48.120.66): 0.00 (pulses=0)
2026-07-14 11:32:21 [INFO] src.collection.tls_probe: TLS probe 腾讯官网: score=69.8 tls=TLSv1.3 cert_days=164 headers=25 redirect=True sct=False issues=6
2026-07-14 11:32:24 [INFO] src.collection.threat_intel: Threat score for 腾讯官网 (116.162.169.116): 0.00 (pulses=0)
2026-07-14 11:32:27 [INFO] src.scoring.health_score: Health score for 字节跳动官网: 95.6
2026-07-14 11:32:27 [INFO] src.scoring.health_score: Health score for 湖南农业大学门户: 94.2
2026-07-14 11:32:27 [INFO] src.scoring.health_score: Health score for 湖南省人民政府: 92.8
2026-07-14 11:32:27 [INFO] src.scoring.health_score: Health score for 腾讯官网: 95.1
2026-07-14 11:32:28 [WARNING] src.rules.alert_manager: ALERT [warning] 湖南农业大学门户: TLS/HTTPS 安全评分偏低至 61.0 分（警告阈值 70）
2026-07-14 11:32:28 [WARNING] src.rules.alert_manager: ALERT [critical] 湖南省人民政府: TLS/HTTPS 安全评分严重劣化至 47.0 分（危险阈值 50）
2026-07-14 11:32:28 [WARNING] src.rules.alert_manager: ALERT [warning] 腾讯官网: TLS/HTTPS 安全评分偏低至 69.8 分（警告阈值 70）
2026-07-14 11:32:28 [INFO] src.collection.content_monitor: Content baseline established for 湖南农业大学门户 (hash=387d4ab6505a)
2026-07-14 11:32:28 [INFO] src.collection.content_monitor: Content baseline established for 湖南省人民政府 (hash=9dab42c6b64e)
2026-07-14 11:32:29 [INFO] src.collection.content_monitor: Content baseline established for 字节跳动官网 (hash=65a92bfe3697)
2026-07-14 11:32:29 [INFO] src.collection.content_monitor: Content baseline established for 腾讯官网 (hash=2fa784f61588)
2026-07-14 11:32:29 [INFO] __main__: Collection cycle complete — 4 targets processed
2026-07-14 11:32:29 [INFO] __main__: Next collection in 60 minutes (interval=60 min)
2026-07-14 14:36:59 [INFO] src.storage.db: Database initialised at C:\internet_awareness\data\awareness.db
2026-07-14 14:36:59 [INFO] __main__: Starting standalone collector
2026-07-14 14:36:59 [INFO] src.storage.db: Database initialised at C:\internet_awareness\data\awareness.db
2026-07-14 14:36:59 [INFO] __main__: Starting standalone collector
2026-07-14 14:37:00 [INFO] src.collection.tls_probe: TLS probe 湖南农业大学门户: score=61.0 tls=TLSv1.3 cert_days=150 headers=0 redirect=True sct=False issues=7
2026-07-14 14:37:00 [INFO] src.collection.tls_probe: TLS probe 湖南农业大学门户: score=61.0 tls=TLSv1.3 cert_days=150 headers=0 redirect=True sct=False issues=7
2026-07-14 14:37:07 [INFO] src.collection.threat_intel: Threat score for 湖南农业大学门户 (218.104.146.107): 0.00 (pulses=0)
2026-07-14 14:37:07 [INFO] src.collection.tls_probe: TLS probe 湖南省人民政府: score=47.0 tls=TLSv1.2 cert_days=216 headers=0 redirect=False sct=False issues=8
2026-07-14 14:37:07 [INFO] src.collection.tls_probe: TLS probe 湖南省人民政府: score=47.0 tls=TLSv1.2 cert_days=216 headers=0 redirect=False sct=False issues=8
2026-07-14 14:37:15 [INFO] src.collection.threat_intel: Threat score for 湖南省人民政府 (113.246.57.9): 0.00 (pulses=0)
2026-07-14 14:37:15 [INFO] src.collection.threat_intel: Threat score for 湖南省人民政府 (113.246.57.9): 0.00 (pulses=0)
2026-07-14 14:37:16 [INFO] src.collection.tls_probe: TLS probe 字节跳动官网: score=82.0 tls=TLSv1.3 cert_days=188 headers=60 redirect=True sct=False issues=4
2026-07-14 14:37:17 [INFO] src.collection.tls_probe: TLS probe 字节跳动官网: score=82.0 tls=TLSv1.3 cert_days=188 headers=60 redirect=True sct=False issues=4
2026-07-14 14:37:20 [INFO] src.collection.threat_intel: Threat score for 字节跳动官网 (42.48.120.66): 0.00 (pulses=0)
2026-07-14 14:37:22 [INFO] src.collection.tls_probe: TLS probe 腾讯官网: score=69.8 tls=TLSv1.3 cert_days=163 headers=25 redirect=True sct=False issues=6
2026-07-14 14:37:26 [INFO] src.collection.threat_intel: Threat score for 腾讯官网 (116.162.169.116): 0.00 (pulses=0)
2026-07-14 14:37:27 [INFO] src.collection.threat_intel: Threat score for 字节跳动官网 (42.48.120.66): 0.00 (pulses=0)
2026-07-14 14:37:30 [INFO] src.collection.tls_probe: TLS probe 腾讯官网: score=69.8 tls=TLSv1.3 cert_days=163 headers=25 redirect=True sct=False issues=6
2026-07-14 14:37:30 [INFO] src.scoring.health_score: Health score for 字节跳动官网: 95.8
2026-07-14 14:37:30 [INFO] src.scoring.health_score: Health score for 湖南农业大学门户: 94.7
2026-07-14 14:37:30 [INFO] src.scoring.health_score: Health score for 湖南省人民政府: 92.7
2026-07-14 14:37:30 [INFO] src.scoring.health_score: Health score for 腾讯官网: 93.3
2026-07-14 14:37:30 [WARNING] src.rules.alert_manager: ALERT [warning] 湖南农业大学门户: TLS/HTTPS 安全评分偏低至 61.0 分（警告阈值 70）
2026-07-14 14:37:30 [WARNING] src.rules.alert_manager: ALERT [critical] 湖南省人民政府: TLS/HTTPS 安全评分严重劣化至 47.0 分（危险阈值 50）
2026-07-14 14:37:30 [WARNING] src.rules.alert_manager: ALERT [warning] 腾讯官网: TLS/HTTPS 安全评分偏低至 69.8 分（警告阈值 70）
2026-07-14 14:37:31 [INFO] src.collection.threat_intel: Threat score for 腾讯官网 (116.162.169.116): 0.00 (pulses=0)
2026-07-14 14:37:34 [INFO] src.collection.content_monitor: Content unchanged for 湖南农业大学门户
2026-07-14 14:37:34 [INFO] src.collection.content_monitor: Content unchanged for 湖南省人民政府
2026-07-14 14:37:34 [INFO] src.collection.content_monitor: Content unchanged for 字节跳动官网
2026-07-14 14:37:35 [INFO] src.collection.content_monitor: Content unchanged for 腾讯官网
2026-07-14 14:37:35 [INFO] __main__: Collection cycle complete — 4 targets processed
2026-07-14 14:37:35 [INFO] __main__: Next collection in 60 minutes (interval=60 min)
2026-07-14 14:37:35 [INFO] src.scoring.health_score: Health score for 字节跳动官网: 95.8
2026-07-14 14:37:35 [INFO] src.scoring.health_score: Health score for 湖南农业大学门户: 94.3
2026-07-14 14:37:35 [INFO] src.scoring.health_score: Health score for 湖南省人民政府: 92.5
2026-07-14 14:37:35 [INFO] src.scoring.health_score: Health score for 腾讯官网: 94.0
2026-07-14 14:37:35 [INFO] src.collection.content_monitor: Content unchanged for 湖南农业大学门户
2026-07-14 14:37:35 [INFO] src.collection.content_monitor: Content unchanged for 湖南省人民政府
2026-07-14 14:37:36 [INFO] src.collection.content_monitor: Content unchanged for 字节跳动官网
2026-07-14 14:37:36 [INFO] src.collection.content_monitor: Content unchanged for 腾讯官网
2026-07-14 14:37:36 [INFO] __main__: Collection cycle complete — 4 targets processed
2026-07-14 14:37:36 [INFO] __main__: Next collection in 60 minutes (interval=60 min)
2026-07-14 15:37:39 [INFO] src.collection.tls_probe: TLS probe 湖南农业大学门户: score=61.0 tls=TLSv1.3 cert_days=150 headers=0 redirect=True sct=False issues=7
2026-07-14 15:37:44 [INFO] src.collection.tls_probe: TLS probe 湖南农业大学门户: score=61.0 tls=TLSv1.3 cert_days=150 headers=0 redirect=True sct=False issues=7
2026-07-14 15:37:52 [INFO] src.collection.threat_intel: Threat score for 湖南农业大学门户 (218.104.146.107): 0.00 (pulses=0)
2026-07-14 15:37:52 [INFO] src.collection.tls_probe: TLS probe 湖南省人民政府: score=47.0 tls=TLSv1.2 cert_days=216 headers=0 redirect=False sct=False issues=8
2026-07-14 15:37:57 [ERROR] src.collection.threat_intel: OTX query error for 218.104.146.107: HTTPSConnectionPool(host='otx.alienvault.com', port=443): Read timed out. (read timeout=15)
2026-07-14 15:37:59 [INFO] src.collection.tls_probe: TLS probe 湖南省人民政府: score=47.0 tls=TLSv1.2 cert_days=216 headers=0 redirect=False sct=False issues=8
2026-07-14 15:37:59 [INFO] src.collection.threat_intel: Threat score for 湖南省人民政府 (113.246.57.9): 0.00 (pulses=0)
2026-07-14 15:38:00 [INFO] src.collection.tls_probe: TLS probe 字节跳动官网: score=82.0 tls=TLSv1.3 cert_days=188 headers=60 redirect=True sct=False issues=4
2026-07-14 15:38:04 [INFO] src.collection.threat_intel: Threat score for 字节跳动官网 (42.48.120.66): 0.00 (pulses=0)
2026-07-14 15:38:05 [INFO] src.collection.tls_probe: TLS probe 腾讯官网: score=69.8 tls=TLSv1.3 cert_days=163 headers=25 redirect=True sct=False issues=6
2026-07-14 15:38:13 [INFO] src.collection.threat_intel: Threat score for 湖南省人民政府 (113.246.57.9): 0.00 (pulses=0)
2026-07-14 15:38:14 [INFO] src.collection.tls_probe: TLS probe 字节跳动官网: score=82.0 tls=TLSv1.3 cert_days=188 headers=60 redirect=True sct=False issues=4
2026-07-14 15:38:16 [INFO] src.collection.threat_intel: Threat score for 字节跳动官网 (42.48.120.66): 0.00 (pulses=0)
2026-07-14 15:38:16 [INFO] src.collection.threat_intel: Threat score for 腾讯官网 (116.162.169.116): 0.00 (pulses=0)
2026-07-14 15:38:17 [INFO] src.collection.tls_probe: TLS probe 腾讯官网: score=69.8 tls=TLSv1.3 cert_days=163 headers=25 redirect=True sct=False issues=6
2026-07-14 15:38:21 [INFO] src.scoring.health_score: Health score for 字节跳动官网: 96.0
2026-07-14 15:38:21 [INFO] src.scoring.health_score: Health score for 湖南农业大学门户: 91.9
2026-07-14 15:38:21 [INFO] src.scoring.health_score: Health score for 湖南省人民政府: 92.4
2026-07-14 15:38:21 [INFO] src.scoring.health_score: Health score for 腾讯官网: 95.1
2026-07-14 15:38:21 [WARNING] src.rules.alert_manager: ALERT [warning] 湖南农业大学门户: TLS/HTTPS 安全评分偏低至 61.0 分（警告阈值 70）
2026-07-14 15:38:22 [WARNING] src.rules.alert_manager: ALERT [critical] 湖南省人民政府: TLS/HTTPS 安全评分严重劣化至 47.0 分（危险阈值 50）
2026-07-14 15:38:22 [WARNING] src.rules.alert_manager: ALERT [warning] 腾讯官网: TLS/HTTPS 安全评分偏低至 69.8 分（警告阈值 70）
2026-07-14 15:38:22 [INFO] src.collection.threat_intel: Threat score for 腾讯官网 (116.162.169.116): 0.00 (pulses=0)
2026-07-14 15:38:22 [INFO] src.collection.content_monitor: Content unchanged for 湖南农业大学门户
2026-07-14 15:38:22 [INFO] src.collection.content_monitor: Content unchanged for 湖南省人民政府
2026-07-14 15:38:23 [INFO] src.collection.content_monitor: Content unchanged for 字节跳动官网
2026-07-14 15:38:23 [INFO] src.collection.content_monitor: Content unchanged for 腾讯官网
2026-07-14 15:38:24 [INFO] __main__: Collection cycle complete — 4 targets processed
2026-07-14 15:38:24 [INFO] __main__: Next collection in 60 minutes (interval=60 min)
2026-07-14 15:38:29 [INFO] src.scoring.health_score: Health score for 字节跳动官网: 95.9
2026-07-14 15:38:29 [INFO] src.scoring.health_score: Health score for 湖南农业大学门户: 89.6
2026-07-14 15:38:29 [INFO] src.scoring.health_score: Health score for 湖南省人民政府: 92.8
2026-07-14 15:38:29 [INFO] src.scoring.health_score: Health score for 腾讯官网: 94.8
2026-07-14 15:38:30 [INFO] src.collection.content_monitor: Content unchanged for 湖南农业大学门户
2026-07-14 15:38:30 [INFO] src.collection.content_monitor: Content unchanged for 湖南省人民政府
2026-07-14 15:38:30 [INFO] src.collection.content_monitor: Content unchanged for 字节跳动官网
2026-07-14 15:38:31 [INFO] src.collection.content_monitor: Content unchanged for 腾讯官网
2026-07-14 15:38:31 [INFO] __main__: Collection cycle complete — 4 targets processed
2026-07-14 15:38:31 [INFO] __main__: Next collection in 60 minutes (interval=60 min)
2026-07-14 16:38:25 [INFO] src.collection.tls_probe: TLS probe 湖南农业大学门户: score=61.0 tls=TLSv1.3 cert_days=150 headers=0 redirect=True sct=False issues=7
2026-07-14 16:38:36 [INFO] src.collection.tls_probe: TLS probe 湖南农业大学门户: score=61.0 tls=TLSv1.3 cert_days=150 headers=0 redirect=True sct=False issues=7
2026-07-14 16:38:43 [INFO] src.collection.threat_intel: Threat score for 湖南农业大学门户 (218.104.146.107): 0.00 (pulses=0)
2026-07-14 16:38:43 [INFO] src.collection.threat_intel: Threat score for 湖南农业大学门户 (218.104.146.107): 0.00 (pulses=0)
2026-07-14 16:38:44 [INFO] src.collection.tls_probe: TLS probe 湖南省人民政府: score=47.0 tls=TLSv1.2 cert_days=216 headers=0 redirect=False sct=False issues=8
2026-07-14 16:38:44 [INFO] src.collection.tls_probe: TLS probe 湖南省人民政府: score=47.0 tls=TLSv1.2 cert_days=216 headers=0 redirect=False sct=False issues=8
2026-07-14 16:38:50 [INFO] src.collection.threat_intel: Threat score for 湖南省人民政府 (113.246.57.9): 0.00 (pulses=0)
2026-07-14 16:38:50 [INFO] src.collection.threat_intel: Threat score for 湖南省人民政府 (113.246.57.9): 0.00 (pulses=0)
2026-07-14 16:38:51 [INFO] src.collection.tls_probe: TLS probe 字节跳动官网: score=82.0 tls=TLSv1.3 cert_days=188 headers=60 redirect=True sct=False issues=4
2026-07-14 16:38:51 [INFO] src.collection.tls_probe: TLS probe 字节跳动官网: score=82.0 tls=TLSv1.3 cert_days=188 headers=60 redirect=True sct=False issues=4
2026-07-14 16:38:55 [INFO] src.collection.threat_intel: Threat score for 字节跳动官网 (42.48.120.66): 0.00 (pulses=0)
2026-07-14 16:38:55 [INFO] src.collection.tls_probe: TLS probe 腾讯官网: score=69.8 tls=TLSv1.3 cert_days=163 headers=25 redirect=True sct=False issues=6
2026-07-14 16:38:56 [INFO] src.collection.threat_intel: Threat score for 字节跳动官网 (42.48.120.66): 0.00 (pulses=0)
2026-07-14 16:38:57 [INFO] src.collection.tls_probe: TLS probe 腾讯官网: score=69.8 tls=TLSv1.3 cert_days=163 headers=25 redirect=True sct=False issues=6
2026-07-14 16:38:58 [INFO] src.collection.threat_intel: Threat score for 腾讯官网 (116.162.169.116): 0.00 (pulses=0)
2026-07-14 16:39:04 [INFO] src.collection.threat_intel: Threat score for 腾讯官网 (116.162.169.116): 0.00 (pulses=0)
2026-07-14 16:39:05 [INFO] src.scoring.health_score: Health score for 字节跳动官网: 96.2
2026-07-14 16:39:05 [INFO] src.scoring.health_score: Health score for 湖南农业大学门户: 94.2
2026-07-14 16:39:05 [INFO] src.scoring.health_score: Health score for 湖南省人民政府: 92.6
2026-07-14 16:39:05 [INFO] src.scoring.health_score: Health score for 腾讯官网: 95.4
2026-07-14 16:39:06 [WARNING] src.rules.alert_manager: ALERT [warning] 湖南农业大学门户: TLS/HTTPS 安全评分偏低至 61.0 分（警告阈值 70）
2026-07-14 16:39:06 [WARNING] src.rules.alert_manager: ALERT [critical] 湖南省人民政府: TLS/HTTPS 安全评分严重劣化至 47.0 分（危险阈值 50）
2026-07-14 16:39:06 [WARNING] src.rules.alert_manager: ALERT [warning] 腾讯官网: TLS/HTTPS 安全评分偏低至 69.8 分（警告阈值 70）
2026-07-14 16:39:09 [WARNING] src.collection.content_monitor: Content CHANGED for 湖南农业大学门户: 页面文本增加约 7909 字符；当前页面标题：「æ¹ååä¸å¤§å­¦æ¬¢è¿æ¨! Hunan Agricultural University (」
2026-07-14 16:39:09 [WARNING] src.rules.alert_manager: ALERT [critical] 湖南农业大学门户: 网页内容发生变化：https://www.hunau.edu.cn
2026-07-14 16:39:10 [INFO] src.collection.content_monitor: Content unchanged for 湖南省人民政府
2026-07-14 16:39:10 [INFO] src.scoring.health_score: Health score for 字节跳动官网: 96.2
2026-07-14 16:39:10 [INFO] src.scoring.health_score: Health score for 湖南农业大学门户: 93.9
2026-07-14 16:39:10 [INFO] src.scoring.health_score: Health score for 湖南省人民政府: 92.9
2026-07-14 16:39:10 [INFO] src.scoring.health_score: Health score for 腾讯官网: 95.4
2026-07-14 16:39:10 [INFO] src.collection.content_monitor: Content unchanged for 字节跳动官网
2026-07-14 16:39:10 [INFO] src.collection.content_monitor: Content unchanged for 腾讯官网
2026-07-14 16:39:10 [INFO] __main__: Collection cycle complete — 4 targets processed
2026-07-14 16:39:10 [INFO] __main__: Next collection in 60 minutes (interval=60 min)
2026-07-14 16:39:14 [INFO] src.collection.content_monitor: Content unchanged for 湖南农业大学门户
2026-07-14 16:39:14 [INFO] src.collection.content_monitor: Content unchanged for 湖南省人民政府
2026-07-14 16:39:14 [INFO] src.collection.content_monitor: Content unchanged for 字节跳动官网
2026-07-14 16:39:14 [INFO] src.collection.content_monitor: Content unchanged for 腾讯官网
2026-07-14 16:39:14 [INFO] __main__: Collection cycle complete — 4 targets processed
2026-07-14 16:39:14 [INFO] __main__: Next collection in 60 minutes (interval=60 min)
2026-07-14 17:40:28 [INFO] src.collection.tls_probe: TLS probe 湖南农业大学门户: score=61.0 tls=TLSv1.3 cert_days=150 headers=0 redirect=True sct=False issues=7
2026-07-14 17:40:33 [INFO] src.collection.tls_probe: TLS probe 湖南农业大学门户: score=61.0 tls=TLSv1.3 cert_days=150 headers=0 redirect=True sct=False issues=7
2026-07-14 17:40:35 [INFO] src.collection.threat_intel: Threat score for 湖南农业大学门户 (218.104.146.107): 0.00 (pulses=0)
2026-07-14 17:40:36 [INFO] src.collection.tls_probe: TLS probe 湖南省人民政府: score=47.0 tls=TLSv1.2 cert_days=216 headers=0 redirect=False sct=False issues=8
2026-07-14 17:40:37 [INFO] src.collection.threat_intel: Threat score for 湖南农业大学门户 (218.104.146.107): 0.00 (pulses=0)
2026-07-14 17:40:38 [INFO] src.collection.tls_probe: TLS probe 湖南省人民政府: score=47.0 tls=TLSv1.2 cert_days=216 headers=0 redirect=False sct=False issues=8
2026-07-14 17:40:43 [INFO] src.collection.threat_intel: Threat score for 湖南省人民政府 (113.246.57.9): 0.00 (pulses=0)
2026-07-14 17:40:44 [INFO] src.collection.tls_probe: TLS probe 字节跳动官网: score=82.0 tls=TLSv1.3 cert_days=188 headers=60 redirect=True sct=False issues=4
2026-07-14 17:40:48 [INFO] src.collection.threat_intel: Threat score for 字节跳动官网 (42.48.120.66): 0.00 (pulses=0)
2026-07-14 17:40:49 [INFO] src.collection.tls_probe: TLS probe 腾讯官网: score=69.8 tls=TLSv1.3 cert_days=163 headers=25 redirect=True sct=False issues=6
2026-07-14 17:40:49 [INFO] src.collection.threat_intel: Threat score for 湖南省人民政府 (113.246.57.9): 0.00 (pulses=0)
2026-07-14 17:40:50 [INFO] src.collection.tls_probe: TLS probe 字节跳动官网: score=82.0 tls=TLSv1.3 cert_days=188 headers=60 redirect=True sct=False issues=4
2026-07-14 17:40:51 [INFO] src.collection.threat_intel: Threat score for 字节跳动官网 (42.48.120.66): 0.00 (pulses=0)
2026-07-14 17:40:52 [INFO] src.collection.threat_intel: Threat score for 腾讯官网 (116.162.169.116): 0.00 (pulses=0)
2026-07-14 17:40:53 [INFO] src.collection.tls_probe: TLS probe 腾讯官网: score=69.8 tls=TLSv1.3 cert_days=163 headers=25 redirect=True sct=False issues=6
2026-07-14 17:40:54 [INFO] src.collection.threat_intel: Threat score for 腾讯官网 (116.162.169.116): 0.00 (pulses=0)
2026-07-14 17:40:59 [INFO] src.scoring.health_score: Health score for 字节跳动官网: 96.0
2026-07-14 17:40:59 [INFO] src.scoring.health_score: Health score for 湖南农业大学门户: 93.5
2026-07-14 17:40:59 [INFO] src.scoring.health_score: Health score for 湖南省人民政府: 92.3
2026-07-14 17:40:59 [INFO] src.scoring.health_score: Health score for 腾讯官网: 94.9
2026-07-14 17:41:00 [WARNING] src.rules.alert_manager: ALERT [warning] 湖南农业大学门户: TLS/HTTPS 安全评分偏低至 61.0 分（警告阈值 70）
2026-07-14 17:41:00 [WARNING] src.rules.alert_manager: ALERT [critical] 湖南省人民政府: TLS/HTTPS 安全评分严重劣化至 47.0 分（危险阈值 50）
2026-07-14 17:41:00 [WARNING] src.rules.alert_manager: ALERT [warning] 腾讯官网: TLS/HTTPS 安全评分偏低至 69.8 分（警告阈值 70）
2026-07-14 17:41:01 [INFO] src.scoring.health_score: Health score for 字节跳动官网: 96.1
2026-07-14 17:41:01 [INFO] src.scoring.health_score: Health score for 湖南农业大学门户: 94.3
2026-07-14 17:41:01 [INFO] src.scoring.health_score: Health score for 湖南省人民政府: 92.8
2026-07-14 17:41:01 [INFO] src.scoring.health_score: Health score for 腾讯官网: 94.2
2026-07-14 17:41:02 [INFO] src.collection.content_monitor: Content unchanged for 湖南农业大学门户
2026-07-14 17:41:02 [INFO] src.collection.content_monitor: Content unchanged for 湖南省人民政府
2026-07-14 17:41:03 [INFO] src.collection.content_monitor: Content unchanged for 字节跳动官网
2026-07-14 17:41:03 [INFO] src.collection.content_monitor: Content unchanged for 腾讯官网
2026-07-14 17:41:03 [INFO] __main__: Collection cycle complete — 4 targets processed
2026-07-14 17:41:03 [INFO] __main__: Next collection in 60 minutes (interval=60 min)
2026-07-14 17:41:04 [INFO] src.collection.content_monitor: Content unchanged for 湖南农业大学门户
2026-07-14 17:41:04 [INFO] src.collection.content_monitor: Content unchanged for 湖南省人民政府
2026-07-14 17:41:05 [INFO] src.collection.content_monitor: Content unchanged for 字节跳动官网
2026-07-14 17:41:05 [INFO] src.collection.content_monitor: Content unchanged for 腾讯官网
2026-07-14 17:41:05 [INFO] __main__: Collection cycle complete — 4 targets processed
2026-07-14 17:41:05 [INFO] __main__: Next collection in 60 minutes (interval=60 min)
2026-07-15 12:29:12 [INFO] src.storage.db: Database initialised at C:\internet_awareness\data\awareness.db
2026-07-15 12:29:12 [INFO] __main__: Starting standalone collector
2026-07-15 12:29:12 [INFO] src.collection.tls_probe: TLS probe 湖南农业大学门户: score=61.0 tls=TLSv1.3 cert_days=149 headers=0 redirect=True sct=False issues=7
2026-07-15 12:29:21 [INFO] src.collection.threat_intel: Threat score for 湖南农业大学门户 (218.104.146.107): 0.00 (pulses=0)
2026-07-15 12:29:21 [INFO] src.collection.tls_probe: TLS probe 湖南省人民政府: score=47.0 tls=TLSv1.2 cert_days=215 headers=0 redirect=False sct=False issues=8
2026-07-15 12:29:28 [INFO] src.collection.threat_intel: Threat score for 湖南省人民政府 (113.246.57.9): 0.00 (pulses=0)
2026-07-15 12:29:30 [INFO] src.collection.tls_probe: TLS probe 字节跳动官网: score=82.0 tls=TLSv1.3 cert_days=187 headers=60 redirect=True sct=False issues=4
2026-07-15 12:29:33 [INFO] src.collection.threat_intel: Threat score for 字节跳动官网 (42.48.120.66): 0.00 (pulses=0)
2026-07-15 12:29:34 [INFO] src.collection.tls_probe: TLS probe 腾讯官网: score=69.8 tls=TLSv1.3 cert_days=163 headers=25 redirect=True sct=False issues=6
2026-07-15 12:29:37 [INFO] src.collection.threat_intel: Threat score for 腾讯官网 (116.162.169.116): 0.00 (pulses=0)
2026-07-15 12:29:40 [INFO] src.scoring.health_score: Health score for 字节跳动官网: 95.5
2026-07-15 12:29:40 [INFO] src.scoring.health_score: Health score for 湖南农业大学门户: 94.7
2026-07-15 12:29:40 [INFO] src.scoring.health_score: Health score for 湖南省人民政府: 92.7
2026-07-15 12:29:40 [INFO] src.scoring.health_score: Health score for 腾讯官网: 95.3
2026-07-15 12:29:40 [WARNING] src.rules.alert_manager: ALERT [warning] 湖南农业大学门户: TLS/HTTPS 安全评分偏低至 61.0 分（警告阈值 70）
2026-07-15 12:29:40 [WARNING] src.rules.alert_manager: ALERT [critical] 湖南省人民政府: TLS/HTTPS 安全评分严重劣化至 47.0 分（危险阈值 50）
2026-07-15 12:29:40 [WARNING] src.rules.alert_manager: ALERT [warning] 腾讯官网: TLS/HTTPS 安全评分偏低至 69.8 分（警告阈值 70）
2026-07-15 12:29:42 [WARNING] src.collection.content_monitor: Content CHANGED for 湖南农业大学门户: 页面文本增加约 7990 字符；当前页面标题：「æ¹ååä¸å¤§å­¦æ¬¢è¿æ¨! Hunan Agricultural University (」
2026-07-15 12:29:42 [WARNING] src.rules.alert_manager: ALERT [critical] 湖南农业大学门户: 网页内容发生变化：https://www.hunau.edu.cn
2026-07-15 12:29:42 [WARNING] src.collection.content_monitor: Content CHANGED for 湖南省人民政府: 页面文本增加约 9147 字符；当前页面标题：「æ¬¢è¿åä¸´æ¹åçäººæ°æ¿åºé¨æ·ç½ç«」
2026-07-15 12:29:42 [WARNING] src.rules.alert_manager: ALERT [critical] 湖南省人民政府: 网页内容发生变化：https://www.hunan.gov.cn
2026-07-15 12:29:42 [INFO] src.collection.content_monitor: Content unchanged for 字节跳动官网
2026-07-15 12:29:43 [INFO] src.collection.content_monitor: Content unchanged for 腾讯官网
2026-07-15 12:29:43 [INFO] __main__: Collection cycle complete — 4 targets processed
2026-07-15 12:29:43 [INFO] __main__: Next collection in 60 minutes (interval=60 min)
2026-07-15 13:51:03 [INFO] src.collection.tls_probe: TLS probe 湖南农业大学门户: score=61.0 tls=TLSv1.3 cert_days=149 headers=0 redirect=True sct=False issues=7
2026-07-15 13:51:21 [ERROR] src.collection.threat_intel: OTX query error for 218.104.146.107: HTTPSConnectionPool(host='otx.alienvault.com', port=443): Read timed out. (read timeout=15)
2026-07-15 13:51:32 [INFO] src.collection.tls_probe: TLS probe 湖南省人民政府: score=47.0 tls=TLSv1.2 cert_days=215 headers=0 redirect=False sct=False issues=8
2026-07-15 13:51:39 [INFO] src.collection.threat_intel: Threat score for 湖南省人民政府 (113.246.57.9): 0.00 (pulses=0)
2026-07-15 13:51:41 [INFO] src.collection.tls_probe: TLS probe 字节跳动官网: score=82.0 tls=TLSv1.3 cert_days=187 headers=60 redirect=True sct=False issues=4
2026-07-15 13:51:56 [ERROR] src.collection.threat_intel: OTX query error for 42.48.120.66: HTTPSConnectionPool(host='otx.alienvault.com', port=443): Read timed out. (read timeout=15)
2026-07-15 13:54:55 [WARNING] src.collection.http_probe: HTTP probe connection error: https://www.tencent.com/zh-cn/index.html
2026-07-15 13:54:55 [INFO] src.collection.tls_probe: TLS probe 腾讯官网: score=6.0 tls=None cert_days=None headers=0 redirect=False sct=False issues=6
2026-07-15 13:54:55 [ERROR] src.collection.threat_intel: OTX query error for 116.162.169.116: HTTPSConnectionPool(host='otx.alienvault.com', port=443): Max retries exceeded with url: /api/v1/indicators/IPv4/116.162.169.116/general (Caused by NameResolutionError("HTTPSConnection(host='otx.alienvault.com', port=443): Failed to resolve 'otx.alienvault.com' ([Errno 11001] getaddrinfo failed)"))
2026-07-15 13:54:58 [INFO] src.scoring.health_score: Health score for 字节跳动官网: 93.2
2026-07-15 13:54:58 [INFO] src.scoring.health_score: Health score for 湖南农业大学门户: 90.2
2026-07-15 13:54:58 [INFO] src.scoring.health_score: Health score for 湖南省人民政府: 92.7
2026-07-15 13:54:58 [INFO] src.scoring.health_score: Health score for 腾讯官网: 2.3
2026-07-15 13:54:58 [WARNING] src.rules.alert_manager: ALERT [critical] 腾讯官网: 服务健康度评分下降至 2.3 分（阈值 60 分）
2026-07-15 13:54:58 [WARNING] src.rules.alert_manager: ALERT [warning] 湖南农业大学门户: TLS/HTTPS 安全评分偏低至 61.0 分（警告阈值 70）
2026-07-15 13:54:58 [WARNING] src.rules.alert_manager: ALERT [critical] 湖南省人民政府: TLS/HTTPS 安全评分严重劣化至 47.0 分（危险阈值 50）
2026-07-15 13:54:58 [WARNING] src.rules.alert_manager: ALERT [critical] 腾讯官网: TLS/HTTPS 安全评分严重劣化至 6.0 分（危险阈值 50）
2026-07-15 13:54:58 [WARNING] src.collection.content_monitor: Content monitor fetch error for 湖南农业大学门户: HTTPSConnectionPool(host='www.hunau.edu.cn', port=443): Max retries exceeded with url: / (Caused by NameResolutionError("HTTPSConnection(host='www.hunau.edu.cn', port=443): Failed to resolve 'www.hunau.edu.cn' ([Errno 11001] getaddrinfo failed)"))
2026-07-15 13:54:58 [WARNING] src.collection.content_monitor: Content monitor fetch error for 湖南省人民政府: HTTPSConnectionPool(host='www.hunan.gov.cn', port=443): Max retries exceeded with url: / (Caused by NameResolutionError("HTTPSConnection(host='www.hunan.gov.cn', port=443): Failed to resolve 'www.hunan.gov.cn' ([Errno 11001] getaddrinfo failed)"))
2026-07-15 13:54:58 [WARNING] src.collection.content_monitor: Content monitor fetch error for 字节跳动官网: HTTPSConnectionPool(host='www.bytedance.com', port=443): Max retries exceeded with url: /zh/ (Caused by NameResolutionError("HTTPSConnection(host='www.bytedance.com', port=443): Failed to resolve 'www.bytedance.com' ([Errno 11001] getaddrinfo failed)"))
2026-07-15 13:54:58 [WARNING] src.collection.content_monitor: Content monitor fetch error for 腾讯官网: HTTPSConnectionPool(host='www.tencent.com', port=443): Max retries exceeded with url: /zh-cn/index.html (Caused by NameResolutionError("HTTPSConnection(host='www.tencent.com', port=443): Failed to resolve 'www.tencent.com' ([Errno 11001] getaddrinfo failed)"))
2026-07-15 13:54:58 [INFO] __main__: Collection cycle complete — 4 targets processed
2026-07-15 13:54:58 [INFO] __main__: Next collection in 60 minutes (interval=60 min)
2026-07-15 14:54:59 [INFO] src.collection.tls_probe: TLS probe 湖南农业大学门户: score=61.0 tls=TLSv1.3 cert_days=149 headers=0 redirect=True sct=False issues=7
2026-07-15 14:55:06 [INFO] src.collection.threat_intel: Threat score for 湖南农业大学门户 (218.104.146.107): 0.00 (pulses=0)
2026-07-15 14:55:09 [INFO] src.collection.tls_probe: TLS probe 湖南省人民政府: score=47.0 tls=TLSv1.2 cert_days=215 headers=0 redirect=False sct=False issues=8
2026-07-15 14:55:17 [INFO] src.collection.threat_intel: Threat score for 湖南省人民政府 (113.246.57.9): 0.00 (pulses=0)
2026-07-15 14:55:19 [INFO] src.collection.tls_probe: TLS probe 字节跳动官网: score=82.0 tls=TLSv1.3 cert_days=187 headers=60 redirect=True sct=False issues=4
2026-07-15 14:55:22 [INFO] src.collection.threat_intel: Threat score for 字节跳动官网 (42.48.120.66): 0.00 (pulses=0)
2026-07-15 14:55:23 [INFO] src.collection.tls_probe: TLS probe 腾讯官网: score=69.8 tls=TLSv1.3 cert_days=162 headers=25 redirect=True sct=False issues=6
2026-07-15 14:55:27 [INFO] src.collection.threat_intel: Threat score for 腾讯官网 (116.162.169.116): 0.00 (pulses=0)
2026-07-15 14:55:31 [INFO] src.scoring.health_score: Health score for 字节跳动官网: 95.8
2026-07-15 14:55:31 [INFO] src.scoring.health_score: Health score for 湖南农业大学门户: 94.6
2026-07-15 14:55:31 [INFO] src.scoring.health_score: Health score for 湖南省人民政府: 91.7
2026-07-15 14:55:31 [INFO] src.scoring.health_score: Health score for 腾讯官网: 94.8
2026-07-15 14:55:31 [WARNING] src.rules.alert_manager: ALERT [warning] 湖南农业大学门户: TLS/HTTPS 安全评分偏低至 61.0 分（警告阈值 70）
2026-07-15 14:55:31 [WARNING] src.rules.alert_manager: ALERT [critical] 湖南省人民政府: TLS/HTTPS 安全评分严重劣化至 47.0 分（危险阈值 50）
2026-07-15 14:55:31 [WARNING] src.rules.alert_manager: ALERT [warning] 腾讯官网: TLS/HTTPS 安全评分偏低至 69.8 分（警告阈值 70）
2026-07-15 14:55:32 [INFO] src.collection.content_monitor: Content unchanged for 湖南农业大学门户
2026-07-15 14:55:32 [INFO] src.collection.content_monitor: Content unchanged for 湖南省人民政府
2026-07-15 14:55:32 [INFO] src.collection.content_monitor: Content unchanged for 字节跳动官网
2026-07-15 14:55:33 [INFO] src.collection.content_monitor: Content unchanged for 腾讯官网
2026-07-15 14:55:33 [INFO] __main__: Collection cycle complete — 4 targets processed
2026-07-15 14:55:33 [INFO] __main__: Next collection in 60 minutes (interval=60 min)
2026-07-15 15:55:37 [INFO] src.collection.tls_probe: TLS probe 湖南农业大学门户: score=61.0 tls=TLSv1.3 cert_days=149 headers=0 redirect=True sct=False issues=7
2026-07-15 15:55:44 [INFO] src.collection.threat_intel: Threat score for 湖南农业大学门户 (218.104.146.107): 0.00 (pulses=0)
2026-07-15 15:55:45 [INFO] src.collection.tls_probe: TLS probe 湖南省人民政府: score=47.0 tls=TLSv1.2 cert_days=215 headers=0 redirect=False sct=False issues=8
2026-07-15 15:55:52 [INFO] src.collection.threat_intel: Threat score for 湖南省人民政府 (113.246.57.9): 0.00 (pulses=0)
2026-07-15 15:55:53 [INFO] src.collection.tls_probe: TLS probe 字节跳动官网: score=82.0 tls=TLSv1.3 cert_days=187 headers=60 redirect=True sct=False issues=4
2026-07-15 15:55:57 [INFO] src.collection.threat_intel: Threat score for 字节跳动官网 (42.48.120.66): 0.00 (pulses=0)
2026-07-15 15:55:57 [INFO] src.collection.tls_probe: TLS probe 腾讯官网: score=69.8 tls=TLSv1.3 cert_days=162 headers=25 redirect=True sct=False issues=6
2026-07-15 15:56:01 [INFO] src.collection.threat_intel: Threat score for 腾讯官网 (116.162.169.116): 0.00 (pulses=0)
2026-07-15 15:56:06 [INFO] src.scoring.health_score: Health score for 字节跳动官网: 96.2
2026-07-15 15:56:06 [INFO] src.scoring.health_score: Health score for 湖南农业大学门户: 94.7
2026-07-15 15:56:06 [INFO] src.scoring.health_score: Health score for 湖南省人民政府: 92.8
2026-07-15 15:56:06 [INFO] src.scoring.health_score: Health score for 腾讯官网: 95.1
2026-07-15 15:56:06 [WARNING] src.rules.alert_manager: ALERT [warning] 湖南农业大学门户: TLS/HTTPS 安全评分偏低至 61.0 分（警告阈值 70）
2026-07-15 15:56:06 [WARNING] src.rules.alert_manager: ALERT [critical] 湖南省人民政府: TLS/HTTPS 安全评分严重劣化至 47.0 分（危险阈值 50）
2026-07-15 15:56:06 [WARNING] src.rules.alert_manager: ALERT [warning] 腾讯官网: TLS/HTTPS 安全评分偏低至 69.8 分（警告阈值 70）
2026-07-15 15:56:07 [INFO] src.collection.content_monitor: Content unchanged for 湖南农业大学门户
2026-07-15 15:56:07 [INFO] src.collection.content_monitor: Content unchanged for 湖南省人民政府
2026-07-15 15:56:07 [INFO] src.collection.content_monitor: Content unchanged for 字节跳动官网
2026-07-15 15:56:08 [INFO] src.collection.content_monitor: Content unchanged for 腾讯官网
2026-07-15 15:56:08 [INFO] __main__: Collection cycle complete — 4 targets processed
2026-07-15 15:56:08 [INFO] __main__: Next collection in 60 minutes (interval=60 min)
2026-07-15 16:56:08 [INFO] src.collection.tls_probe: TLS probe 湖南农业大学门户: score=61.0 tls=TLSv1.3 cert_days=149 headers=0 redirect=True sct=False issues=7
2026-07-15 16:56:15 [INFO] src.collection.threat_intel: Threat score for 湖南农业大学门户 (218.104.146.107): 0.00 (pulses=0)
2026-07-15 16:56:15 [INFO] src.collection.tls_probe: TLS probe 湖南省人民政府: score=47.0 tls=TLSv1.2 cert_days=215 headers=0 redirect=False sct=False issues=8
2026-07-15 16:56:22 [INFO] src.collection.threat_intel: Threat score for 湖南省人民政府 (113.246.57.9): 0.00 (pulses=0)
2026-07-15 16:56:23 [INFO] src.collection.tls_probe: TLS probe 字节跳动官网: score=82.0 tls=TLSv1.3 cert_days=187 headers=60 redirect=True sct=False issues=4
2026-07-15 16:56:26 [INFO] src.collection.threat_intel: Threat score for 字节跳动官网 (42.48.120.66): 0.00 (pulses=0)
2026-07-15 16:56:27 [INFO] src.collection.tls_probe: TLS probe 腾讯官网: score=69.8 tls=TLSv1.3 cert_days=162 headers=25 redirect=True sct=False issues=6
2026-07-15 16:56:31 [INFO] src.collection.threat_intel: Threat score for 腾讯官网 (116.162.169.116): 0.00 (pulses=0)
2026-07-15 16:56:35 [INFO] src.scoring.health_score: Health score for 字节跳动官网: 96.3
2026-07-15 16:56:35 [INFO] src.scoring.health_score: Health score for 湖南农业大学门户: 94.5
2026-07-15 16:56:35 [INFO] src.scoring.health_score: Health score for 湖南省人民政府: 92.7
2026-07-15 16:56:35 [INFO] src.scoring.health_score: Health score for 腾讯官网: 94.8
2026-07-15 16:56:35 [WARNING] src.rules.alert_manager: ALERT [warning] 湖南农业大学门户: TLS/HTTPS 安全评分偏低至 61.0 分（警告阈值 70）
2026-07-15 16:56:35 [WARNING] src.rules.alert_manager: ALERT [critical] 湖南省人民政府: TLS/HTTPS 安全评分严重劣化至 47.0 分（危险阈值 50）
2026-07-15 16:56:35 [WARNING] src.rules.alert_manager: ALERT [warning] 腾讯官网: TLS/HTTPS 安全评分偏低至 69.8 分（警告阈值 70）
2026-07-15 16:56:36 [INFO] src.collection.content_monitor: Content unchanged for 湖南农业大学门户
2026-07-15 16:56:37 [INFO] src.collection.content_monitor: Content unchanged for 湖南省人民政府
2026-07-15 16:56:37 [INFO] src.collection.content_monitor: Content unchanged for 字节跳动官网
2026-07-15 16:56:37 [INFO] src.collection.content_monitor: Content unchanged for 腾讯官网
2026-07-15 16:56:37 [INFO] __main__: Collection cycle complete — 4 targets processed
2026-07-15 16:56:37 [INFO] __main__: Next collection in 60 minutes (interval=60 min)
2026-07-15 17:56:41 [INFO] src.collection.tls_probe: TLS probe 湖南农业大学门户: score=61.0 tls=TLSv1.3 cert_days=149 headers=0 redirect=True sct=False issues=7
2026-07-15 17:56:47 [INFO] src.collection.threat_intel: Threat score for 湖南农业大学门户 (218.104.146.107): 0.00 (pulses=0)
2026-07-15 17:56:48 [INFO] src.collection.tls_probe: TLS probe 湖南省人民政府: score=47.0 tls=TLSv1.2 cert_days=215 headers=0 redirect=False sct=False issues=8
2026-07-15 17:56:55 [INFO] src.collection.threat_intel: Threat score for 湖南省人民政府 (113.246.57.9): 0.00 (pulses=0)
2026-07-15 17:56:56 [INFO] src.collection.tls_probe: TLS probe 字节跳动官网: score=82.0 tls=TLSv1.3 cert_days=187 headers=60 redirect=True sct=False issues=4
2026-07-15 17:56:59 [INFO] src.collection.threat_intel: Threat score for 字节跳动官网 (42.48.120.66): 0.00 (pulses=0)
2026-07-15 17:57:00 [INFO] src.collection.tls_probe: TLS probe 腾讯官网: score=69.8 tls=TLSv1.3 cert_days=162 headers=25 redirect=True sct=False issues=6
2026-07-15 17:57:03 [INFO] src.collection.threat_intel: Threat score for 腾讯官网 (116.162.169.116): 0.00 (pulses=0)
2026-07-15 17:57:07 [INFO] src.scoring.health_score: Health score for 字节跳动官网: 96.1
2026-07-15 17:57:07 [INFO] src.scoring.health_score: Health score for 湖南农业大学门户: 94.5
2026-07-15 17:57:07 [INFO] src.scoring.health_score: Health score for 湖南省人民政府: 92.8
2026-07-15 17:57:07 [INFO] src.scoring.health_score: Health score for 腾讯官网: 95.0
2026-07-15 17:57:08 [WARNING] src.rules.alert_manager: ALERT [warning] 湖南农业大学门户: TLS/HTTPS 安全评分偏低至 61.0 分（警告阈值 70）
2026-07-15 17:57:08 [WARNING] src.rules.alert_manager: ALERT [critical] 湖南省人民政府: TLS/HTTPS 安全评分严重劣化至 47.0 分（危险阈值 50）
2026-07-15 17:57:08 [WARNING] src.rules.alert_manager: ALERT [warning] 腾讯官网: TLS/HTTPS 安全评分偏低至 69.8 分（警告阈值 70）
2026-07-15 17:57:09 [INFO] src.collection.content_monitor: Content unchanged for 湖南农业大学门户
2026-07-15 17:57:09 [INFO] src.collection.content_monitor: Content unchanged for 湖南省人民政府
2026-07-15 17:57:10 [INFO] src.collection.content_monitor: Content unchanged for 字节跳动官网
2026-07-15 17:57:10 [INFO] src.collection.content_monitor: Content unchanged for 腾讯官网
2026-07-15 17:57:10 [INFO] __main__: Collection cycle complete — 4 targets processed
2026-07-15 17:57:10 [INFO] __main__: Next collection in 60 minutes (interval=60 min)
2026-07-15 18:57:11 [INFO] src.collection.tls_probe: TLS probe 湖南农业大学门户: score=61.0 tls=TLSv1.3 cert_days=149 headers=0 redirect=True sct=False issues=7
2026-07-15 18:57:18 [INFO] src.collection.threat_intel: Threat score for 湖南农业大学门户 (218.104.146.107): 0.00 (pulses=0)
2026-07-15 18:57:19 [INFO] src.collection.tls_probe: TLS probe 湖南省人民政府: score=47.0 tls=TLSv1.2 cert_days=215 headers=0 redirect=False sct=False issues=8
2026-07-15 18:57:26 [INFO] src.collection.threat_intel: Threat score for 湖南省人民政府 (113.246.57.9): 0.00 (pulses=0)
2026-07-15 18:57:27 [INFO] src.collection.tls_probe: TLS probe 字节跳动官网: score=82.0 tls=TLSv1.3 cert_days=187 headers=60 redirect=True sct=False issues=4
2026-07-15 18:57:31 [INFO] src.collection.threat_intel: Threat score for 字节跳动官网 (42.48.120.66): 0.00 (pulses=0)
2026-07-15 18:57:31 [INFO] src.collection.tls_probe: TLS probe 腾讯官网: score=69.8 tls=TLSv1.3 cert_days=162 headers=25 redirect=True sct=False issues=6
2026-07-15 18:57:35 [INFO] src.collection.threat_intel: Threat score for 腾讯官网 (116.162.169.116): 0.00 (pulses=0)
2026-07-15 18:57:38 [INFO] src.scoring.health_score: Health score for 字节跳动官网: 96.1
2026-07-15 18:57:38 [INFO] src.scoring.health_score: Health score for 湖南农业大学门户: 94.7
2026-07-15 18:57:38 [INFO] src.scoring.health_score: Health score for 湖南省人民政府: 91.6
2026-07-15 18:57:38 [INFO] src.scoring.health_score: Health score for 腾讯官网: 95.2
2026-07-15 18:57:38 [WARNING] src.rules.alert_manager: ALERT [warning] 湖南农业大学门户: TLS/HTTPS 安全评分偏低至 61.0 分（警告阈值 70）
2026-07-15 18:57:39 [WARNING] src.rules.alert_manager: ALERT [critical] 湖南省人民政府: TLS/HTTPS 安全评分严重劣化至 47.0 分（危险阈值 50）
2026-07-15 18:57:39 [WARNING] src.rules.alert_manager: ALERT [warning] 腾讯官网: TLS/HTTPS 安全评分偏低至 69.8 分（警告阈值 70）
2026-07-15 18:57:39 [INFO] src.collection.content_monitor: Content unchanged for 湖南农业大学门户
2026-07-15 18:57:39 [INFO] src.collection.content_monitor: Content unchanged for 湖南省人民政府
2026-07-15 18:57:39 [INFO] src.collection.content_monitor: Content unchanged for 字节跳动官网
2026-07-15 18:57:40 [INFO] src.collection.content_monitor: Content unchanged for 腾讯官网
2026-07-15 18:57:40 [INFO] __main__: Collection cycle complete — 4 targets processed
2026-07-15 18:57:40 [INFO] __main__: Next collection in 60 minutes (interval=60 min)
2026-07-15 21:41:29 [INFO] src.collection.tls_probe: TLS probe 湖南农业大学门户: score=61.0 tls=TLSv1.3 cert_days=148 headers=0 redirect=True sct=False issues=7
2026-07-15 21:41:39 [INFO] src.collection.threat_intel: Threat score for 湖南农业大学门户 (218.104.146.107): 0.00 (pulses=0)
2026-07-15 21:41:41 [INFO] src.collection.tls_probe: TLS probe 湖南省人民政府: score=47.0 tls=TLSv1.2 cert_days=215 headers=0 redirect=False sct=False issues=8
2026-07-15 21:42:06 [INFO] src.collection.threat_intel: Threat score for 湖南省人民政府 (113.246.57.9): 0.00 (pulses=0)
2026-07-15 21:42:41 [INFO] src.collection.tls_probe: TLS probe 字节跳动官网: score=72.0 tls=TLSv1.3 cert_days=187 headers=60 redirect=False sct=False issues=5
2026-07-15 21:43:01 [INFO] src.collection.threat_intel: Threat score for 字节跳动官网 (42.48.120.66): 0.00 (pulses=0)
2026-07-15 21:43:02 [INFO] src.collection.tls_probe: TLS probe 腾讯官网: score=69.8 tls=TLSv1.3 cert_days=162 headers=25 redirect=True sct=False issues=6
2026-07-15 21:43:11 [INFO] src.collection.threat_intel: Threat score for 腾讯官网 (116.162.169.116): 0.00 (pulses=0)
2026-07-15 21:43:16 [INFO] src.scoring.health_score: Health score for 字节跳动官网: 68.2
2026-07-15 21:43:16 [INFO] src.scoring.health_score: Health score for 湖南农业大学门户: 79.9
2026-07-15 21:43:16 [INFO] src.scoring.health_score: Health score for 湖南省人民政府: 88.1
2026-07-15 21:43:16 [INFO] src.scoring.health_score: Health score for 腾讯官网: 94.8
2026-07-15 21:43:17 [WARNING] src.rules.alert_manager: ALERT [warning] 湖南农业大学门户: TLS/HTTPS 安全评分偏低至 61.0 分（警告阈值 70）
2026-07-15 21:43:17 [WARNING] src.rules.alert_manager: ALERT [critical] 湖南省人民政府: TLS/HTTPS 安全评分严重劣化至 47.0 分（危险阈值 50）
2026-07-15 21:43:17 [WARNING] src.rules.alert_manager: ALERT [warning] 腾讯官网: TLS/HTTPS 安全评分偏低至 69.8 分（警告阈值 70）
2026-07-15 21:43:18 [INFO] src.collection.content_monitor: Content unchanged for 湖南农业大学门户
2026-07-15 21:43:18 [WARNING] src.collection.content_monitor: Content CHANGED for 湖南省人民政府: 页面文本增加约 9022 字符；当前页面标题：「æ¬¢è¿åä¸´æ¹åçäººæ°æ¿åºé¨æ·ç½ç«」
2026-07-15 21:43:18 [WARNING] src.rules.alert_manager: ALERT [critical] 湖南省人民政府: 网页内容发生变化：https://www.hunan.gov.cn
2026-07-15 21:43:20 [INFO] src.collection.content_monitor: Content unchanged for 字节跳动官网
2026-07-15 21:43:20 [INFO] src.collection.content_monitor: Content unchanged for 腾讯官网
2026-07-15 21:43:20 [INFO] __main__: Collection cycle complete — 4 targets processed
2026-07-15 21:43:20 [INFO] __main__: Next collection in 60 minutes (interval=60 min)
2026-07-15 22:43:38 [INFO] src.collection.tls_probe: TLS probe 湖南农业大学门户: score=61.0 tls=TLSv1.3 cert_days=148 headers=0 redirect=True sct=False issues=7
2026-07-15 22:43:46 [INFO] src.collection.threat_intel: Threat score for 湖南农业大学门户 (218.104.146.107): 0.00 (pulses=0)
2026-07-15 22:43:47 [INFO] src.collection.tls_probe: TLS probe 湖南省人民政府: score=47.0 tls=TLSv1.2 cert_days=215 headers=0 redirect=False sct=False issues=8
2026-07-15 22:44:06 [ERROR] src.collection.threat_intel: OTX query error for 113.246.57.9: HTTPSConnectionPool(host='otx.alienvault.com', port=443): Read timed out. (read timeout=15)
2026-07-15 22:44:20 [INFO] src.collection.tls_probe: TLS probe 字节跳动官网: score=82.0 tls=TLSv1.3 cert_days=187 headers=60 redirect=True sct=False issues=4
2026-07-15 22:44:29 [INFO] src.collection.threat_intel: Threat score for 字节跳动官网 (42.48.120.66): 0.00 (pulses=0)
2026-07-15 22:44:30 [INFO] src.collection.tls_probe: TLS probe 腾讯官网: score=69.8 tls=TLSv1.3 cert_days=162 headers=25 redirect=True sct=False issues=6
2026-07-15 22:44:46 [ERROR] src.collection.threat_intel: OTX query error for 116.162.169.116: HTTPSConnectionPool(host='otx.alienvault.com', port=443): Read timed out. (read timeout=15)
2026-07-15 22:44:53 [INFO] src.scoring.health_score: Health score for 字节跳动官网: 96.9
2026-07-15 22:44:53 [INFO] src.scoring.health_score: Health score for 湖南农业大学门户: 94.8
2026-07-15 22:44:53 [INFO] src.scoring.health_score: Health score for 湖南省人民政府: 85.8
2026-07-15 22:44:53 [INFO] src.scoring.health_score: Health score for 腾讯官网: 90.8
2026-07-15 22:44:54 [WARNING] src.rules.alert_manager: ALERT [warning] 湖南农业大学门户: TLS/HTTPS 安全评分偏低至 61.0 分（警告阈值 70）
2026-07-15 22:44:54 [WARNING] src.rules.alert_manager: ALERT [critical] 湖南省人民政府: TLS/HTTPS 安全评分严重劣化至 47.0 分（危险阈值 50）
2026-07-15 22:44:54 [WARNING] src.rules.alert_manager: ALERT [warning] 腾讯官网: TLS/HTTPS 安全评分偏低至 69.8 分（警告阈值 70）
2026-07-15 22:44:55 [INFO] src.collection.content_monitor: Content unchanged for 湖南农业大学门户
2026-07-15 22:44:55 [INFO] src.collection.content_monitor: Content unchanged for 湖南省人民政府
2026-07-15 22:44:55 [INFO] src.collection.content_monitor: Content unchanged for 字节跳动官网
2026-07-15 22:44:56 [INFO] src.collection.content_monitor: Content unchanged for 腾讯官网
2026-07-15 22:44:56 [INFO] __main__: Collection cycle complete — 4 targets processed
2026-07-15 22:44:56 [INFO] __main__: Next collection in 60 minutes (interval=60 min)
2026-07-16 22:41:37 [INFO] src.storage.db: Database initialised at C:\internet_awareness\data\awareness.db
2026-07-16 22:41:37 [INFO] __main__: Starting standalone collector
2026-07-16 22:41:55 [INFO] src.collection.tls_probe: TLS probe 湖南农业大学门户: score=61.0 tls=TLSv1.3 cert_days=147 headers=0 redirect=True sct=False issues=7
2026-07-16 22:42:12 [INFO] src.collection.threat_intel: Threat score for 湖南农业大学门户 (218.104.146.107): 0.00 (pulses=0)
2026-07-16 22:42:30 [INFO] src.collection.tls_probe: TLS probe 湖南省人民政府: score=47.0 tls=TLSv1.2 cert_days=214 headers=0 redirect=False sct=False issues=8
2026-07-16 22:42:48 [INFO] src.collection.threat_intel: Threat score for 湖南省人民政府 (113.246.57.9): 0.00 (pulses=0)
2026-07-16 22:43:10 [INFO] src.collection.tls_probe: TLS probe 字节跳动官网: score=82.0 tls=TLSv1.3 cert_days=186 headers=60 redirect=True sct=False issues=4
2026-07-16 22:43:22 [INFO] src.collection.threat_intel: Threat score for 字节跳动官网 (42.48.120.66): 0.00 (pulses=0)
2026-07-16 22:43:39 [INFO] src.collection.tls_probe: TLS probe 腾讯官网: score=69.8 tls=TLSv1.3 cert_days=161 headers=25 redirect=True sct=False issues=6
2026-07-16 22:43:51 [INFO] src.collection.threat_intel: Threat score for 腾讯官网 (116.162.169.116): 0.00 (pulses=0)
2026-07-16 22:44:57 [INFO] src.scoring.health_score: Health score for 字节跳动官网: 95.5
2026-07-16 22:44:57 [INFO] src.scoring.health_score: Health score for 湖南农业大学门户: 93.8
2026-07-16 22:44:57 [INFO] src.scoring.health_score: Health score for 湖南省人民政府: 88.6
2026-07-16 22:44:57 [INFO] src.scoring.health_score: Health score for 腾讯官网: 93.7
2026-07-16 22:45:06 [WARNING] src.rules.alert_manager: ALERT [warning] 湖南农业大学门户: TLS/HTTPS 安全评分偏低至 61.0 分（警告阈值 70）
2026-07-16 22:45:07 [WARNING] src.rules.alert_manager: ALERT [critical] 湖南省人民政府: TLS/HTTPS 安全评分严重劣化至 47.0 分（危险阈值 50）
2026-07-16 22:45:07 [WARNING] src.rules.alert_manager: ALERT [warning] 腾讯官网: TLS/HTTPS 安全评分偏低至 69.8 分（警告阈值 70）
2026-07-16 22:45:19 [WARNING] src.collection.content_monitor: Content CHANGED for 湖南农业大学门户: 页面文本增加约 3507 字符；当前页面标题：「湖南农业大学欢迎您! Hunan Agricultural University (HUNAU)」
2026-07-16 22:45:19 [WARNING] src.rules.alert_manager: ALERT [critical] 湖南农业大学门户: 网页内容发生变化：https://www.hunau.edu.cn
2026-07-16 22:45:32 [WARNING] src.collection.content_monitor: Content CHANGED for 湖南省人民政府: 页面文本增加约 3523 字符；当前页面标题：「欢迎光临湖南省人民政府门户网站」
2026-07-16 22:45:32 [WARNING] src.rules.alert_manager: ALERT [critical] 湖南省人民政府: 网页内容发生变化：https://www.hunan.gov.cn
2026-07-16 22:45:41 [INFO] src.collection.content_monitor: Content unchanged for 字节跳动官网
2026-07-16 22:45:42 [INFO] src.collection.content_monitor: Content unchanged for 腾讯官网
2026-07-16 22:45:42 [INFO] __main__: Collection cycle complete — 4 targets processed
2026-07-16 22:45:42 [INFO] __main__: Next collection in 60 minutes (interval=60 min)
2026-07-20 00:27:50 [INFO] src.storage.db: Database initialised at C:\internet_awareness\data\awareness.db
2026-07-20 00:27:50 [INFO] __main__: Starting standalone collector
2026-07-20 00:28:10 [INFO] src.collection.tls_probe: TLS probe 湖南农业大学门户: score=61.0 tls=TLSv1.3 cert_days=144 headers=0 redirect=True sct=False issues=7
2026-07-20 00:28:17 [INFO] src.collection.threat_intel: No OTX API key configured; returning neutral threat score
2026-07-20 00:28:18 [INFO] src.collection.tls_probe: TLS probe 湖南省人民政府: score=47.0 tls=TLSv1.2 cert_days=211 headers=0 redirect=False sct=False issues=8
2026-07-20 00:28:21 [INFO] src.collection.threat_intel: No OTX API key configured; returning neutral threat score
2026-07-20 00:28:22 [INFO] src.collection.tls_probe: TLS probe 字节跳动官网: score=82.0 tls=TLSv1.3 cert_days=183 headers=60 redirect=True sct=False issues=4
2026-07-20 00:28:22 [INFO] src.collection.threat_intel: No OTX API key configured; returning neutral threat score
2026-07-20 00:28:26 [INFO] src.collection.tls_probe: TLS probe 腾讯官网: score=69.8 tls=TLSv1.3 cert_days=158 headers=25 redirect=True sct=False issues=6
2026-07-20 00:28:26 [INFO] src.collection.threat_intel: No OTX API key configured; returning neutral threat score
2026-07-20 00:28:28 [INFO] src.scoring.health_score: Health score for 字节跳动官网: 96.9
2026-07-20 00:28:28 [INFO] src.scoring.health_score: Health score for 湖南农业大学门户: 86.5
2026-07-20 00:28:28 [INFO] src.scoring.health_score: Health score for 湖南省人民政府: 92.4
2026-07-20 00:28:28 [INFO] src.scoring.health_score: Health score for 腾讯官网: 87.5
2026-07-20 00:28:28 [WARNING] src.rules.alert_manager: ALERT [warning] 湖南农业大学门户: TLS/HTTPS 安全评分偏低至 61.0 分（警告阈值 70）
2026-07-20 00:28:28 [WARNING] src.rules.alert_manager: ALERT [critical] 湖南省人民政府: TLS/HTTPS 安全评分严重劣化至 47.0 分（危险阈值 50）
2026-07-20 00:28:29 [WARNING] src.rules.alert_manager: ALERT [warning] 腾讯官网: TLS/HTTPS 安全评分偏低至 69.8 分（警告阈值 70）
2026-07-20 00:28:29 [WARNING] src.collection.content_monitor: Content CHANGED for 湖南农业大学门户: 页面文本增加约 3509 字符；当前页面标题：「湖南农业大学欢迎您! Hunan Agricultural University (HUNAU)」
2026-07-20 00:28:30 [WARNING] src.rules.alert_manager: ALERT [critical] 湖南农业大学门户: 网页内容发生变化：https://www.hunau.edu.cn
2026-07-20 00:28:30 [WARNING] src.collection.content_monitor: Content CHANGED for 湖南省人民政府: 页面文本增加约 3441 字符；当前页面标题：「欢迎光临湖南省人民政府门户网站」
2026-07-20 00:28:30 [WARNING] src.rules.alert_manager: ALERT [critical] 湖南省人民政府: 网页内容发生变化：https://www.hunan.gov.cn
2026-07-20 00:28:45 [INFO] src.collection.content_monitor: Content unchanged for 字节跳动官网
2026-07-20 00:28:53 [INFO] src.collection.content_monitor: Content unchanged for 腾讯官网
2026-07-20 00:28:53 [INFO] __main__: Collection cycle complete — 4 targets processed
2026-07-20 00:28:53 [INFO] __main__: Next collection in 60 minutes (interval=60 min)
2026-07-26 14:27:04 [INFO] src.storage.db: Database initialised at C:\internet_awareness\data\awareness.db
2026-07-26 14:27:04 [INFO] __main__: Starting standalone collector
2026-07-26 14:27:17 [INFO] src.collection.tls_probe: TLS probe 湖南农业大学门户: score=61.0 tls=TLSv1.3 cert_days=138 headers=0 redirect=True sct=False issues=7
2026-07-26 14:27:27 [INFO] src.collection.threat_intel: Threat score for 湖南农业大学门户 (218.104.146.107): 0.00 (pulses=0)
2026-07-26 14:27:29 [INFO] src.collection.tls_probe: TLS probe 湖南省人民政府: score=47.0 tls=TLSv1.2 cert_days=204 headers=0 redirect=False sct=False issues=8
2026-07-26 14:27:35 [INFO] src.collection.threat_intel: Threat score for 湖南省人民政府 (113.246.57.9): 0.00 (pulses=0)
2026-07-26 14:27:41 [INFO] src.collection.tls_probe: TLS probe 字节跳动官网: score=82.0 tls=TLSv1.3 cert_days=176 headers=60 redirect=True sct=False issues=4
2026-07-26 14:27:44 [INFO] src.collection.threat_intel: Threat score for 字节跳动官网 (42.48.120.66): 0.00 (pulses=0)
2026-07-26 14:27:45 [INFO] src.collection.tls_probe: TLS probe 腾讯官网: score=69.8 tls=TLSv1.3 cert_days=151 headers=25 redirect=True sct=False issues=6
2026-07-26 14:27:49 [INFO] src.collection.threat_intel: Threat score for 腾讯官网 (116.162.169.116): 0.00 (pulses=0)
2026-07-26 14:28:05 [INFO] src.scoring.health_score: Health score for 字节跳动官网: 93.0
2026-07-26 14:28:05 [INFO] src.scoring.health_score: Health score for 湖南农业大学门户: 94.7
2026-07-26 14:28:05 [INFO] src.scoring.health_score: Health score for 湖南省人民政府: 92.4
2026-07-26 14:28:05 [INFO] src.scoring.health_score: Health score for 腾讯官网: 94.6
2026-07-26 14:28:07 [WARNING] src.rules.alert_manager: ALERT [warning] 湖南农业大学门户: TLS/HTTPS 安全评分偏低至 61.0 分（警告阈值 70）
2026-07-26 14:28:07 [WARNING] src.rules.alert_manager: ALERT [critical] 湖南省人民政府: TLS/HTTPS 安全评分严重劣化至 47.0 分（危险阈值 50）
2026-07-26 14:28:07 [WARNING] src.rules.alert_manager: ALERT [warning] 腾讯官网: TLS/HTTPS 安全评分偏低至 69.8 分（警告阈值 70）
2026-07-26 14:28:11 [INFO] src.collection.content_monitor: Content unchanged for 湖南农业大学门户
2026-07-26 14:28:13 [WARNING] src.collection.content_monitor: Content CHANGED for 湖南省人民政府: 页面文本增加约 3458 字符；当前页面标题：「欢迎光临湖南省人民政府门户网站」
2026-07-26 14:28:15 [WARNING] src.rules.alert_manager: ALERT [critical] 湖南省人民政府: 网页内容发生变化：https://www.hunan.gov.cn
2026-07-26 14:28:16 [INFO] src.collection.content_monitor: Content unchanged for 字节跳动官网
2026-07-26 14:28:17 [WARNING] src.collection.content_monitor: Content CHANGED for 腾讯官网: 页面文本增加约 1997 字符；当前页面标题：「Page not found - Tencent」
2026-07-26 14:28:17 [WARNING] src.rules.alert_manager: ALERT [critical] 腾讯官网: 网页内容发生变化：https://www.tencent.com/zh-cn/index.html
2026-07-26 14:28:17 [INFO] __main__: Collection cycle complete — 4 targets processed
2026-07-26 14:28:17 [INFO] __main__: Next collection in 60 minutes (interval=60 min)
2026-07-26 15:29:10 [INFO] src.collection.tls_probe: TLS probe 湖南农业大学门户: score=61.0 tls=TLSv1.3 cert_days=138 headers=0 redirect=True sct=False issues=7
2026-07-26 15:29:17 [INFO] src.collection.threat_intel: Threat score for 湖南农业大学门户 (218.104.146.107): 0.00 (pulses=0)
2026-07-26 15:29:27 [WARNING] src.collection.http_probe: HTTP probe connection error: https://www.hunan.gov.cn
2026-07-26 15:30:08 [INFO] src.collection.tls_probe: TLS probe 湖南省人民政府: score=6.0 tls=None cert_days=None headers=0 redirect=False sct=False issues=6
2026-07-26 15:30:14 [INFO] src.collection.threat_intel: Threat score for 湖南省人民政府 (113.246.57.9): 0.00 (pulses=0)
2026-07-26 15:30:16 [INFO] src.collection.tls_probe: TLS probe 字节跳动官网: score=82.0 tls=TLSv1.3 cert_days=176 headers=60 redirect=True sct=False issues=4
2026-07-26 15:30:19 [INFO] src.collection.threat_intel: Threat score for 字节跳动官网 (42.48.120.66): 0.00 (pulses=0)
2026-07-26 15:30:20 [INFO] src.collection.tls_probe: TLS probe 腾讯官网: score=69.8 tls=TLSv1.3 cert_days=151 headers=25 redirect=True sct=False issues=6
2026-07-26 15:30:23 [INFO] src.collection.threat_intel: Threat score for 腾讯官网 (116.162.169.116): 0.00 (pulses=0)
2026-07-26 15:30:27 [INFO] src.scoring.health_score: Health score for 字节跳动官网: 96.5
2026-07-26 15:30:27 [INFO] src.scoring.health_score: Health score for 湖南农业大学门户: 87.8
2026-07-26 15:30:27 [INFO] src.scoring.health_score: Health score for 湖南省人民政府: 49.5
2026-07-26 15:30:27 [INFO] src.scoring.health_score: Health score for 腾讯官网: 95.2
2026-07-26 15:30:27 [WARNING] src.rules.alert_manager: ALERT [warning] 湖南省人民政府: 服务健康度评分下降至 49.5 分（阈值 60 分）
2026-07-26 15:30:27 [WARNING] src.rules.alert_manager: ALERT [warning] 湖南农业大学门户: TLS/HTTPS 安全评分偏低至 61.0 分（警告阈值 70）
2026-07-26 15:30:27 [WARNING] src.rules.alert_manager: ALERT [critical] 湖南省人民政府: TLS/HTTPS 安全评分严重劣化至 6.0 分（危险阈值 50）
2026-07-26 15:30:27 [WARNING] src.rules.alert_manager: ALERT [warning] 腾讯官网: TLS/HTTPS 安全评分偏低至 69.8 分（警告阈值 70）
2026-07-26 15:30:37 [INFO] src.collection.content_monitor: Content unchanged for 湖南农业大学门户
2026-07-26 15:30:48 [WARNING] src.collection.content_monitor: Content monitor fetch error for 湖南省人民政府: HTTPSConnectionPool(host='www.hunan.gov.cn', port=443): Max retries exceeded with url: / (Caused by SSLError(SSLError(1, '[SSL: BAD_ECPOINT] bad ecpoint (_ssl.c:1006)')))
2026-07-26 15:30:48 [INFO] src.collection.content_monitor: Content unchanged for 字节跳动官网
2026-07-26 15:30:48 [WARNING] src.collection.content_monitor: Content CHANGED for 腾讯官网: 页面文本增加约 2762 字符；当前页面标题：「Tencent 腾讯」
2026-07-26 15:30:49 [WARNING] src.rules.alert_manager: ALERT [critical] 腾讯官网: 网页内容发生变化：https://www.tencent.com/zh-cn/index.html
2026-07-26 15:30:49 [INFO] __main__: Collection cycle complete — 4 targets processed
2026-07-26 15:30:49 [INFO] __main__: Next collection in 60 minutes (interval=60 min)
2026-07-31 20:30:11 [INFO] src.storage.db: Migrated content_snapshots: added page_path column
2026-07-31 20:30:11 [INFO] src.storage.db: Database initialised at C:\internet_awareness\data\awareness.db
2026-07-31 20:30:11 [INFO] __main__: Starting standalone collector
2026-07-31 20:30:11 [INFO] src.storage.db: Database initialised at C:\internet_awareness\data\awareness.db
2026-07-31 20:30:11 [INFO] __main__: Starting standalone collector
2026-07-31 20:30:14 [INFO] src.collection.tls_probe: TLS probe 湖南农业大学门户: score=61.0 tls=TLSv1.3 cert_days=132 headers=0 redirect=True sct=False issues=7
2026-07-31 20:30:14 [INFO] src.collection.tls_probe: TLS probe 湖南农业大学门户: score=61.0 tls=TLSv1.3 cert_days=132 headers=0 redirect=True sct=False issues=7
2026-07-31 20:30:26 [INFO] src.collection.threat_intel: Threat score for 湖南农业大学门户 (218.104.146.107): 0.00 (pulses=0)
2026-07-31 20:30:29 [INFO] src.collection.threat_intel: Threat score for 湖南农业大学门户 (218.104.146.107): 0.00 (pulses=0)
2026-07-31 20:30:31 [INFO] src.collection.tls_probe: TLS probe 湖南省人民政府: score=47.0 tls=TLSv1.2 cert_days=199 headers=0 redirect=False sct=False issues=8
2026-07-31 20:30:32 [INFO] src.collection.tls_probe: TLS probe 湖南省人民政府: score=47.0 tls=TLSv1.2 cert_days=199 headers=0 redirect=False sct=False issues=8
2026-07-31 20:30:51 [INFO] src.collection.threat_intel: Threat score for 湖南省人民政府 (113.246.57.9): 0.00 (pulses=0)
2026-07-31 20:30:53 [INFO] src.collection.threat_intel: Threat score for 湖南省人民政府 (113.246.57.9): 0.00 (pulses=0)
2026-07-31 20:31:03 [INFO] src.collection.tls_probe: TLS probe 字节跳动官网: score=82.0 tls=TLSv1.3 cert_days=171 headers=60 redirect=True sct=False issues=4
2026-07-31 20:31:12 [INFO] src.collection.tls_probe: TLS probe 字节跳动官网: score=82.0 tls=TLSv1.3 cert_days=171 headers=60 redirect=True sct=False issues=4
2026-07-31 20:31:16 [INFO] src.collection.threat_intel: Threat score for 字节跳动官网 (42.48.120.66): 0.00 (pulses=0)
2026-07-31 20:31:19 [INFO] src.collection.threat_intel: Threat score for 字节跳动官网 (42.48.120.66): 0.00 (pulses=0)
2026-07-31 20:31:29 [INFO] src.collection.tls_probe: TLS probe 腾讯官网: score=69.8 tls=TLSv1.3 cert_days=146 headers=25 redirect=True sct=False issues=6
2026-07-31 20:31:32 [INFO] src.collection.tls_probe: TLS probe 腾讯官网: score=69.8 tls=TLSv1.3 cert_days=146 headers=25 redirect=True sct=False issues=6
2026-07-31 20:31:43 [INFO] src.collection.threat_intel: Threat score for 腾讯官网 (116.162.169.116): 0.00 (pulses=0)
2026-07-31 20:31:44 [INFO] src.collection.threat_intel: Threat score for 腾讯官网 (116.162.169.116): 0.00 (pulses=0)
2026-07-31 20:31:48 [INFO] src.scoring.health_score: Health score for 字节跳动官网: 77.8
2026-07-31 20:31:48 [INFO] src.scoring.health_score: Health score for 湖南农业大学门户: 94.5
2026-07-31 20:31:48 [INFO] src.scoring.health_score: Health score for 湖南省人民政府: 90.8
2026-07-31 20:31:48 [INFO] src.scoring.health_score: Health score for 腾讯官网: 79.5
2026-07-31 20:31:49 [WARNING] src.rules.alert_manager: ALERT [warning] 湖南农业大学门户: TLS/HTTPS 安全评分偏低至 61.0 分（警告阈值 70）
2026-07-31 20:31:49 [WARNING] src.rules.alert_manager: ALERT [critical] 湖南省人民政府: TLS/HTTPS 安全评分严重劣化至 47.0 分（危险阈值 50）
2026-07-31 20:31:49 [WARNING] src.rules.alert_manager: ALERT [warning] 腾讯官网: TLS/HTTPS 安全评分偏低至 69.8 分（警告阈值 70）
2026-07-31 20:31:49 [WARNING] src.collection.content_monitor: Content CHANGED for 湖南农业大学门户: 页面文本增加约 3556 字符；当前页面标题：「湖南农业大学欢迎您! Hunan Agricultural University (HUNAU)」
2026-07-31 20:31:50 [INFO] src.scoring.health_score: Health score for 字节跳动官网: 84.5
2026-07-31 20:31:50 [INFO] src.scoring.health_score: Health score for 湖南农业大学门户: 94.7
2026-07-31 20:31:50 [INFO] src.scoring.health_score: Health score for 湖南省人民政府: 90.8
2026-07-31 20:31:50 [INFO] src.scoring.health_score: Health score for 腾讯官网: 73.6
2026-07-31 20:31:51 [INFO] src.collection.content_monitor: Content unchanged for 湖南农业大学门户
2026-07-31 20:32:00 [WARNING] src.rules.alert_manager: ALERT [critical] 湖南农业大学门户: 网页内容发生变化：https://www.hunau.edu.cn
2026-07-31 20:32:00 [WARNING] src.collection.content_monitor: Content CHANGED for 湖南省人民政府: 页面文本增加约 3460 字符；当前页面标题：「欢迎光临湖南省人民政府门户网站」
2026-07-31 20:32:03 [WARNING] src.rules.alert_manager: ALERT [critical] 湖南省人民政府: 网页内容发生变化：https://www.hunan.gov.cn
2026-07-31 20:32:03 [INFO] src.collection.content_monitor: Content unchanged for 字节跳动官网
2026-07-31 20:32:03 [WARNING] src.collection.content_monitor: Content CHANGED for 腾讯官网: 页面文本增加约 1997 字符；当前页面标题：「Page not found - Tencent」
2026-07-31 20:32:08 [INFO] src.collection.content_monitor: Content unchanged for 湖南省人民政府
2026-07-31 20:32:19 [INFO] src.collection.content_monitor: Content unchanged for 字节跳动官网
2026-07-31 20:32:19 [INFO] src.collection.content_monitor: Content unchanged for 腾讯官网
2026-07-31 20:32:22 [WARNING] src.rules.alert_manager: ALERT [critical] 腾讯官网: 网页内容发生变化：https://www.tencent.com/zh-cn/index.html
2026-07-31 20:32:43 [WARNING] src.collection.subdomain_discovery: crt.sh query timeout for domain hunau.edu.cn
2026-07-31 20:32:43 [INFO] src.collection.subdomain_discovery: 被动子域名发现 湖南农业大学门户 (hunau.edu.cn): 共 0 个子域名
2026-07-31 20:32:49 [WARNING] src.collection.subdomain_discovery: crt.sh query timeout for domain hunau.edu.cn
2026-07-31 20:32:49 [INFO] src.collection.subdomain_discovery: 被动子域名发现 湖南农业大学门户 (hunau.edu.cn): 共 0 个子域名
2026-07-31 20:32:52 [WARNING] src.collection.subdomain_discovery: crt.sh returned 502 for domain hunan.gov.cn
2026-07-31 20:32:52 [INFO] src.collection.subdomain_discovery: 被动子域名发现 湖南省人民政府 (hunan.gov.cn): 共 0 个子域名
2026-07-31 20:32:53 [WARNING] src.collection.subdomain_discovery: crt.sh returned 502 for domain hunan.gov.cn
2026-07-31 20:32:53 [INFO] src.collection.subdomain_discovery: 被动子域名发现 湖南省人民政府 (hunan.gov.cn): 共 0 个子域名
2026-07-31 20:32:55 [WARNING] src.collection.subdomain_discovery: crt.sh returned 502 for domain bytedance.com
2026-07-31 20:32:55 [INFO] src.collection.subdomain_discovery: 被动子域名发现 字节跳动官网 (bytedance.com): 共 0 个子域名
2026-07-31 20:32:56 [WARNING] src.collection.subdomain_discovery: crt.sh returned 502 for domain bytedance.com
2026-07-31 20:32:56 [INFO] src.collection.subdomain_discovery: 被动子域名发现 字节跳动官网 (bytedance.com): 共 0 个子域名
2026-07-31 20:32:59 [WARNING] src.collection.subdomain_discovery: crt.sh returned 502 for domain tencent.com
2026-07-31 20:32:59 [INFO] src.collection.subdomain_discovery: 被动子域名发现 腾讯官网 (tencent.com): 共 0 个子域名
2026-07-31 20:32:59 [INFO] __main__: Collection cycle complete — 4 targets processed
2026-07-31 20:32:59 [INFO] __main__: Next collection in 60 minutes (interval=60 min)
2026-07-31 20:33:06 [WARNING] src.collection.subdomain_discovery: crt.sh returned 502 for domain tencent.com
2026-07-31 20:33:06 [INFO] src.collection.subdomain_discovery: 被动子域名发现 腾讯官网 (tencent.com): 共 0 个子域名
2026-07-31 20:33:06 [INFO] __main__: Collection cycle complete — 4 targets processed
2026-07-31 20:33:06 [INFO] __main__: Next collection in 60 minutes (interval=60 min)
2026-08-02 09:42:12 [INFO] src.storage.db: Database initialised at C:\internet_awareness\data\awareness.db
2026-08-02 09:42:12 [INFO] __main__: Starting standalone collector
2026-08-02 09:42:16 [INFO] src.collection.tls_probe: TLS probe 湖南农业大学门户: score=61.0 tls=TLSv1.3 cert_days=131 headers=0 redirect=True sct=False issues=7
2026-08-02 09:42:24 [INFO] src.collection.threat_intel: Threat score for 湖南农业大学门户 (218.104.146.107): 0.00 (pulses=0)
2026-08-02 09:42:25 [INFO] src.collection.tls_probe: TLS probe 湖南省人民政府: score=47.0 tls=TLSv1.2 cert_days=197 headers=0 redirect=False sct=False issues=8
2026-08-02 09:42:33 [INFO] src.collection.threat_intel: Threat score for 湖南省人民政府 (113.246.57.9): 0.00 (pulses=0)
2026-08-02 09:42:34 [INFO] src.collection.tls_probe: TLS probe 字节跳动官网: score=82.0 tls=TLSv1.3 cert_days=169 headers=60 redirect=True sct=False issues=4
2026-08-02 09:42:38 [INFO] src.collection.threat_intel: Threat score for 字节跳动官网 (42.48.120.66): 0.00 (pulses=0)
2026-08-02 09:42:39 [INFO] src.collection.tls_probe: TLS probe 腾讯官网: score=69.8 tls=TLSv1.3 cert_days=145 headers=25 redirect=True sct=False issues=6
2026-08-02 09:42:44 [INFO] src.collection.threat_intel: Threat score for 腾讯官网 (116.162.169.116): 0.00 (pulses=0)
2026-08-02 09:42:50 [INFO] src.scoring.health_score: Health score for 字节跳动官网: 97.0
2026-08-02 09:42:50 [INFO] src.scoring.health_score: Health score for 湖南农业大学门户: 93.2
2026-08-02 09:42:55 [INFO] src.scoring.health_score: Health score for 湖南省人民政府: 92.0
2026-08-02 09:42:55 [INFO] src.scoring.health_score: Health score for 腾讯官网: 93.9
2026-08-02 09:42:56 [WARNING] src.rules.alert_manager: ALERT [warning] 湖南农业大学门户: TLS/HTTPS 安全评分偏低至 61.0 分（警告阈值 70）
2026-08-02 09:42:56 [WARNING] src.rules.alert_manager: ALERT [critical] 湖南省人民政府: TLS/HTTPS 安全评分严重劣化至 47.0 分（危险阈值 50）
2026-08-02 09:42:56 [WARNING] src.rules.alert_manager: ALERT [warning] 腾讯官网: TLS/HTTPS 安全评分偏低至 69.8 分（警告阈值 70）
2026-08-02 09:42:59 [WARNING] src.collection.content_monitor: Content CHANGED for 湖南农业大学门户: 页面文本增加约 3446 字符；当前页面标题：「湖南农业大学欢迎您! Hunan Agricultural University (HUNAU)」
2026-08-02 09:43:13 [WARNING] src.rules.alert_manager: ALERT [critical] 湖南农业大学门户: 网页内容发生变化：https://www.hunau.edu.cn
2026-08-02 09:43:13 [WARNING] src.collection.content_monitor: Content CHANGED for 湖南省人民政府: 页面文本增加约 3496 字符；当前页面标题：「欢迎光临湖南省人民政府门户网站」
2026-08-02 09:43:14 [WARNING] src.collection.content_monitor: Content CHANGED for 湖南省人民政府/: 页面文本增加约 3496 字符；当前页面标题：「欢迎光临湖南省人民政府门户网站」
2026-08-02 09:43:14 [WARNING] src.collection.content_monitor: Content CHANGED for 湖南省人民政府/hnszf/szf/szf.html: 页面文本增加约 1154 字符；当前页面标题：「省政府-湖南省人民政府门户网站」
2026-08-02 09:43:14 [WARNING] src.collection.content_monitor: Content CHANGED for 湖南省人民政府/hnszf/hnyw/hnyw.html: 页面文本增加约 2514 字符；当前页面标题：「政务要闻-湖南省人民政府门户网站」
2026-08-02 09:43:16 [WARNING] src.rules.alert_manager: ALERT [critical] 湖南省人民政府: 网页内容发生变化：https://www.hunan.gov.cn
2026-08-02 09:43:16 [INFO] src.collection.content_monitor: Content unchanged for 字节跳动官网
2026-08-02 09:43:16 [INFO] src.collection.content_monitor: Content unchanged for 腾讯官网
2026-08-02 09:43:30 [WARNING] src.collection.subdomain_discovery: crt.sh returned 502 for domain hunau.edu.cn
2026-08-02 09:43:30 [INFO] src.collection.subdomain_discovery: 被动子域名发现 湖南农业大学门户 (hunau.edu.cn): 共 0 个子域名
2026-08-02 09:43:31 [WARNING] src.collection.subdomain_discovery: crt.sh returned 502 for domain hunan.gov.cn
2026-08-02 09:43:31 [INFO] src.collection.subdomain_discovery: 被动子域名发现 湖南省人民政府 (hunan.gov.cn): 共 0 个子域名
2026-08-02 09:43:32 [WARNING] src.collection.subdomain_discovery: crt.sh returned 502 for domain bytedance.com
2026-08-02 09:43:32 [INFO] src.collection.subdomain_discovery: 被动子域名发现 字节跳动官网 (bytedance.com): 共 0 个子域名
2026-08-02 09:43:33 [WARNING] src.collection.subdomain_discovery: crt.sh returned 502 for domain tencent.com
2026-08-02 09:43:33 [INFO] src.collection.subdomain_discovery: 被动子域名发现 腾讯官网 (tencent.com): 共 0 个子域名
2026-08-02 09:43:33 [INFO] __main__: Collection cycle complete — 4 targets processed
2026-08-02 09:43:33 [INFO] __main__: Next collection in 60 minutes (interval=60 min)
2026-08-02 10:43:38 [INFO] src.collection.tls_probe: TLS probe 湖南农业大学门户: score=61.0 tls=TLSv1.3 cert_days=131 headers=0 redirect=True sct=False issues=7
2026-08-02 10:43:45 [INFO] src.collection.threat_intel: Threat score for 湖南农业大学门户 (218.104.146.107): 0.00 (pulses=0)
2026-08-02 10:43:46 [INFO] src.collection.tls_probe: TLS probe 湖南省人民政府: score=47.0 tls=TLSv1.2 cert_days=197 headers=0 redirect=False sct=False issues=8
2026-08-02 10:43:53 [INFO] src.collection.threat_intel: Threat score for 湖南省人民政府 (113.246.57.9): 0.00 (pulses=0)
2026-08-02 10:43:54 [INFO] src.collection.tls_probe: TLS probe 字节跳动官网: score=82.0 tls=TLSv1.3 cert_days=169 headers=60 redirect=True sct=False issues=4
2026-08-02 10:43:59 [INFO] src.collection.threat_intel: Threat score for 字节跳动官网 (42.48.120.66): 0.00 (pulses=0)
2026-08-02 10:44:00 [INFO] src.collection.tls_probe: TLS probe 腾讯官网: score=69.8 tls=TLSv1.3 cert_days=145 headers=25 redirect=True sct=False issues=6
2026-08-02 10:44:04 [INFO] src.collection.threat_intel: Threat score for 腾讯官网 (116.162.169.116): 0.00 (pulses=0)
2026-08-02 10:44:06 [INFO] src.scoring.health_score: Health score for 字节跳动官网: 97.0
2026-08-02 10:44:06 [INFO] src.scoring.health_score: Health score for 湖南农业大学门户: 95.1
2026-08-02 10:44:06 [INFO] src.scoring.health_score: Health score for 湖南省人民政府: 92.7
2026-08-02 10:44:06 [INFO] src.scoring.health_score: Health score for 腾讯官网: 93.6
2026-08-02 10:44:07 [WARNING] src.rules.alert_manager: ALERT [warning] 湖南农业大学门户: TLS/HTTPS 安全评分偏低至 61.0 分（警告阈值 70）
2026-08-02 10:44:07 [WARNING] src.rules.alert_manager: ALERT [critical] 湖南省人民政府: TLS/HTTPS 安全评分严重劣化至 47.0 分（危险阈值 50）
2026-08-02 10:44:07 [WARNING] src.rules.alert_manager: ALERT [warning] 腾讯官网: TLS/HTTPS 安全评分偏低至 69.8 分（警告阈值 70）
2026-08-02 10:44:07 [INFO] src.collection.content_monitor: Content unchanged for 湖南农业大学门户
2026-08-02 10:44:14 [INFO] src.collection.content_monitor: Content unchanged for 湖南省人民政府
2026-08-02 10:44:16 [INFO] src.collection.content_monitor: Content unchanged for 字节跳动官网
2026-08-02 10:44:17 [INFO] src.collection.content_monitor: Content unchanged for 腾讯官网
2026-08-02 10:44:43 [WARNING] src.collection.subdomain_discovery: crt.sh returned 404 for domain hunau.edu.cn
2026-08-02 10:44:43 [INFO] src.collection.subdomain_discovery: 被动子域名发现 湖南农业大学门户 (hunau.edu.cn): 共 0 个子域名
2026-08-02 10:44:51 [WARNING] src.collection.subdomain_discovery: crt.sh returned 404 for domain hunan.gov.cn
2026-08-02 10:44:51 [INFO] src.collection.subdomain_discovery: 被动子域名发现 湖南省人民政府 (hunan.gov.cn): 共 0 个子域名
2026-08-02 10:44:59 [WARNING] src.collection.subdomain_discovery: crt.sh returned 404 for domain bytedance.com
2026-08-02 10:44:59 [INFO] src.collection.subdomain_discovery: 被动子域名发现 字节跳动官网 (bytedance.com): 共 0 个子域名
2026-08-02 10:45:20 [WARNING] src.collection.subdomain_discovery: crt.sh query timeout for domain tencent.com
2026-08-02 10:45:20 [INFO] src.collection.subdomain_discovery: 被动子域名发现 腾讯官网 (tencent.com): 共 0 个子域名
2026-08-02 10:45:20 [INFO] __main__: Collection cycle complete — 4 targets processed
2026-08-02 10:45:20 [INFO] __main__: Next collection in 60 minutes (interval=60 min)
2026-08-02 11:45:54 [INFO] src.collection.tls_probe: TLS probe 湖南农业大学门户: score=61.0 tls=TLSv1.3 cert_days=131 headers=0 redirect=True sct=False issues=7
2026-08-02 11:46:02 [INFO] src.collection.threat_intel: Threat score for 湖南农业大学门户 (218.104.146.107): 0.00 (pulses=0)
2026-08-02 11:46:03 [INFO] src.collection.tls_probe: TLS probe 湖南省人民政府: score=47.0 tls=TLSv1.2 cert_days=197 headers=0 redirect=False sct=False issues=8
2026-08-02 11:46:17 [INFO] src.collection.threat_intel: Threat score for 湖南省人民政府 (113.246.57.9): 0.00 (pulses=0)
2026-08-02 11:46:24 [INFO] src.collection.tls_probe: TLS probe 字节跳动官网: score=82.0 tls=TLSv1.3 cert_days=169 headers=60 redirect=True sct=False issues=4
2026-08-02 11:46:40 [ERROR] src.collection.threat_intel: OTX query error for 42.48.120.66: HTTPSConnectionPool(host='otx.alienvault.com', port=443): Read timed out. (read timeout=15)
2026-08-02 11:46:45 [INFO] src.collection.tls_probe: TLS probe 腾讯官网: score=69.8 tls=TLSv1.3 cert_days=145 headers=25 redirect=True sct=False issues=6
2026-08-02 11:46:57 [INFO] src.collection.threat_intel: Threat score for 腾讯官网 (116.162.169.116): 0.00 (pulses=0)
2026-08-02 11:47:11 [INFO] src.scoring.health_score: Health score for 字节跳动官网: 92.7
2026-08-02 11:47:11 [INFO] src.scoring.health_score: Health score for 湖南农业大学门户: 93.9
2026-08-02 11:47:11 [INFO] src.scoring.health_score: Health score for 湖南省人民政府: 92.7
2026-08-02 11:47:11 [INFO] src.scoring.health_score: Health score for 腾讯官网: 93.3
2026-08-02 11:47:12 [WARNING] src.rules.alert_manager: ALERT [warning] 湖南农业大学门户: TLS/HTTPS 安全评分偏低至 61.0 分（警告阈值 70）
2026-08-02 11:47:12 [WARNING] src.rules.alert_manager: ALERT [critical] 湖南省人民政府: TLS/HTTPS 安全评分严重劣化至 47.0 分（危险阈值 50）
2026-08-02 11:47:12 [WARNING] src.rules.alert_manager: ALERT [warning] 腾讯官网: TLS/HTTPS 安全评分偏低至 69.8 分（警告阈值 70）
2026-08-02 11:47:12 [INFO] src.collection.content_monitor: Content unchanged for 湖南农业大学门户
2026-08-02 11:47:25 [INFO] src.collection.content_monitor: Content unchanged for 湖南省人民政府
2026-08-02 11:47:27 [INFO] src.collection.content_monitor: Content unchanged for 字节跳动官网
2026-08-02 11:47:28 [INFO] src.collection.content_monitor: Content unchanged for 腾讯官网
2026-08-02 11:47:41 [WARNING] src.collection.subdomain_discovery: crt.sh returned 503 for domain hunau.edu.cn
2026-08-02 11:47:41 [INFO] src.collection.subdomain_discovery: 被动子域名发现 湖南农业大学门户 (hunau.edu.cn): 共 0 个子域名
2026-08-02 11:47:53 [INFO] src.collection.subdomain_discovery: 被动子域名发现 湖南省人民政府 (hunan.gov.cn): 共 90 个子域名
2026-08-02 11:47:54 [INFO] src.collection.subdomain_discovery: 目标 湖南省人民政府 新增被动发现资产 15 个：['12345.fgw.hunan.gov.cn', 'act.hunan.gov.cn', 'amr.hunan.gov.cn', 'api.hunan.gov.cn', 'api.zwfw.hunan.gov.cn', 'as.hunan.gov.cn', 'atrust.zrzyt.hunan.gov.cn', 'blockchain.data.hunan.gov.cn', 'cjcs.fgw.hunan.gov.cn', 'credit.fgw.hunan.gov.cn', 'credit.hunan.gov.cn', 'czt.hunan.gov.cn', 'data.hunan.gov.cn', 'ddzxc.hunan.gov.cn', 'ddzxcapp.hunan.gov.cn']
2026-08-02 11:47:54 [WARNING] src.rules.alert_manager: ALERT [warning] 湖南省人民政府: 发现 15 个新的对外暴露子域名
2026-08-02 11:48:09 [WARNING] src.collection.subdomain_discovery: crt.sh returned 503 for domain bytedance.com
2026-08-02 11:48:09 [INFO] src.collection.subdomain_discovery: 被动子域名发现 字节跳动官网 (bytedance.com): 共 0 个子域名
2026-08-02 11:48:30 [WARNING] src.collection.subdomain_discovery: crt.sh query timeout for domain tencent.com
2026-08-02 11:48:30 [INFO] src.collection.subdomain_discovery: 被动子域名发现 腾讯官网 (tencent.com): 共 0 个子域名
2026-08-02 11:48:30 [INFO] __main__: Collection cycle complete — 4 targets processed
2026-08-02 11:48:30 [INFO] __main__: Next collection in 60 minutes (interval=60 min)
2026-08-02 12:56:27 [INFO] src.storage.db: Database initialised at C:\internet_awareness\data\awareness.db
2026-08-02 12:56:27 [INFO] __main__: Starting standalone collector
2026-08-02 12:56:27 [INFO] src.storage.db: Database initialised at C:\internet_awareness\data\awareness.db
2026-08-02 12:56:27 [INFO] __main__: Starting standalone collector
2026-08-02 12:56:27 [INFO] src.collection.tls_probe: TLS probe 湖南农业大学门户: score=61.0 tls=TLSv1.3 cert_days=131 headers=0 redirect=True sct=False issues=7
2026-08-02 12:56:27 [INFO] src.collection.tls_probe: TLS probe 湖南农业大学门户: score=61.0 tls=TLSv1.3 cert_days=131 headers=0 redirect=True sct=False issues=7
2026-08-02 12:56:45 [ERROR] src.collection.threat_intel: OTX query error for 218.104.146.107: HTTPSConnectionPool(host='otx.alienvault.com', port=443): Read timed out. (read timeout=15)
2026-08-02 12:56:46 [ERROR] src.collection.threat_intel: OTX query error for 218.104.146.107: HTTPSConnectionPool(host='otx.alienvault.com', port=443): Read timed out. (read timeout=15)
2026-08-02 12:56:48 [WARNING] src.collection.http_probe: HTTP probe connection error: https://www.hunan.gov.cn
2026-08-02 12:56:48 [INFO] src.collection.tls_probe: TLS probe 湖南省人民政府: score=6.0 tls=None cert_days=None headers=0 redirect=False sct=False issues=6
2026-08-02 12:56:53 [WARNING] src.collection.http_probe: HTTP probe connection error: https://www.hunan.gov.cn
2026-08-02 12:56:53 [INFO] src.collection.tls_probe: TLS probe 湖南省人民政府: score=6.0 tls=None cert_days=None headers=0 redirect=False sct=False issues=6
2026-08-02 12:57:07 [ERROR] src.collection.threat_intel: OTX query error for 113.246.57.9: HTTPSConnectionPool(host='otx.alienvault.com', port=443): Read timed out. (read timeout=15)
2026-08-02 12:57:10 [INFO] src.collection.tls_probe: TLS probe 字节跳动官网: score=82.0 tls=TLSv1.3 cert_days=169 headers=60 redirect=True sct=False issues=4
2026-08-02 12:57:12 [ERROR] src.collection.threat_intel: OTX query error for 113.246.57.9: HTTPSConnectionPool(host='otx.alienvault.com', port=443): Read timed out. (read timeout=15)
2026-08-02 12:57:13 [INFO] src.collection.tls_probe: TLS probe 字节跳动官网: score=82.0 tls=TLSv1.3 cert_days=169 headers=60 redirect=True sct=False issues=4
2026-08-02 12:57:17 [INFO] src.collection.threat_intel: Threat score for 字节跳动官网 (42.48.120.66): 0.00 (pulses=0)
2026-08-02 12:57:17 [INFO] src.collection.tls_probe: TLS probe 腾讯官网: score=69.8 tls=TLSv1.3 cert_days=145 headers=25 redirect=True sct=False issues=6
2026-08-02 12:57:20 [INFO] src.collection.threat_intel: Threat score for 腾讯官网 (116.162.169.116): 0.00 (pulses=0)
2026-08-02 12:57:23 [INFO] src.scoring.health_score: Health score for 字节跳动官网: 97.1
2026-08-02 12:57:23 [INFO] src.scoring.health_score: Health score for 湖南农业大学门户: 90.5
2026-08-02 12:57:23 [INFO] src.scoring.health_score: Health score for 湖南省人民政府: 38.9
2026-08-02 12:57:23 [INFO] src.scoring.health_score: Health score for 腾讯官网: 94.7
2026-08-02 12:57:23 [WARNING] src.rules.alert_manager: ALERT [critical] 湖南省人民政府: 服务健康度评分下降至 38.9 分（阈值 60 分）
2026-08-02 12:57:23 [WARNING] src.rules.alert_manager: ALERT [warning] 湖南农业大学门户: TLS/HTTPS 安全评分偏低至 61.0 分（警告阈值 70）
2026-08-02 12:57:23 [WARNING] src.rules.alert_manager: ALERT [critical] 湖南省人民政府: TLS/HTTPS 安全评分严重劣化至 6.0 分（危险阈值 50）
2026-08-02 12:57:23 [WARNING] src.rules.alert_manager: ALERT [warning] 腾讯官网: TLS/HTTPS 安全评分偏低至 69.8 分（警告阈值 70）
2026-08-02 12:57:23 [INFO] src.collection.content_monitor: Content unchanged for 湖南农业大学门户
2026-08-02 12:57:26 [ERROR] src.collection.threat_intel: OTX query error for 42.48.120.66: HTTPSConnectionPool(host='otx.alienvault.com', port=443): Read timed out. (read timeout=15)
2026-08-02 12:57:26 [WARNING] src.collection.content_monitor: Content monitor fetch error for 湖南省人民政府: HTTPSConnectionPool(host='www.hunan.gov.cn', port=443): Max retries exceeded with url: / (Caused by SSLError(SSLError(1, '[SSL: BAD_ECPOINT] bad ecpoint (_ssl.c:1006)')))
2026-08-02 12:57:27 [INFO] src.collection.content_monitor: Content unchanged for 字节跳动官网
2026-08-02 12:57:27 [INFO] src.collection.tls_probe: TLS probe 腾讯官网: score=69.8 tls=TLSv1.3 cert_days=145 headers=25 redirect=True sct=False issues=6
2026-08-02 12:57:27 [INFO] src.collection.content_monitor: Content unchanged for 腾讯官网
2026-08-02 12:57:28 [INFO] src.collection.threat_intel: Threat score for 腾讯官网 (116.162.169.116): 0.00 (pulses=0)
2026-08-02 12:57:31 [INFO] src.scoring.health_score: Health score for 字节跳动官网: 94.6
2026-08-02 12:57:31 [INFO] src.scoring.health_score: Health score for 湖南农业大学门户: 90.5
2026-08-02 12:57:31 [INFO] src.scoring.health_score: Health score for 湖南省人民政府: 38.9
2026-08-02 12:57:31 [INFO] src.scoring.health_score: Health score for 腾讯官网: 95.1
2026-08-02 12:57:32 [INFO] src.collection.content_monitor: Content unchanged for 湖南农业大学门户
2026-08-02 12:57:32 [WARNING] src.collection.content_monitor: Content monitor fetch error for 湖南省人民政府: HTTPSConnectionPool(host='www.hunan.gov.cn', port=443): Max retries exceeded with url: / (Caused by SSLError(SSLError(1, '[SSL: BAD_ECPOINT] bad ecpoint (_ssl.c:1006)')))
2026-08-02 12:57:33 [INFO] src.collection.content_monitor: Content unchanged for 字节跳动官网
2026-08-02 12:57:33 [INFO] src.collection.content_monitor: Content unchanged for 腾讯官网
2026-08-02 12:57:47 [INFO] src.collection.subdomain_discovery: 被动子域名发现 湖南农业大学门户 (hunau.edu.cn): 共 15 个子域名
2026-08-02 12:57:56 [INFO] src.collection.subdomain_discovery: 被动子域名发现 湖南农业大学门户 (hunau.edu.cn): 共 15 个子域名
2026-08-02 12:57:59 [WARNING] src.collection.subdomain_discovery: crt.sh returned 503 for domain hunan.gov.cn
2026-08-02 12:57:59 [INFO] src.collection.subdomain_discovery: 被动子域名发现 湖南省人民政府 (hunan.gov.cn): 共 0 个子域名
2026-08-02 12:58:08 [WARNING] src.collection.subdomain_discovery: crt.sh query timeout for domain hunan.gov.cn
2026-08-02 12:58:08 [INFO] src.collection.subdomain_discovery: 被动子域名发现 湖南省人民政府 (hunan.gov.cn): 共 0 个子域名
2026-08-02 12:58:21 [WARNING] src.collection.subdomain_discovery: crt.sh query timeout for domain bytedance.com
2026-08-02 12:58:21 [INFO] src.collection.subdomain_discovery: 被动子域名发现 字节跳动官网 (bytedance.com): 共 0 个子域名
2026-08-02 12:58:30 [WARNING] src.collection.subdomain_discovery: crt.sh query timeout for domain bytedance.com
2026-08-02 12:58:30 [INFO] src.collection.subdomain_discovery: 被动子域名发现 字节跳动官网 (bytedance.com): 共 0 个子域名
2026-08-02 12:58:43 [WARNING] src.collection.subdomain_discovery: crt.sh query timeout for domain tencent.com
2026-08-02 12:58:43 [INFO] src.collection.subdomain_discovery: 被动子域名发现 腾讯官网 (tencent.com): 共 0 个子域名
2026-08-02 12:58:44 [WARNING] src.collection.subdomain_discovery: crt.sh returned 404 for domain tencent.com
2026-08-02 12:58:44 [INFO] src.collection.subdomain_discovery: 被动子域名发现 腾讯官网 (tencent.com): 共 0 个子域名
2026-08-02 12:58:47 [WARNING] src.prediction.prophet_model: NeuralProphet import failed ([WinError 1114] 动态链接库(DLL)初始化例程失败。 Error loading "C:\internet_awareness\.venv\Lib\site-packages\torch\lib\c10.dll" or one of its dependencies.), will use Holt-Winters
2026-08-02 12:58:49 [WARNING] src.prediction.prophet_model: NeuralProphet import failed ([WinError 1114] 动态链接库(DLL)初始化例程失败。 Error loading "C:\internet_awareness\.venv\Lib\site-packages\torch\lib\c10.dll" or one of its dependencies.), will use Holt-Winters
2026-08-02 12:58:49 [INFO] src.prediction.risk_forecast: Risk index for 湖南农业大学门户: 14.0 (低风险)
2026-08-02 12:58:51 [INFO] src.prediction.risk_forecast: Risk index for 湖南农业大学门户: 14.0 (低风险)
2026-08-02 12:58:55 [WARNING] src.prediction.prophet_model: NeuralProphet import failed ([WinError 1114] 动态链接库(DLL)初始化例程失败。 Error loading "C:\internet_awareness\.venv\Lib\site-packages\torch\lib\c10.dll" or one of its dependencies.), will use Holt-Winters
2026-08-02 12:58:55 [INFO] src.prediction.risk_forecast: Risk index for 湖南省人民政府: 20.0 (中风险)
2026-08-02 12:58:57 [WARNING] src.prediction.prophet_model: NeuralProphet import failed ([WinError 1114] 动态链接库(DLL)初始化例程失败。 Error loading "C:\internet_awareness\.venv\Lib\site-packages\torch\lib\c10.dll" or one of its dependencies.), will use Holt-Winters
2026-08-02 12:58:57 [INFO] src.prediction.risk_forecast: Risk index for 湖南省人民政府: 20.0 (中风险)
2026-08-02 12:59:02 [WARNING] src.prediction.prophet_model: NeuralProphet import failed ([WinError 1114] 动态链接库(DLL)初始化例程失败。 Error loading "C:\internet_awareness\.venv\Lib\site-packages\torch\lib\c10.dll" or one of its dependencies.), will use Holt-Winters
2026-08-02 12:59:04 [INFO] src.prediction.risk_forecast: Risk index for 字节跳动官网: 0.0 (低风险)
2026-08-02 12:59:05 [WARNING] src.prediction.prophet_model: NeuralProphet import failed ([WinError 1114] 动态链接库(DLL)初始化例程失败。 Error loading "C:\internet_awareness\.venv\Lib\site-packages\torch\lib\c10.dll" or one of its dependencies.), will use Holt-Winters
2026-08-02 12:59:06 [INFO] src.prediction.risk_forecast: Risk index for 字节跳动官网: 0.0 (低风险)
2026-08-02 12:59:11 [WARNING] src.prediction.prophet_model: NeuralProphet import failed ([WinError 1114] 动态链接库(DLL)初始化例程失败。 Error loading "C:\internet_awareness\.venv\Lib\site-packages\torch\lib\c10.dll" or one of its dependencies.), will use Holt-Winters
2026-08-02 12:59:12 [WARNING] src.prediction.prophet_model: NeuralProphet import failed ([WinError 1114] 动态链接库(DLL)初始化例程失败。 Error loading "C:\internet_awareness\.venv\Lib\site-packages\torch\lib\c10.dll" or one of its dependencies.), will use Holt-Winters
2026-08-02 12:59:13 [INFO] src.prediction.risk_forecast: Risk index for 腾讯官网: 7.0 (低风险)
2026-08-02 12:59:13 [INFO] __main__: Collection cycle complete — 4 targets processed
2026-08-02 12:59:14 [INFO] __main__: Next collection in 60 minutes (interval=60 min)
2026-08-02 12:59:16 [INFO] src.prediction.risk_forecast: Risk index for 腾讯官网: 7.0 (低风险)
2026-08-02 12:59:16 [INFO] __main__: Collection cycle complete — 4 targets processed
2026-08-02 12:59:16 [INFO] __main__: Next collection in 60 minutes (interval=60 min)
2026-08-02 15:17:24 [INFO] src.storage.db: Database initialised at C:\internet_awareness\data\awareness.db
2026-08-02 15:17:24 [INFO] __main__: Starting standalone collector
2026-08-02 15:17:24 [INFO] __main__: Starting standalone collector
2026-08-02 15:17:25 [INFO] src.collection.tls_probe: TLS probe 湖南农业大学门户: score=61.0 tls=TLSv1.3 cert_days=131 headers=0 redirect=True sct=False issues=7
2026-08-02 15:17:25 [INFO] src.collection.tls_probe: TLS probe 湖南农业大学门户: score=61.0 tls=TLSv1.3 cert_days=131 headers=0 redirect=True sct=False issues=7
2026-08-02 15:17:32 [INFO] src.collection.threat_intel: Threat score for 湖南农业大学门户 (218.104.146.107): 0.00 (pulses=0)
2026-08-02 15:17:32 [INFO] src.collection.threat_intel: Threat score for 湖南农业大学门户 (218.104.146.107): 0.00 (pulses=0)
2026-08-02 15:17:32 [INFO] src.collection.tls_probe: TLS probe 湖南省人民政府: score=47.0 tls=TLSv1.2 cert_days=197 headers=0 redirect=False sct=False issues=8
2026-08-02 15:17:32 [INFO] src.collection.tls_probe: TLS probe 湖南省人民政府: score=47.0 tls=TLSv1.2 cert_days=197 headers=0 redirect=False sct=False issues=8
2026-08-02 15:17:39 [INFO] src.collection.threat_intel: Threat score for 湖南省人民政府 (113.246.57.9): 0.00 (pulses=0)
2026-08-02 15:17:40 [INFO] src.collection.tls_probe: TLS probe 字节跳动官网: score=82.0 tls=TLSv1.3 cert_days=169 headers=60 redirect=True sct=False issues=4
2026-08-02 15:17:51 [ERROR] src.collection.threat_intel: OTX query error for 113.246.57.9: HTTPSConnectionPool(host='otx.alienvault.com', port=443): Read timed out. (read timeout=15)
2026-08-02 15:17:53 [INFO] src.collection.tls_probe: TLS probe 字节跳动官网: score=82.0 tls=TLSv1.3 cert_days=169 headers=60 redirect=True sct=False issues=4
2026-08-02 15:17:54 [INFO] src.collection.threat_intel: Threat score for 字节跳动官网 (42.48.120.66): 0.00 (pulses=0)
2026-08-02 15:17:54 [INFO] src.collection.threat_intel: Threat score for 字节跳动官网 (42.48.120.66): 0.00 (pulses=0)
2026-08-02 15:17:55 [INFO] src.collection.tls_probe: TLS probe 腾讯官网: score=69.8 tls=TLSv1.3 cert_days=144 headers=25 redirect=True sct=False issues=6
2026-08-02 15:17:55 [INFO] src.collection.tls_probe: TLS probe 腾讯官网: score=69.8 tls=TLSv1.3 cert_days=144 headers=25 redirect=True sct=False issues=6
2026-08-02 15:18:00 [INFO] src.collection.threat_intel: Threat score for 腾讯官网 (116.162.169.116): 0.00 (pulses=0)
2026-08-02 15:18:03 [INFO] src.scoring.health_score: Health score for 字节跳动官网: 97.1
2026-08-02 15:18:03 [INFO] src.scoring.health_score: Health score for 湖南农业大学门户: 95.0
2026-08-02 15:18:03 [INFO] src.scoring.health_score: Health score for 湖南省人民政府: 92.7
2026-08-02 15:18:03 [INFO] src.scoring.health_score: Health score for 腾讯官网: 94.5
2026-08-02 15:18:03 [WARNING] src.rules.alert_manager: ALERT [warning] 湖南农业大学门户: TLS/HTTPS 安全评分偏低至 61.0 分（警告阈值 70）
2026-08-02 15:18:03 [WARNING] src.rules.alert_manager: ALERT [critical] 湖南省人民政府: TLS/HTTPS 安全评分严重劣化至 47.0 分（危险阈值 50）
2026-08-02 15:18:03 [WARNING] src.rules.alert_manager: ALERT [warning] 腾讯官网: TLS/HTTPS 安全评分偏低至 69.8 分（警告阈值 70）
2026-08-02 15:18:04 [INFO] src.collection.content_monitor: Content unchanged for 湖南农业大学门户
2026-08-02 15:18:11 [ERROR] src.collection.threat_intel: OTX query error for 116.162.169.116: HTTPSConnectionPool(host='otx.alienvault.com', port=443): Read timed out. (read timeout=15)
2026-08-02 15:35:25 [WARNING] src.collection.content_monitor: Sub-page fetch error for 湖南农业大学门户 (https://www.hunau.edu.cn/yxndsss/dfnd/): ('Connection aborted.', RemoteDisconnected('Remote end closed connection without response'))
2026-08-02 15:35:25 [WARNING] src.collection.content_monitor: Sub-page fetch error for 湖南农业大学门户 (https://www.hunau.edu.cn/zjnd/): HTTPSConnectionPool(host='www.hunau.edu.cn', port=443): Max retries exceeded with url: /zjnd/ (Caused by NameResolutionError("HTTPSConnection(host='www.hunau.edu.cn', port=443): Failed to resolve 'www.hunau.edu.cn' ([Errno 11001] getaddrinfo failed)"))
2026-08-02 15:35:25 [WARNING] src.collection.content_monitor: Sub-page fetch error for 湖南农业大学门户 (https://www.hunau.edu.cn/zjnd/ndjj/): HTTPSConnectionPool(host='www.hunau.edu.cn', port=443): Max retries exceeded with url: /zjnd/ndjj/ (Caused by NameResolutionError("HTTPSConnection(host='www.hunau.edu.cn', port=443): Failed to resolve 'www.hunau.edu.cn' ([Errno 11001] getaddrinfo failed)"))
2026-08-02 15:35:25 [WARNING] src.collection.content_monitor: Content monitor fetch error for 湖南省人民政府: HTTPSConnectionPool(host='www.hunan.gov.cn', port=443): Max retries exceeded with url: / (Caused by NameResolutionError("HTTPSConnection(host='www.hunan.gov.cn', port=443): Failed to resolve 'www.hunan.gov.cn' ([Errno 11001] getaddrinfo failed)"))
2026-08-02 15:35:25 [WARNING] src.collection.content_monitor: Content monitor fetch error for 字节跳动官网: HTTPSConnectionPool(host='www.bytedance.com', port=443): Max retries exceeded with url: /zh/ (Caused by NameResolutionError("HTTPSConnection(host='www.bytedance.com', port=443): Failed to resolve 'www.bytedance.com' ([Errno 11001] getaddrinfo failed)"))
2026-08-02 15:35:25 [WARNING] src.collection.content_monitor: Content monitor fetch error for 腾讯官网: HTTPSConnectionPool(host='www.tencent.com', port=443): Max retries exceeded with url: /zh-cn/index.html (Caused by NameResolutionError("HTTPSConnection(host='www.tencent.com', port=443): Failed to resolve 'www.tencent.com' ([Errno 11001] getaddrinfo failed)"))
2026-08-02 15:35:25 [ERROR] src.collection.subdomain_discovery: crt.sh query error for hunau.edu.cn: HTTPSConnectionPool(host='crt.sh', port=443): Max retries exceeded with url: /?q=%25.hunau.edu.cn&output=json (Caused by NameResolutionError("HTTPSConnection(host='crt.sh', port=443): Failed to resolve 'crt.sh' ([Errno 11001] getaddrinfo failed)"))
2026-08-02 15:35:25 [INFO] src.collection.subdomain_discovery: 被动子域名发现 湖南农业大学门户 (hunau.edu.cn): 共 0 个子域名
2026-08-02 15:35:26 [ERROR] src.collection.subdomain_discovery: crt.sh query error for hunan.gov.cn: HTTPSConnectionPool(host='crt.sh', port=443): Max retries exceeded with url: /?q=%25.hunan.gov.cn&output=json (Caused by NameResolutionError("HTTPSConnection(host='crt.sh', port=443): Failed to resolve 'crt.sh' ([Errno 11001] getaddrinfo failed)"))
2026-08-02 15:35:26 [INFO] src.collection.subdomain_discovery: 被动子域名发现 湖南省人民政府 (hunan.gov.cn): 共 0 个子域名
2026-08-02 15:35:26 [ERROR] src.collection.subdomain_discovery: crt.sh query error for bytedance.com: HTTPSConnectionPool(host='crt.sh', port=443): Max retries exceeded with url: /?q=%25.bytedance.com&output=json (Caused by NameResolutionError("HTTPSConnection(host='crt.sh', port=443): Failed to resolve 'crt.sh' ([Errno 11001] getaddrinfo failed)"))
2026-08-02 15:35:26 [INFO] src.collection.subdomain_discovery: 被动子域名发现 字节跳动官网 (bytedance.com): 共 0 个子域名
2026-08-02 15:35:26 [ERROR] src.collection.subdomain_discovery: crt.sh query error for tencent.com: HTTPSConnectionPool(host='crt.sh', port=443): Max retries exceeded with url: /?q=%25.tencent.com&output=json (Caused by NameResolutionError("HTTPSConnection(host='crt.sh', port=443): Failed to resolve 'crt.sh' ([Errno 11001] getaddrinfo failed)"))
2026-08-02 15:35:26 [INFO] src.collection.subdomain_discovery: 被动子域名发现 腾讯官网 (tencent.com): 共 0 个子域名
2026-08-02 16:05:31 [WARNING] src.prediction.prophet_model: NeuralProphet import failed ([WinError 1114] 动态链接库(DLL)初始化例程失败。 Error loading "C:\internet_awareness\.venv\Lib\site-packages\torch\lib\c10.dll" or one of its dependencies.), will use Holt-Winters
2026-08-02 16:05:32 [INFO] src.scoring.health_score: Health score for 字节跳动官网: 97.0
2026-08-02 16:05:32 [INFO] src.scoring.health_score: Health score for 湖南农业大学门户: 95.0
2026-08-02 16:05:32 [INFO] src.scoring.health_score: Health score for 湖南省人民政府: 86.3
2026-08-02 16:05:32 [INFO] src.scoring.health_score: Health score for 腾讯官网: 91.0
2026-08-02 16:05:32 [WARNING] src.rules.alert_manager: ALERT [warning] 湖南农业大学门户: TLS/HTTPS 安全评分偏低至 61.0 分（警告阈值 70）
2026-08-02 16:05:32 [WARNING] src.rules.alert_manager: ALERT [critical] 湖南省人民政府: TLS/HTTPS 安全评分严重劣化至 47.0 分（危险阈值 50）
2026-08-02 16:05:32 [WARNING] src.rules.alert_manager: ALERT [warning] 腾讯官网: TLS/HTTPS 安全评分偏低至 69.8 分（警告阈值 70）
2026-08-02 16:05:32 [WARNING] src.collection.content_monitor: Content monitor fetch error for 湖南农业大学门户: HTTPSConnectionPool(host='www.hunau.edu.cn', port=443): Max retries exceeded with url: / (Caused by NameResolutionError("HTTPSConnection(host='www.hunau.edu.cn', port=443): Failed to resolve 'www.hunau.edu.cn' ([Errno 11001] getaddrinfo failed)"))
2026-08-02 16:05:32 [WARNING] src.collection.content_monitor: Content monitor fetch error for 湖南省人民政府: HTTPSConnectionPool(host='www.hunan.gov.cn', port=443): Max retries exceeded with url: / (Caused by NameResolutionError("HTTPSConnection(host='www.hunan.gov.cn', port=443): Failed to resolve 'www.hunan.gov.cn' ([Errno 11001] getaddrinfo failed)"))
2026-08-02 16:05:32 [WARNING] src.collection.content_monitor: Content monitor fetch error for 字节跳动官网: HTTPSConnectionPool(host='www.bytedance.com', port=443): Max retries exceeded with url: /zh/ (Caused by NameResolutionError("HTTPSConnection(host='www.bytedance.com', port=443): Failed to resolve 'www.bytedance.com' ([Errno 11001] getaddrinfo failed)"))
2026-08-02 16:05:32 [WARNING] src.collection.content_monitor: Content monitor fetch error for 腾讯官网: HTTPSConnectionPool(host='www.tencent.com', port=443): Max retries exceeded with url: /zh-cn/index.html (Caused by NameResolutionError("HTTPSConnection(host='www.tencent.com', port=443): Failed to resolve 'www.tencent.com' ([Errno 11001] getaddrinfo failed)"))
2026-08-02 16:05:32 [ERROR] src.collection.subdomain_discovery: crt.sh query error for hunau.edu.cn: HTTPSConnectionPool(host='crt.sh', port=443): Max retries exceeded with url: /?q=%25.hunau.edu.cn&output=json (Caused by NameResolutionError("HTTPSConnection(host='crt.sh', port=443): Failed to resolve 'crt.sh' ([Errno 11001] getaddrinfo failed)"))
2026-08-02 16:05:32 [INFO] src.collection.subdomain_discovery: 被动子域名发现 湖南农业大学门户 (hunau.edu.cn): 共 0 个子域名
2026-08-02 16:05:32 [ERROR] src.collection.subdomain_discovery: crt.sh query error for hunan.gov.cn: HTTPSConnectionPool(host='crt.sh', port=443): Max retries exceeded with url: /?q=%25.hunan.gov.cn&output=json (Caused by NameResolutionError("HTTPSConnection(host='crt.sh', port=443): Failed to resolve 'crt.sh' ([Errno 11001] getaddrinfo failed)"))
2026-08-02 16:05:32 [INFO] src.collection.subdomain_discovery: 被动子域名发现 湖南省人民政府 (hunan.gov.cn): 共 0 个子域名
2026-08-02 16:05:33 [ERROR] src.collection.subdomain_discovery: crt.sh query error for bytedance.com: HTTPSConnectionPool(host='crt.sh', port=443): Max retries exceeded with url: /?q=%25.bytedance.com&output=json (Caused by NameResolutionError("HTTPSConnection(host='crt.sh', port=443): Failed to resolve 'crt.sh' ([Errno 11001] getaddrinfo failed)"))
2026-08-02 16:05:33 [INFO] src.collection.subdomain_discovery: 被动子域名发现 字节跳动官网 (bytedance.com): 共 0 个子域名
2026-08-02 16:05:33 [ERROR] src.collection.subdomain_discovery: crt.sh query error for tencent.com: HTTPSConnectionPool(host='crt.sh', port=443): Max retries exceeded with url: /?q=%25.tencent.com&output=json (Caused by NameResolutionError("HTTPSConnection(host='crt.sh', port=443): Failed to resolve 'crt.sh' ([Errno 11001] getaddrinfo failed)"))
2026-08-02 16:05:33 [INFO] src.collection.subdomain_discovery: 被动子域名发现 腾讯官网 (tencent.com): 共 0 个子域名
2026-08-02 16:05:35 [WARNING] src.prediction.prophet_model: NeuralProphet import failed ([WinError 1114] 动态链接库(DLL)初始化例程失败。 Error loading "C:\internet_awareness\.venv\Lib\site-packages\torch\lib\c10.dll" or one of its dependencies.), will use Holt-Winters
2026-08-02 16:06:38 [INFO] src.prediction.risk_forecast: Risk index for 湖南农业大学门户: 14.0 (低风险)
2026-08-02 16:06:39 [INFO] src.prediction.risk_forecast: Risk index for 湖南农业大学门户: 14.0 (低风险)
2026-08-02 16:06:46 [WARNING] src.prediction.prophet_model: NeuralProphet import failed ([WinError 1114] 动态链接库(DLL)初始化例程失败。 Error loading "C:\internet_awareness\.venv\Lib\site-packages\torch\lib\c10.dll" or one of its dependencies.), will use Holt-Winters
2026-08-02 16:06:46 [WARNING] src.prediction.prophet_model: NeuralProphet import failed ([WinError 1114] 动态链接库(DLL)初始化例程失败。 Error loading "C:\internet_awareness\.venv\Lib\site-packages\torch\lib\c10.dll" or one of its dependencies.), will use Holt-Winters
2026-08-02 16:06:47 [INFO] src.prediction.risk_forecast: Risk index for 湖南省人民政府: 20.0 (中风险)
2026-08-02 16:06:47 [INFO] src.prediction.risk_forecast: Risk index for 湖南省人民政府: 20.0 (中风险)
2026-08-02 16:07:05 [WARNING] src.prediction.prophet_model: NeuralProphet import failed ([WinError 1114] 动态链接库(DLL)初始化例程失败。 Error loading "C:\internet_awareness\.venv\Lib\site-packages\torch\lib\c10.dll" or one of its dependencies.), will use Holt-Winters
2026-08-02 16:07:05 [INFO] src.prediction.risk_forecast: Risk index for 字节跳动官网: 0.0 (低风险)
2026-08-02 16:07:06 [WARNING] src.prediction.prophet_model: NeuralProphet import failed ([WinError 1114] 动态链接库(DLL)初始化例程失败。 Error loading "C:\internet_awareness\.venv\Lib\site-packages\torch\lib\c10.dll" or one of its dependencies.), will use Holt-Winters
2026-08-02 16:07:06 [INFO] src.prediction.risk_forecast: Risk index for 字节跳动官网: 0.0 (低风险)
2026-08-02 16:07:12 [WARNING] src.prediction.prophet_model: NeuralProphet import failed ([WinError 1114] 动态链接库(DLL)初始化例程失败。 Error loading "C:\internet_awareness\.venv\Lib\site-packages\torch\lib\c10.dll" or one of its dependencies.), will use Holt-Winters
2026-08-02 16:07:12 [INFO] src.prediction.risk_forecast: Risk index for 腾讯官网: 7.0 (低风险)
2026-08-02 16:07:12 [INFO] __main__: Collection cycle complete — 4 targets processed
2026-08-02 16:07:12 [INFO] __main__: Next collection in 60 minutes (interval=60 min)
2026-08-02 16:07:13 [WARNING] src.prediction.prophet_model: NeuralProphet import failed ([WinError 1114] 动态链接库(DLL)初始化例程失败。 Error loading "C:\internet_awareness\.venv\Lib\site-packages\torch\lib\c10.dll" or one of its dependencies.), will use Holt-Winters
2026-08-02 16:07:14 [INFO] src.prediction.risk_forecast: Risk index for 腾讯官网: 7.0 (低风险)
2026-08-02 16:07:14 [INFO] __main__: Collection cycle complete — 4 targets processed
2026-08-02 16:07:14 [INFO] __main__: Next collection in 60 minutes (interval=60 min)
2026-08-02 18:10:55 [INFO] src.storage.db: Database initialised at C:\internet_awareness\data\awareness.db
2026-08-02 18:10:55 [INFO] __main__: Starting standalone collector
2026-08-02 18:10:55 [INFO] src.storage.db: Database initialised at C:\internet_awareness\data\awareness.db
2026-08-02 18:10:55 [INFO] __main__: Starting standalone collector
2026-08-02 18:10:55 [INFO] src.collection.tls_probe: TLS probe 湖南农业大学门户: score=61.0 tls=TLSv1.3 cert_days=131 headers=0 redirect=True sct=False issues=7
2026-08-02 18:10:56 [INFO] src.collection.tls_probe: TLS probe 湖南农业大学门户: score=61.0 tls=TLSv1.3 cert_days=131 headers=0 redirect=True sct=False issues=7
2026-08-02 18:11:02 [INFO] src.collection.threat_intel: Threat score for 湖南农业大学门户 (218.104.146.107): 0.00 (pulses=0)
2026-08-02 18:11:02 [WARNING] src.collection.http_probe: HTTP probe connection error: https://www.hunan.gov.cn
2026-08-02 18:11:02 [INFO] src.collection.threat_intel: Threat score for 湖南农业大学门户 (218.104.146.107): 0.00 (pulses=0)
2026-08-02 18:11:03 [WARNING] src.collection.http_probe: HTTP probe connection error: https://www.hunan.gov.cn
2026-08-02 18:11:03 [INFO] src.collection.tls_probe: TLS probe 湖南省人民政府: score=6.0 tls=None cert_days=None headers=0 redirect=False sct=False issues=6
2026-08-02 18:11:03 [INFO] src.collection.tls_probe: TLS probe 湖南省人民政府: score=6.0 tls=None cert_days=None headers=0 redirect=False sct=False issues=6
2026-08-02 18:11:09 [INFO] src.collection.threat_intel: Threat score for 湖南省人民政府 (113.246.57.9): 0.00 (pulses=0)
2026-08-02 18:11:10 [INFO] src.collection.threat_intel: Threat score for 湖南省人民政府 (113.246.57.9): 0.00 (pulses=0)
2026-08-02 18:11:11 [INFO] src.collection.tls_probe: TLS probe 字节跳动官网: score=82.0 tls=TLSv1.3 cert_days=169 headers=60 redirect=True sct=False issues=4
2026-08-02 18:11:14 [INFO] src.collection.threat_intel: Threat score for 字节跳动官网 (42.48.120.66): 0.00 (pulses=0)
2026-08-02 18:11:17 [INFO] src.collection.threat_intel: Threat score for 字节跳动官网 (42.48.120.66): 0.00 (pulses=0)
2026-08-02 18:11:18 [INFO] src.collection.tls_probe: TLS probe 腾讯官网: score=69.8 tls=TLSv1.3 cert_days=144 headers=25 redirect=True sct=False issues=6
2026-08-02 18:11:21 [INFO] src.collection.threat_intel: Threat score for 腾讯官网 (116.162.169.116): 0.00 (pulses=0)
2026-08-02 18:11:24 [WARNING] src.collection.http_probe: HTTP probe timeout: https://www.tencent.com/zh-cn/index.html
2026-08-02 18:11:26 [INFO] src.collection.tls_probe: TLS probe 腾讯官网: score=69.8 tls=TLSv1.3 cert_days=144 headers=25 redirect=True sct=False issues=6
2026-08-02 18:11:27 [INFO] src.collection.threat_intel: Threat score for 腾讯官网 (116.162.169.116): 0.00 (pulses=0)
2026-08-02 18:11:28 [INFO] src.scoring.health_score: Health score for 字节跳动官网: 96.8
2026-08-02 18:11:28 [INFO] src.scoring.health_score: Health score for 湖南农业大学门户: 95.0
2026-08-02 18:11:28 [INFO] src.scoring.health_score: Health score for 湖南省人民政府: 50.1
2026-08-02 18:11:28 [INFO] src.scoring.health_score: Health score for 腾讯官网: 95.0
2026-08-02 18:11:28 [WARNING] src.rules.alert_manager: ALERT [warning] 湖南省人民政府: 服务健康度评分下降至 50.1 分（阈值 60 分）
2026-08-02 18:11:28 [WARNING] src.rules.alert_manager: ALERT [warning] 湖南农业大学门户: TLS/HTTPS 安全评分偏低至 61.0 分（警告阈值 70）
2026-08-02 18:11:28 [WARNING] src.rules.alert_manager: ALERT [critical] 湖南省人民政府: TLS/HTTPS 安全评分严重劣化至 6.0 分（危险阈值 50）
2026-08-02 18:11:29 [WARNING] src.rules.alert_manager: ALERT [warning] 腾讯官网: TLS/HTTPS 安全评分偏低至 69.8 分（警告阈值 70）
2026-08-02 18:11:29 [INFO] src.collection.content_monitor: Content unchanged for 湖南农业大学门户
2026-08-02 18:11:34 [WARNING] src.collection.content_monitor: Content monitor fetch error for 湖南省人民政府: HTTPSConnectionPool(host='www.hunan.gov.cn', port=443): Max retries exceeded with url: / (Caused by SSLError(SSLError(1, '[SSL: BAD_ECPOINT] bad ecpoint (_ssl.c:1006)')))
2026-08-02 18:11:35 [INFO] src.collection.content_monitor: Content unchanged for 字节跳动官网
2026-08-02 18:11:35 [INFO] src.collection.content_monitor: Content unchanged for 腾讯官网
2026-08-02 18:11:35 [INFO] src.scoring.health_score: Health score for 字节跳动官网: 97.1
2026-08-02 18:11:35 [INFO] src.scoring.health_score: Health score for 湖南农业大学门户: 95.2
2026-08-02 18:11:35 [INFO] src.scoring.health_score: Health score for 湖南省人民政府: 50.2
2026-08-02 18:11:35 [INFO] src.scoring.health_score: Health score for 腾讯官网: 32.9
2026-08-02 18:11:36 [WARNING] src.rules.alert_manager: ALERT [critical] 腾讯官网: 服务健康度评分下降至 32.9 分（阈值 60 分）
2026-08-02 18:11:36 [INFO] src.collection.content_monitor: Content unchanged for 湖南农业大学门户
2026-08-02 18:11:37 [WARNING] src.collection.content_monitor: Content monitor fetch error for 湖南省人民政府: HTTPSConnectionPool(host='www.hunan.gov.cn', port=443): Max retries exceeded with url: / (Caused by SSLError(SSLError(1, '[SSL: BAD_ECPOINT] bad ecpoint (_ssl.c:1006)')))
2026-08-02 18:11:37 [INFO] src.collection.content_monitor: Content unchanged for 字节跳动官网
2026-08-02 18:11:38 [INFO] src.collection.content_monitor: Content unchanged for 腾讯官网
2026-08-02 18:11:50 [INFO] src.collection.subdomain_discovery: 被动子域名发现 湖南农业大学门户 (hunau.edu.cn): 共 15 个子域名
2026-08-02 18:12:01 [WARNING] src.collection.subdomain_discovery: crt.sh query timeout for domain hunau.edu.cn
2026-08-02 18:12:01 [INFO] src.collection.subdomain_discovery: 被动子域名发现 湖南农业大学门户 (hunau.edu.cn): 共 0 个子域名
2026-08-02 18:12:12 [WARNING] src.collection.subdomain_discovery: crt.sh query timeout for domain hunan.gov.cn
2026-08-02 18:12:12 [INFO] src.collection.subdomain_discovery: 被动子域名发现 湖南省人民政府 (hunan.gov.cn): 共 0 个子域名
2026-08-02 18:12:26 [INFO] src.collection.subdomain_discovery: 被动子域名发现 湖南省人民政府 (hunan.gov.cn): 共 90 个子域名
2026-08-02 18:12:27 [INFO] src.collection.subdomain_discovery: 目标 湖南省人民政府 新增被动发现资产 15 个：['ddzxctp.hunan.gov.cn', 'deya.jgswj.hunan.gov.cn', 'dzfy.hunan.gov.cn', 'fqgk.sthjt.hunan.gov.cn', 'fwzx.hunan.gov.cn', 'fxjkyj.dfjrjgj.hunan.gov.cn', 'ggfw.rst.hunan.gov.cn', 'ggfw2.rst.hunan.gov.cn', 'ggzy.hunan.gov.cn', 'glpt.jgswj.hunan.gov.cn', 'gxpt.zrzyt.hunan.gov.cn', 'hlwjjd.hunan.gov.cn', 'hncc-jdjg.hunan.gov.cn', 'hnkjy.kjt.hunan.gov.cn', 'hntzxm.fgw.hunan.gov.cn']
2026-08-02 18:12:27 [WARNING] src.rules.alert_manager: ALERT [warning] 湖南省人民政府: 发现 15 个新的对外暴露子域名
2026-08-02 18:12:29 [WARNING] src.collection.subdomain_discovery: crt.sh returned 404 for domain bytedance.com
2026-08-02 18:12:29 [INFO] src.collection.subdomain_discovery: 被动子域名发现 字节跳动官网 (bytedance.com): 共 0 个子域名
2026-08-02 18:12:34 [WARNING] src.collection.subdomain_discovery: crt.sh query timeout for domain bytedance.com
2026-08-02 18:12:34 [INFO] src.collection.subdomain_discovery: 被动子域名发现 字节跳动官网 (bytedance.com): 共 0 个子域名
2026-08-02 18:12:50 [WARNING] src.collection.subdomain_discovery: crt.sh query timeout for domain tencent.com
2026-08-02 18:12:50 [INFO] src.collection.subdomain_discovery: 被动子域名发现 腾讯官网 (tencent.com): 共 0 个子域名
2026-08-02 18:12:54 [WARNING] src.prediction.prophet_model: NeuralProphet import failed ([WinError 1114] 动态链接库(DLL)初始化例程失败。 Error loading "C:\internet_awareness\.venv\Lib\site-packages\torch\lib\c10.dll" or one of its dependencies.), will use Holt-Winters
2026-08-02 18:12:55 [WARNING] src.collection.subdomain_discovery: crt.sh query timeout for domain tencent.com
2026-08-02 18:12:55 [INFO] src.collection.subdomain_discovery: 被动子域名发现 腾讯官网 (tencent.com): 共 0 个子域名
2026-08-02 18:12:56 [INFO] src.prediction.risk_forecast: Risk index for 湖南农业大学门户: 14.0 (低风险)
2026-08-02 18:12:59 [WARNING] src.prediction.prophet_model: NeuralProphet import failed ([WinError 1114] 动态链接库(DLL)初始化例程失败。 Error loading "C:\internet_awareness\.venv\Lib\site-packages\torch\lib\c10.dll" or one of its dependencies.), will use Holt-Winters
2026-08-02 18:13:01 [INFO] src.prediction.risk_forecast: Risk index for 湖南农业大学门户: 14.0 (低风险)
2026-08-02 18:13:02 [WARNING] src.prediction.prophet_model: NeuralProphet import failed ([WinError 1114] 动态链接库(DLL)初始化例程失败。 Error loading "C:\internet_awareness\.venv\Lib\site-packages\torch\lib\c10.dll" or one of its dependencies.), will use Holt-Winters
2026-08-02 18:13:02 [INFO] src.prediction.risk_forecast: Risk index for 湖南省人民政府: 20.0 (中风险)
2026-08-02 18:13:08 [WARNING] src.prediction.prophet_model: NeuralProphet import failed ([WinError 1114] 动态链接库(DLL)初始化例程失败。 Error loading "C:\internet_awareness\.venv\Lib\site-packages\torch\lib\c10.dll" or one of its dependencies.), will use Holt-Winters
2026-08-02 18:13:08 [WARNING] src.prediction.prophet_model: NeuralProphet import failed ([WinError 1114] 动态链接库(DLL)初始化例程失败。 Error loading "C:\internet_awareness\.venv\Lib\site-packages\torch\lib\c10.dll" or one of its dependencies.), will use Holt-Winters
2026-08-02 18:13:08 [INFO] src.prediction.risk_forecast: Risk index for 字节跳动官网: 0.0 (低风险)
2026-08-02 18:13:08 [INFO] src.prediction.risk_forecast: Risk index for 湖南省人民政府: 20.0 (中风险)
2026-08-02 18:13:14 [WARNING] src.prediction.prophet_model: NeuralProphet import failed ([WinError 1114] 动态链接库(DLL)初始化例程失败。 Error loading "C:\internet_awareness\.venv\Lib\site-packages\torch\lib\c10.dll" or one of its dependencies.), will use Holt-Winters
2026-08-02 18:13:14 [WARNING] src.prediction.prophet_model: NeuralProphet import failed ([WinError 1114] 动态链接库(DLL)初始化例程失败。 Error loading "C:\internet_awareness\.venv\Lib\site-packages\torch\lib\c10.dll" or one of its dependencies.), will use Holt-Winters
2026-08-02 18:13:15 [INFO] src.prediction.risk_forecast: Risk index for 字节跳动官网: 0.0 (低风险)
2026-08-02 18:13:15 [INFO] src.prediction.risk_forecast: Risk index for 腾讯官网: 7.0 (低风险)
2026-08-02 18:13:15 [INFO] __main__: Collection cycle complete — 4 targets processed
2026-08-02 18:13:15 [INFO] __main__: Next collection in 60 minutes (interval=60 min)
2026-08-02 18:13:20 [WARNING] src.prediction.prophet_model: NeuralProphet import failed ([WinError 1114] 动态链接库(DLL)初始化例程失败。 Error loading "C:\internet_awareness\.venv\Lib\site-packages\torch\lib\c10.dll" or one of its dependencies.), will use Holt-Winters
2026-08-02 18:13:20 [INFO] src.prediction.risk_forecast: Risk index for 腾讯官网: 7.0 (低风险)
2026-08-02 18:13:20 [INFO] __main__: Collection cycle complete — 4 targets processed
2026-08-02 18:13:20 [INFO] __main__: Next collection in 60 minutes (interval=60 min)
2026-08-08 13:40:13 [INFO] src.storage.db: Database initialised at C:\internet_awareness\data\awareness.db
2026-08-08 13:40:13 [INFO] __main__: Starting standalone collector
2026-08-08 13:40:14 [INFO] src.collection.tls_probe: TLS probe 湖南农业大学门户: score=61.0 tls=TLSv1.3 cert_days=125 headers=0 redirect=True sct=False issues=7
2026-08-08 13:40:27 [INFO] src.collection.threat_intel: Threat score for 湖南农业大学门户 (218.104.146.107): 0.00 (pulses=0)
2026-08-08 13:40:27 [WARNING] src.collection.http_probe: HTTP probe connection error: https://www.hunan.gov.cn
2026-08-08 13:40:28 [INFO] src.collection.tls_probe: TLS probe 湖南省人民政府: score=6.0 tls=None cert_days=None headers=0 redirect=False sct=False issues=6
2026-08-08 13:40:34 [INFO] src.collection.threat_intel: Threat score for 湖南省人民政府 (113.246.57.9): 0.00 (pulses=0)
2026-08-08 13:40:35 [INFO] src.collection.tls_probe: TLS probe 字节跳动官网: score=82.0 tls=TLSv1.3 cert_days=163 headers=60 redirect=True sct=False issues=4
2026-08-08 13:40:38 [INFO] src.collection.threat_intel: Threat score for 字节跳动官网 (42.48.120.66): 0.00 (pulses=0)
2026-08-08 13:40:38 [INFO] src.collection.tls_probe: TLS probe 腾讯官网: score=69.8 tls=TLSv1.3 cert_days=139 headers=25 redirect=True sct=False issues=6
2026-08-08 13:40:42 [INFO] src.collection.threat_intel: Threat score for 腾讯官网 (116.162.169.116): 0.00 (pulses=0)
2026-08-08 13:40:42 [INFO] src.collection.tls_probe: TLS probe www.baidu.com: score=55.8 tls=TLSv1.2 cert_days=168 headers=25 redirect=False sct=False issues=7
2026-08-08 13:40:43 [WARNING] src.collection.icmp_probe: No IP configured for target www.baidu.com
2026-08-08 13:40:43 [WARNING] src.collection.threat_intel: No IP for target www.baidu.com; skipping threat intel
2026-08-08 13:40:53 [INFO] src.scoring.health_score: Health score for www.baidu.com: 86.7
2026-08-08 13:40:53 [INFO] src.scoring.health_score: Health score for 字节跳动官网: 97.1
2026-08-08 13:40:53 [INFO] src.scoring.health_score: Health score for 湖南农业大学门户: 95.2
2026-08-08 13:40:53 [INFO] src.scoring.health_score: Health score for 湖南省人民政府: 50.4
2026-08-08 13:40:53 [INFO] src.scoring.health_score: Health score for 腾讯官网: 94.8
2026-08-08 13:40:55 [WARNING] src.rules.alert_manager: ALERT [warning] 湖南省人民政府: 服务健康度评分下降至 50.4 分（阈值 60 分）
2026-08-08 13:40:56 [WARNING] src.rules.alert_manager: ALERT [warning] www.baidu.com: TLS/HTTPS 安全评分偏低至 55.8 分（警告阈值 70）
2026-08-08 13:40:57 [WARNING] src.rules.alert_manager: ALERT [warning] 湖南农业大学门户: TLS/HTTPS 安全评分偏低至 61.0 分（警告阈值 70）
2026-08-08 13:40:57 [WARNING] src.rules.alert_manager: ALERT [critical] 湖南省人民政府: TLS/HTTPS 安全评分严重劣化至 6.0 分（危险阈值 50）
2026-08-08 13:40:57 [WARNING] src.rules.alert_manager: ALERT [warning] 腾讯官网: TLS/HTTPS 安全评分偏低至 69.8 分（警告阈值 70）
2026-08-08 13:40:58 [INFO] src.collection.content_monitor: Content unchanged for 湖南农业大学门户
2026-08-08 13:41:02 [WARNING] src.collection.content_monitor: Content monitor fetch error for 湖南省人民政府: HTTPSConnectionPool(host='www.hunan.gov.cn', port=443): Max retries exceeded with url: / (Caused by SSLError(SSLError(1, '[SSL: BAD_ECPOINT] bad ecpoint (_ssl.c:1006)')))
2026-08-08 13:41:02 [INFO] src.collection.content_monitor: Content unchanged for 字节跳动官网
2026-08-08 13:41:03 [INFO] src.collection.content_monitor: Content unchanged for 腾讯官网
2026-08-08 13:41:09 [INFO] src.collection.content_monitor: Content baseline established for www.baidu.com (hash=e3b0c44298fc)
2026-08-08 13:41:10 [WARNING] src.collection.subdomain_discovery: crt.sh returned 502 for domain hunau.edu.cn
2026-08-08 13:41:10 [INFO] src.collection.subdomain_discovery: 被动子域名发现 湖南农业大学门户 (hunau.edu.cn): 共 0 个子域名
2026-08-08 13:41:13 [WARNING] src.collection.subdomain_discovery: crt.sh returned 502 for domain hunan.gov.cn
2026-08-08 13:41:13 [INFO] src.collection.subdomain_discovery: 被动子域名发现 湖南省人民政府 (hunan.gov.cn): 共 0 个子域名
2026-08-08 13:41:52 [INFO] src.collection.subdomain_discovery: 被动子域名发现 字节跳动官网 (bytedance.com): 共 89 个子域名
2026-08-08 13:41:55 [INFO] src.collection.subdomain_discovery: 目标 字节跳动官网 新增被动发现资产 15 个：['10th-anniversary.bytedance.com', '11th-anniversary.bytedance.com', '2023openday.bytedance.com', '2023openhouse.bytedance.com', '971bcbdc.auto-test.api-subdomain.cdn-test.bytedance.com', 'admin.motor-boe.bytedance.com', 'admin.ocic.bytedance.com', 'aedev.fsapp.bytedance.com', 'aiotvideo.bytedance.com', 'arcosite.bytedance.com', 'asset.bytedance.com', 'auroracode.bytedance.com', 'bitshare.bytedance.com', 'bowland.bytedance.com', 'bytedance.com']
2026-08-08 13:41:55 [WARNING] src.rules.alert_manager: ALERT [warning] 字节跳动官网: 发现 15 个新的对外暴露子域名
2026-08-08 13:42:16 [WARNING] src.collection.subdomain_discovery: crt.sh query timeout for domain tencent.com
2026-08-08 13:42:16 [INFO] src.collection.subdomain_discovery: 被动子域名发现 腾讯官网 (tencent.com): 共 0 个子域名
2026-08-08 13:42:29 [WARNING] src.collection.subdomain_discovery: crt.sh returned 404 for domain baidu.com
2026-08-08 13:42:29 [INFO] src.collection.subdomain_discovery: 被动子域名发现 www.baidu.com (baidu.com): 共 0 个子域名
2026-08-08 13:42:34 [WARNING] src.prediction.prophet_model: NeuralProphet import failed ([WinError 1114] 动态链接库(DLL)初始化例程失败。 Error loading "C:\internet_awareness\.venv\Lib\site-packages\torch\lib\c10.dll" or one of its dependencies.), will use Holt-Winters
2026-08-08 13:42:37 [INFO] src.prediction.risk_forecast: Risk index for 湖南农业大学门户: 7.0 (低风险)
2026-08-08 13:42:43 [WARNING] src.prediction.prophet_model: NeuralProphet import failed ([WinError 1114] 动态链接库(DLL)初始化例程失败。 Error loading "C:\internet_awareness\.venv\Lib\site-packages\torch\lib\c10.dll" or one of its dependencies.), will use Holt-Winters
2026-08-08 13:42:44 [INFO] src.prediction.risk_forecast: Risk index for 湖南省人民政府: 14.7 (低风险)
2026-08-08 13:42:49 [WARNING] src.prediction.prophet_model: NeuralProphet import failed ([WinError 1114] 动态链接库(DLL)初始化例程失败。 Error loading "C:\internet_awareness\.venv\Lib\site-packages\torch\lib\c10.dll" or one of its dependencies.), will use Holt-Winters
2026-08-08 13:42:49 [INFO] src.prediction.risk_forecast: Risk index for 字节跳动官网: 0.0 (低风险)
2026-08-08 13:42:55 [WARNING] src.prediction.prophet_model: NeuralProphet import failed ([WinError 1114] 动态链接库(DLL)初始化例程失败。 Error loading "C:\internet_awareness\.venv\Lib\site-packages\torch\lib\c10.dll" or one of its dependencies.), will use Holt-Winters
2026-08-08 13:42:55 [INFO] src.prediction.risk_forecast: Risk index for 腾讯官网: 14.0 (低风险)
2026-08-08 13:42:55 [INFO] src.prediction.risk_forecast: Risk index for www.baidu.com: 0.0 (低风险)
2026-08-08 13:42:55 [INFO] __main__: Collection cycle complete — 5 targets processed
2026-08-08 13:42:55 [INFO] __main__: Next collection in 60 minutes (interval=60 min)
2026-08-08 14:42:57 [INFO] src.collection.tls_probe: TLS probe 湖南农业大学门户: score=61.0 tls=TLSv1.3 cert_days=125 headers=0 redirect=True sct=False issues=7
2026-08-08 14:43:01 [ERROR] src.collection.threat_intel: OTX query error for 218.104.146.107: ('Connection aborted.', ConnectionResetError(10054, '远程主机强迫关闭了一个现有的连接。', None, 10054, None))
2026-08-08 14:43:05 [INFO] src.collection.tls_probe: TLS probe 湖南省人民政府: score=47.0 tls=TLSv1.2 cert_days=191 headers=0 redirect=False sct=False issues=8
2026-08-08 14:43:12 [INFO] src.collection.threat_intel: Threat score for 湖南省人民政府 (113.246.57.9): 0.00 (pulses=0)
2026-08-08 14:43:14 [INFO] src.collection.tls_probe: TLS probe 字节跳动官网: score=82.0 tls=TLSv1.3 cert_days=163 headers=60 redirect=True sct=False issues=4
2026-08-08 14:43:17 [INFO] src.collection.threat_intel: Threat score for 字节跳动官网 (42.48.120.66): 0.00 (pulses=0)
2026-08-08 14:43:19 [INFO] src.collection.tls_probe: TLS probe 腾讯官网: score=69.8 tls=TLSv1.3 cert_days=138 headers=25 redirect=True sct=False issues=6
2026-08-08 14:43:23 [INFO] src.collection.threat_intel: Threat score for 腾讯官网 (116.162.169.116): 0.00 (pulses=0)
2026-08-08 14:43:23 [INFO] src.collection.tls_probe: TLS probe www.baidu.com: score=55.8 tls=TLSv1.2 cert_days=168 headers=25 redirect=False sct=False issues=7
2026-08-08 14:43:23 [WARNING] src.collection.icmp_probe: No IP configured for target www.baidu.com
2026-08-08 14:43:23 [WARNING] src.collection.threat_intel: No IP for target www.baidu.com; skipping threat intel
2026-08-08 14:43:29 [INFO] src.scoring.health_score: Health score for www.baidu.com: 86.4
2026-08-08 14:43:29 [INFO] src.scoring.health_score: Health score for 字节跳动官网: 97.0
2026-08-08 14:43:29 [INFO] src.scoring.health_score: Health score for 湖南农业大学门户: 90.4
2026-08-08 14:43:29 [INFO] src.scoring.health_score: Health score for 湖南省人民政府: 92.7
2026-08-08 14:43:29 [INFO] src.scoring.health_score: Health score for 腾讯官网: 93.3
2026-08-08 14:43:30 [WARNING] src.rules.alert_manager: ALERT [warning] www.baidu.com: TLS/HTTPS 安全评分偏低至 55.8 分（警告阈值 70）
2026-08-08 14:43:30 [WARNING] src.rules.alert_manager: ALERT [warning] 湖南农业大学门户: TLS/HTTPS 安全评分偏低至 61.0 分（警告阈值 70）
2026-08-08 14:43:30 [WARNING] src.rules.alert_manager: ALERT [critical] 湖南省人民政府: TLS/HTTPS 安全评分严重劣化至 47.0 分（危险阈值 50）
2026-08-08 14:43:30 [WARNING] src.rules.alert_manager: ALERT [warning] 腾讯官网: TLS/HTTPS 安全评分偏低至 69.8 分（警告阈值 70）
2026-08-08 14:43:31 [INFO] src.collection.content_monitor: Content unchanged for 湖南农业大学门户
2026-08-08 14:43:49 [INFO] src.collection.content_monitor: Content unchanged for 湖南省人民政府
2026-08-08 14:43:55 [INFO] src.collection.content_monitor: Content unchanged for 字节跳动官网
2026-08-08 14:43:56 [INFO] src.collection.content_monitor: Content unchanged for 腾讯官网
2026-08-08 14:44:01 [INFO] src.collection.content_monitor: Content unchanged for www.baidu.com
2026-08-08 14:44:02 [WARNING] src.collection.subdomain_discovery: crt.sh returned 502 for domain hunau.edu.cn
2026-08-08 14:44:02 [INFO] src.collection.subdomain_discovery: 被动子域名发现 湖南农业大学门户 (hunau.edu.cn): 共 0 个子域名
2026-08-08 14:44:23 [WARNING] src.collection.subdomain_discovery: crt.sh query timeout for domain hunan.gov.cn
2026-08-08 14:44:23 [INFO] src.collection.subdomain_discovery: 被动子域名发现 湖南省人民政府 (hunan.gov.cn): 共 0 个子域名
2026-08-08 14:44:25 [WARNING] src.collection.subdomain_discovery: crt.sh returned 502 for domain bytedance.com
2026-08-08 14:44:25 [INFO] src.collection.subdomain_discovery: 被动子域名发现 字节跳动官网 (bytedance.com): 共 0 个子域名
2026-08-08 14:44:26 [WARNING] src.collection.subdomain_discovery: crt.sh returned 502 for domain tencent.com
2026-08-08 14:44:26 [INFO] src.collection.subdomain_discovery: 被动子域名发现 腾讯官网 (tencent.com): 共 0 个子域名
2026-08-08 14:44:27 [WARNING] src.collection.subdomain_discovery: crt.sh returned 502 for domain baidu.com
2026-08-08 14:44:27 [INFO] src.collection.subdomain_discovery: 被动子域名发现 www.baidu.com (baidu.com): 共 0 个子域名
2026-08-08 14:44:34 [WARNING] src.prediction.prophet_model: NeuralProphet import failed ([WinError 1114] 动态链接库(DLL)初始化例程失败。 Error loading "C:\internet_awareness\.venv\Lib\site-packages\torch\lib\c10.dll" or one of its dependencies.), will use Holt-Winters
2026-08-08 14:44:34 [INFO] src.prediction.risk_forecast: Risk index for 湖南农业大学门户: 7.0 (低风险)
2026-08-08 14:44:41 [WARNING] src.prediction.prophet_model: NeuralProphet import failed ([WinError 1114] 动态链接库(DLL)初始化例程失败。 Error loading "C:\internet_awareness\.venv\Lib\site-packages\torch\lib\c10.dll" or one of its dependencies.), will use Holt-Winters
2026-08-08 14:44:41 [INFO] src.prediction.risk_forecast: Risk index for 湖南省人民政府: 21.9 (中风险)
2026-08-08 14:44:47 [WARNING] src.prediction.prophet_model: NeuralProphet import failed ([WinError 1114] 动态链接库(DLL)初始化例程失败。 Error loading "C:\internet_awareness\.venv\Lib\site-packages\torch\lib\c10.dll" or one of its dependencies.), will use Holt-Winters
2026-08-08 14:44:47 [INFO] src.prediction.risk_forecast: Risk index for 字节跳动官网: 0.0 (低风险)
2026-08-08 14:44:54 [WARNING] src.prediction.prophet_model: NeuralProphet import failed ([WinError 1114] 动态链接库(DLL)初始化例程失败。 Error loading "C:\internet_awareness\.venv\Lib\site-packages\torch\lib\c10.dll" or one of its dependencies.), will use Holt-Winters
2026-08-08 14:44:54 [INFO] src.prediction.risk_forecast: Risk index for 腾讯官网: 14.0 (低风险)
2026-08-08 14:44:54 [INFO] src.prediction.risk_forecast: Risk index for www.baidu.com: 0.0 (低风险)
2026-08-08 14:44:54 [INFO] __main__: Collection cycle complete — 5 targets processed
2026-08-08 14:44:54 [INFO] __main__: Next collection in 60 minutes (interval=60 min)
2026-08-08 15:44:55 [INFO] src.collection.tls_probe: TLS probe 湖南农业大学门户: score=61.0 tls=TLSv1.3 cert_days=125 headers=0 redirect=True sct=False issues=7
2026-08-08 15:45:02 [INFO] src.collection.threat_intel: Threat score for 湖南农业大学门户 (218.104.146.107): 0.00 (pulses=0)
2026-08-08 15:45:02 [INFO] src.collection.tls_probe: TLS probe 湖南省人民政府: score=47.0 tls=TLSv1.2 cert_days=191 headers=0 redirect=False sct=False issues=8
2026-08-08 15:45:09 [INFO] src.collection.threat_intel: Threat score for 湖南省人民政府 (113.246.57.9): 0.00 (pulses=0)
2026-08-08 15:45:11 [INFO] src.collection.tls_probe: TLS probe 字节跳动官网: score=82.0 tls=TLSv1.3 cert_days=163 headers=60 redirect=True sct=False issues=4
2026-08-08 15:45:14 [INFO] src.collection.threat_intel: Threat score for 字节跳动官网 (42.48.120.66): 0.00 (pulses=0)
2026-08-08 15:45:15 [INFO] src.collection.tls_probe: TLS probe 腾讯官网: score=69.8 tls=TLSv1.3 cert_days=138 headers=25 redirect=True sct=False issues=6
2026-08-08 15:45:19 [INFO] src.collection.threat_intel: Threat score for 腾讯官网 (116.162.169.116): 0.00 (pulses=0)
2026-08-08 15:45:20 [INFO] src.collection.tls_probe: TLS probe www.baidu.com: score=55.8 tls=TLSv1.2 cert_days=168 headers=25 redirect=False sct=False issues=7
2026-08-08 15:45:20 [WARNING] src.collection.icmp_probe: No IP configured for target www.baidu.com
2026-08-08 15:45:20 [WARNING] src.collection.threat_intel: No IP for target www.baidu.com; skipping threat intel
2026-08-08 15:45:27 [INFO] src.scoring.health_score: Health score for www.baidu.com: 86.4
2026-08-08 15:45:27 [INFO] src.scoring.health_score: Health score for 字节跳动官网: 97.0
2026-08-08 15:45:27 [INFO] src.scoring.health_score: Health score for 湖南农业大学门户: 95.0
2026-08-08 15:45:27 [INFO] src.scoring.health_score: Health score for 湖南省人民政府: 92.6
2026-08-08 15:45:27 [INFO] src.scoring.health_score: Health score for 腾讯官网: 95.0
2026-08-08 15:45:28 [WARNING] src.rules.alert_manager: ALERT [warning] www.baidu.com: TLS/HTTPS 安全评分偏低至 55.8 分（警告阈值 70）
2026-08-08 15:45:28 [WARNING] src.rules.alert_manager: ALERT [warning] 湖南农业大学门户: TLS/HTTPS 安全评分偏低至 61.0 分（警告阈值 70）
2026-08-08 15:45:28 [WARNING] src.rules.alert_manager: ALERT [critical] 湖南省人民政府: TLS/HTTPS 安全评分严重劣化至 47.0 分（危险阈值 50）
2026-08-08 15:45:28 [WARNING] src.rules.alert_manager: ALERT [warning] 腾讯官网: TLS/HTTPS 安全评分偏低至 69.8 分（警告阈值 70）
2026-08-08 15:45:28 [INFO] src.collection.content_monitor: Content unchanged for 湖南农业大学门户
2026-08-08 15:45:39 [INFO] src.collection.content_monitor: Content unchanged for 湖南省人民政府
2026-08-08 15:45:41 [INFO] src.collection.content_monitor: Content unchanged for 字节跳动官网
2026-08-08 15:45:42 [INFO] src.collection.content_monitor: Content unchanged for 腾讯官网
2026-08-08 15:45:47 [INFO] src.collection.content_monitor: Content unchanged for www.baidu.com
2026-08-08 15:46:08 [WARNING] src.collection.subdomain_discovery: crt.sh query timeout for domain hunau.edu.cn
2026-08-08 15:46:08 [INFO] src.collection.subdomain_discovery: 被动子域名发现 湖南农业大学门户 (hunau.edu.cn): 共 0 个子域名
2026-08-08 15:46:21 [WARNING] src.collection.subdomain_discovery: crt.sh returned 502 for domain hunan.gov.cn
2026-08-08 15:46:21 [INFO] src.collection.subdomain_discovery: 被动子域名发现 湖南省人民政府 (hunan.gov.cn): 共 0 个子域名
2026-08-08 15:46:30 [INFO] src.collection.subdomain_discovery: 被动子域名发现 字节跳动官网 (bytedance.com): 共 89 个子域名
2026-08-08 15:46:32 [INFO] src.collection.subdomain_discovery: 目标 字节跳动官网 新增被动发现资产 15 个：['bytehi.bytedance.com', 'bytehiservice.bytedance.com', 'bytespider.sg.bytedance.com', 'carrier-flow.bytedance.com', 'cbp.bytedance.com', 'cdn-wavemesh.bytedance.com', 'codeon.bytedance.com', 'console.bytedance.com', 'cube-cn.bytedance.com', 'datavis.bytedance.com', 'diancha-os.bytedance.com', 'dns.bytedance.com', 'docverse.bytedance.com', 'douyin.bytedance.com', 'dpfe.bytedance.com']
2026-08-08 15:46:32 [WARNING] src.rules.alert_manager: ALERT [warning] 字节跳动官网: 发现 15 个新的对外暴露子域名
2026-08-08 15:46:49 [WARNING] src.collection.subdomain_discovery: crt.sh returned 404 for domain tencent.com
2026-08-08 15:46:49 [INFO] src.collection.subdomain_discovery: 被动子域名发现 腾讯官网 (tencent.com): 共 0 个子域名
2026-08-08 15:46:50 [WARNING] src.collection.subdomain_discovery: crt.sh returned 502 for domain baidu.com
2026-08-08 15:46:50 [INFO] src.collection.subdomain_discovery: 被动子域名发现 www.baidu.com (baidu.com): 共 0 个子域名
2026-08-08 15:47:02 [WARNING] src.prediction.prophet_model: NeuralProphet import failed ([WinError 1114] 动态链接库(DLL)初始化例程失败。 Error loading "C:\internet_awareness\.venv\Lib\site-packages\torch\lib\c10.dll" or one of its dependencies.), will use Holt-Winters
2026-08-08 15:47:02 [INFO] src.prediction.risk_forecast: Risk index for 湖南农业大学门户: 7.0 (低风险)
2026-08-08 15:47:13 [WARNING] src.prediction.prophet_model: NeuralProphet import failed ([WinError 1114] 动态链接库(DLL)初始化例程失败。 Error loading "C:\internet_awareness\.venv\Lib\site-packages\torch\lib\c10.dll" or one of its dependencies.), will use Holt-Winters
2026-08-08 15:47:13 [INFO] src.prediction.risk_forecast: Risk index for 湖南省人民政府: 20.0 (中风险)
2026-08-08 15:47:25 [WARNING] src.prediction.prophet_model: NeuralProphet import failed ([WinError 1114] 动态链接库(DLL)初始化例程失败。 Error loading "C:\internet_awareness\.venv\Lib\site-packages\torch\lib\c10.dll" or one of its dependencies.), will use Holt-Winters
2026-08-08 15:47:25 [INFO] src.prediction.risk_forecast: Risk index for 字节跳动官网: 0.0 (低风险)
2026-08-08 15:47:36 [WARNING] src.prediction.prophet_model: NeuralProphet import failed ([WinError 1114] 动态链接库(DLL)初始化例程失败。 Error loading "C:\internet_awareness\.venv\Lib\site-packages\torch\lib\c10.dll" or one of its dependencies.), will use Holt-Winters
2026-08-08 15:47:36 [INFO] src.prediction.risk_forecast: Risk index for 腾讯官网: 14.0 (低风险)
2026-08-08 15:47:37 [INFO] src.prediction.risk_forecast: Risk index for www.baidu.com: 0.0 (低风险)
2026-08-08 15:47:37 [INFO] __main__: Collection cycle complete — 5 targets processed
2026-08-08 15:47:37 [INFO] __main__: Next collection in 60 minutes (interval=60 min)
2026-08-08 16:47:44 [INFO] src.collection.tls_probe: TLS probe 湖南农业大学门户: score=61.0 tls=TLSv1.3 cert_days=125 headers=0 redirect=True sct=False issues=7
2026-08-08 16:47:50 [INFO] src.collection.threat_intel: Threat score for 湖南农业大学门户 (218.104.146.107): 0.00 (pulses=0)
2026-08-08 16:47:52 [INFO] src.collection.tls_probe: TLS probe 湖南省人民政府: score=47.0 tls=TLSv1.2 cert_days=191 headers=0 redirect=False sct=False issues=8
2026-08-08 16:47:58 [INFO] src.collection.threat_intel: Threat score for 湖南省人民政府 (113.246.57.9): 0.00 (pulses=0)
2026-08-08 16:47:59 [INFO] src.collection.tls_probe: TLS probe 字节跳动官网: score=82.0 tls=TLSv1.3 cert_days=163 headers=60 redirect=True sct=False issues=4
2026-08-08 16:48:03 [INFO] src.collection.threat_intel: Threat score for 字节跳动官网 (42.48.120.66): 0.00 (pulses=0)
2026-08-08 16:48:04 [INFO] src.collection.tls_probe: TLS probe 腾讯官网: score=69.8 tls=TLSv1.3 cert_days=138 headers=25 redirect=True sct=False issues=6
2026-08-08 16:48:08 [INFO] src.collection.threat_intel: Threat score for 腾讯官网 (116.162.169.116): 0.00 (pulses=0)
2026-08-08 16:48:09 [INFO] src.collection.tls_probe: TLS probe www.baidu.com: score=55.8 tls=TLSv1.2 cert_days=168 headers=25 redirect=False sct=False issues=7
2026-08-08 16:48:09 [WARNING] src.collection.icmp_probe: No IP configured for target www.baidu.com
2026-08-08 16:48:09 [WARNING] src.collection.threat_intel: No IP for target www.baidu.com; skipping threat intel
2026-08-08 16:48:16 [INFO] src.scoring.health_score: Health score for www.baidu.com: 86.3
2026-08-08 16:48:16 [INFO] src.scoring.health_score: Health score for 字节跳动官网: 97.0
2026-08-08 16:48:16 [INFO] src.scoring.health_score: Health score for 湖南农业大学门户: 95.0
2026-08-08 16:48:16 [INFO] src.scoring.health_score: Health score for 湖南省人民政府: 92.8
2026-08-08 16:48:16 [INFO] src.scoring.health_score: Health score for 腾讯官网: 94.5
2026-08-08 16:48:16 [WARNING] src.rules.alert_manager: ALERT [warning] www.baidu.com: TLS/HTTPS 安全评分偏低至 55.8 分（警告阈值 70）
2026-08-08 16:48:16 [WARNING] src.rules.alert_manager: ALERT [warning] 湖南农业大学门户: TLS/HTTPS 安全评分偏低至 61.0 分（警告阈值 70）
2026-08-08 16:48:16 [WARNING] src.rules.alert_manager: ALERT [critical] 湖南省人民政府: TLS/HTTPS 安全评分严重劣化至 47.0 分（危险阈值 50）
2026-08-08 16:48:16 [WARNING] src.rules.alert_manager: ALERT [warning] 腾讯官网: TLS/HTTPS 安全评分偏低至 69.8 分（警告阈值 70）
2026-08-08 16:48:17 [INFO] src.collection.content_monitor: Content unchanged for 湖南农业大学门户
2026-08-08 16:48:32 [INFO] src.collection.content_monitor: Content unchanged for 湖南省人民政府
2026-08-08 16:48:36 [INFO] src.collection.content_monitor: Content unchanged for 字节跳动官网
2026-08-08 16:48:36 [INFO] src.collection.content_monitor: Content unchanged for 腾讯官网
2026-08-08 16:48:43 [INFO] src.collection.content_monitor: Content unchanged for www.baidu.com
2026-08-08 16:48:44 [WARNING] src.collection.subdomain_discovery: crt.sh returned 502 for domain hunau.edu.cn
2026-08-08 16:48:44 [INFO] src.collection.subdomain_discovery: 被动子域名发现 湖南农业大学门户 (hunau.edu.cn): 共 0 个子域名
2026-08-08 16:48:45 [WARNING] src.collection.subdomain_discovery: crt.sh returned 502 for domain hunan.gov.cn
2026-08-08 16:48:45 [INFO] src.collection.subdomain_discovery: 被动子域名发现 湖南省人民政府 (hunan.gov.cn): 共 0 个子域名
2026-08-08 16:48:46 [WARNING] src.collection.subdomain_discovery: crt.sh returned 502 for domain bytedance.com
2026-08-08 16:48:46 [INFO] src.collection.subdomain_discovery: 被动子域名发现 字节跳动官网 (bytedance.com): 共 0 个子域名
2026-08-08 16:48:48 [WARNING] src.collection.subdomain_discovery: crt.sh returned 502 for domain tencent.com
2026-08-08 16:48:48 [INFO] src.collection.subdomain_discovery: 被动子域名发现 腾讯官网 (tencent.com): 共 0 个子域名
2026-08-08 16:48:49 [WARNING] src.collection.subdomain_discovery: crt.sh returned 502 for domain baidu.com
2026-08-08 16:48:49 [INFO] src.collection.subdomain_discovery: 被动子域名发现 www.baidu.com (baidu.com): 共 0 个子域名
2026-08-08 16:49:02 [WARNING] src.prediction.prophet_model: NeuralProphet import failed ([WinError 1114] 动态链接库(DLL)初始化例程失败。 Error loading "C:\internet_awareness\.venv\Lib\site-packages\torch\lib\c10.dll" or one of its dependencies.), will use Holt-Winters
2026-08-08 16:49:02 [INFO] src.prediction.risk_forecast: Risk index for 湖南农业大学门户: 7.0 (低风险)
2026-08-08 16:49:14 [WARNING] src.prediction.prophet_model: NeuralProphet import failed ([WinError 1114] 动态链接库(DLL)初始化例程失败。 Error loading "C:\internet_awareness\.venv\Lib\site-packages\torch\lib\c10.dll" or one of its dependencies.), will use Holt-Winters
2026-08-08 16:49:14 [INFO] src.prediction.risk_forecast: Risk index for 湖南省人民政府: 20.0 (中风险)
2026-08-08 16:49:27 [WARNING] src.prediction.prophet_model: NeuralProphet import failed ([WinError 1114] 动态链接库(DLL)初始化例程失败。 Error loading "C:\internet_awareness\.venv\Lib\site-packages\torch\lib\c10.dll" or one of its dependencies.), will use Holt-Winters
2026-08-08 16:49:27 [INFO] src.prediction.risk_forecast: Risk index for 字节跳动官网: 0.0 (低风险)
2026-08-08 16:49:39 [WARNING] src.prediction.prophet_model: NeuralProphet import failed ([WinError 1114] 动态链接库(DLL)初始化例程失败。 Error loading "C:\internet_awareness\.venv\Lib\site-packages\torch\lib\c10.dll" or one of its dependencies.), will use Holt-Winters
2026-08-08 16:49:39 [INFO] src.prediction.risk_forecast: Risk index for 腾讯官网: 14.0 (低风险)
2026-08-08 16:49:39 [INFO] src.prediction.risk_forecast: Risk index for www.baidu.com: 0.0 (低风险)
2026-08-08 16:49:39 [INFO] __main__: Collection cycle complete — 5 targets processed
2026-08-08 16:49:39 [INFO] __main__: Next collection in 60 minutes (interval=60 min)
2026-08-08 19:17:48 [INFO] src.collection.tls_probe: TLS probe 湖南农业大学门户: score=61.0 tls=TLSv1.3 cert_days=125 headers=0 redirect=True sct=False issues=7
2026-08-08 19:17:54 [INFO] src.collection.threat_intel: Threat score for 湖南农业大学门户 (218.104.146.107): 0.00 (pulses=0)
2026-08-08 19:17:54 [WARNING] src.collection.http_probe: HTTP probe connection error: https://www.hunan.gov.cn
2026-08-08 19:18:09 [INFO] src.collection.tls_probe: TLS probe 湖南省人民政府: score=6.0 tls=None cert_days=None headers=0 redirect=False sct=False issues=6
2026-08-08 19:18:15 [INFO] src.collection.threat_intel: Threat score for 湖南省人民政府 (113.246.57.9): 0.00 (pulses=0)
2026-08-08 19:18:17 [INFO] src.collection.tls_probe: TLS probe 字节跳动官网: score=82.0 tls=TLSv1.3 cert_days=163 headers=60 redirect=True sct=False issues=4
2026-08-08 19:18:20 [INFO] src.collection.threat_intel: Threat score for 字节跳动官网 (42.48.120.66): 0.00 (pulses=0)
2026-08-08 19:18:20 [INFO] src.collection.tls_probe: TLS probe 腾讯官网: score=69.8 tls=TLSv1.3 cert_days=138 headers=25 redirect=True sct=False issues=6
2026-08-08 19:18:24 [INFO] src.collection.threat_intel: Threat score for 腾讯官网 (116.162.169.116): 0.00 (pulses=0)
2026-08-08 19:18:24 [INFO] src.collection.tls_probe: TLS probe www.baidu.com: score=55.8 tls=TLSv1.2 cert_days=168 headers=25 redirect=False sct=False issues=7
2026-08-08 19:18:24 [WARNING] src.collection.icmp_probe: No IP configured for target www.baidu.com
2026-08-08 19:18:24 [WARNING] src.collection.threat_intel: No IP for target www.baidu.com; skipping threat intel
2026-08-08 19:18:28 [INFO] src.scoring.health_score: Health score for www.baidu.com: 86.4
2026-08-08 19:18:28 [INFO] src.scoring.health_score: Health score for 字节跳动官网: 96.9
2026-08-08 19:18:28 [INFO] src.scoring.health_score: Health score for 湖南农业大学门户: 95.1
2026-08-08 19:18:28 [INFO] src.scoring.health_score: Health score for 湖南省人民政府: 50.4
2026-08-08 19:18:28 [INFO] src.scoring.health_score: Health score for 腾讯官网: 95.2
2026-08-08 19:18:28 [WARNING] src.rules.alert_manager: ALERT [warning] 湖南省人民政府: 服务健康度评分下降至 50.4 分（阈值 60 分）
2026-08-08 19:18:29 [WARNING] src.rules.alert_manager: ALERT [warning] www.baidu.com: TLS/HTTPS 安全评分偏低至 55.8 分（警告阈值 70）
2026-08-08 19:18:29 [WARNING] src.rules.alert_manager: ALERT [warning] 湖南农业大学门户: TLS/HTTPS 安全评分偏低至 61.0 分（警告阈值 70）
2026-08-08 19:18:29 [WARNING] src.rules.alert_manager: ALERT [critical] 湖南省人民政府: TLS/HTTPS 安全评分严重劣化至 6.0 分（危险阈值 50）
2026-08-08 19:18:29 [WARNING] src.rules.alert_manager: ALERT [warning] 腾讯官网: TLS/HTTPS 安全评分偏低至 69.8 分（警告阈值 70）
2026-08-08 19:18:29 [INFO] src.collection.content_monitor: Content unchanged for 湖南农业大学门户
2026-08-08 19:18:30 [WARNING] src.collection.content_monitor: Content monitor fetch error for 湖南省人民政府: HTTPSConnectionPool(host='www.hunan.gov.cn', port=443): Max retries exceeded with url: / (Caused by SSLError(SSLError(1, '[SSL: BAD_ECPOINT] bad ecpoint (_ssl.c:1006)')))
2026-08-08 19:18:31 [INFO] src.collection.content_monitor: Content unchanged for 字节跳动官网
2026-08-08 19:18:31 [INFO] src.collection.content_monitor: Content unchanged for 腾讯官网
2026-08-08 19:18:36 [INFO] src.collection.content_monitor: Content unchanged for www.baidu.com
2026-08-08 19:18:46 [INFO] src.collection.subdomain_discovery: 被动子域名发现 湖南农业大学门户 (hunau.edu.cn): 共 15 个子域名
2026-08-08 19:19:08 [WARNING] src.collection.subdomain_discovery: crt.sh query timeout for domain hunan.gov.cn
2026-08-08 19:19:08 [INFO] src.collection.subdomain_discovery: 被动子域名发现 湖南省人民政府 (hunan.gov.cn): 共 0 个子域名
2026-08-08 19:19:32 [WARNING] src.collection.subdomain_discovery: crt.sh query timeout for domain bytedance.com
2026-08-08 19:19:32 [INFO] src.collection.subdomain_discovery: 被动子域名发现 字节跳动官网 (bytedance.com): 共 0 个子域名
2026-08-08 19:19:42 [WARNING] src.collection.subdomain_discovery: crt.sh returned 404 for domain tencent.com
2026-08-08 19:19:42 [INFO] src.collection.subdomain_discovery: 被动子域名发现 腾讯官网 (tencent.com): 共 0 个子域名
2026-08-08 19:21:24 [INFO] src.collection.subdomain_discovery: 被动子域名发现 www.baidu.com (baidu.com): 共 717 个子域名
2026-08-08 19:21:41 [INFO] src.collection.subdomain_discovery: 目标 www.baidu.com 新增被动发现资产 15 个：['1.baidu.com', '1212.baidu.com', '8.baidu.com', 'a.blcs.waimai.baidu.com', 'ability.api.sao.baidu.com', 'abot.pos.baidu.com', 'account.mobopay.baidu.com', 'activity.umoney.baidu.com', 'activitydianying.baidu.com', 'actyun.pan.baidu.com', 'adsdianying.baidu.com', 'ai-trace.baidu.com', 'ai.baidu.com', 'aics-wss.baidu.com', 'aifanfan-material.baidu.com']
2026-08-08 19:21:41 [WARNING] src.rules.alert_manager: ALERT [warning] www.baidu.com: 发现 15 个新的对外暴露子域名
2026-08-08 19:21:49 [WARNING] src.prediction.prophet_model: NeuralProphet import failed ([WinError 1114] 动态链接库(DLL)初始化例程失败。 Error loading "C:\internet_awareness\.venv\Lib\site-packages\torch\lib\c10.dll" or one of its dependencies.), will use Holt-Winters
2026-08-08 19:22:02 [INFO] src.prediction.risk_forecast: Risk index for 湖南农业大学门户: 7.0 (低风险)
2026-08-08 19:22:11 [WARNING] src.prediction.prophet_model: NeuralProphet import failed ([WinError 1114] 动态链接库(DLL)初始化例程失败。 Error loading "C:\internet_awareness\.venv\Lib\site-packages\torch\lib\c10.dll" or one of its dependencies.), will use Holt-Winters
2026-08-08 19:22:15 [INFO] src.prediction.risk_forecast: Risk index for 湖南省人民政府: 20.0 (中风险)
2026-08-08 19:22:27 [WARNING] src.prediction.prophet_model: NeuralProphet import failed ([WinError 1114] 动态链接库(DLL)初始化例程失败。 Error loading "C:\internet_awareness\.venv\Lib\site-packages\torch\lib\c10.dll" or one of its dependencies.), will use Holt-Winters
2026-08-08 19:22:37 [INFO] src.prediction.risk_forecast: Risk index for 字节跳动官网: 0.0 (低风险)
2026-08-08 19:22:44 [WARNING] src.prediction.prophet_model: NeuralProphet import failed ([WinError 1114] 动态链接库(DLL)初始化例程失败。 Error loading "C:\internet_awareness\.venv\Lib\site-packages\torch\lib\c10.dll" or one of its dependencies.), will use Holt-Winters
2026-08-08 19:22:44 [INFO] src.prediction.risk_forecast: Risk index for 腾讯官网: 14.0 (低风险)
2026-08-08 19:22:45 [INFO] src.prediction.risk_forecast: Risk index for www.baidu.com: 0.0 (低风险)
2026-08-08 19:22:45 [INFO] __main__: Collection cycle complete — 5 targets processed
2026-08-08 19:22:45 [INFO] __main__: Next collection in 60 minutes (interval=60 min)
2026-08-16 14:28:05 [INFO] src.storage.db: Database initialised at C:\internet_awareness\data\awareness.db
2026-08-16 14:28:05 [INFO] __main__: Starting standalone collector
2026-08-16 14:28:05 [INFO] src.collection.tls_probe: TLS probe 湖南农业大学门户: score=61.0 tls=TLSv1.3 cert_days=117 headers=0 redirect=True sct=False issues=7
2026-08-16 14:28:29 [INFO] src.collection.threat_intel: Threat score for 湖南农业大学门户 (218.104.146.107): 0.00 (pulses=0)
2026-08-16 14:28:29 [INFO] src.collection.tls_probe: TLS probe 湖南省人民政府: score=47.0 tls=TLSv1.2 cert_days=183 headers=0 redirect=False sct=False issues=8
2026-08-16 14:28:37 [INFO] src.collection.threat_intel: Threat score for 湖南省人民政府 (113.246.57.9): 0.00 (pulses=0)
2026-08-16 14:28:40 [INFO] src.collection.tls_probe: TLS probe 字节跳动官网: score=82.0 tls=TLSv1.3 cert_days=155 headers=60 redirect=True sct=False issues=4
2026-08-16 14:28:45 [INFO] src.collection.threat_intel: Threat score for 字节跳动官网 (42.48.120.66): 0.00 (pulses=0)
2026-08-16 14:28:45 [INFO] src.collection.tls_probe: TLS probe 腾讯官网: score=69.8 tls=TLSv1.3 cert_days=130 headers=25 redirect=True sct=False issues=6
2026-08-16 14:28:50 [INFO] src.collection.threat_intel: Threat score for 腾讯官网 (116.162.169.116): 0.00 (pulses=0)
2026-08-16 14:28:50 [INFO] src.collection.tls_probe: TLS probe www.baidu.com: score=55.8 tls=TLSv1.2 cert_days=160 headers=25 redirect=False sct=False issues=7
2026-08-16 14:28:50 [WARNING] src.collection.icmp_probe: No IP configured for target www.baidu.com
2026-08-16 14:28:50 [WARNING] src.collection.threat_intel: No IP for target www.baidu.com; skipping threat intel
2026-08-16 14:28:54 [INFO] src.scoring.health_score: Health score for www.baidu.com: 86.7
2026-08-16 14:28:54 [INFO] src.scoring.health_score: Health score for 字节跳动官网: 95.7
2026-08-16 14:28:54 [INFO] src.scoring.health_score: Health score for 湖南农业大学门户: 81.0
2026-08-16 14:28:54 [INFO] src.scoring.health_score: Health score for 湖南省人民政府: 93.0
2026-08-16 14:28:54 [INFO] src.scoring.health_score: Health score for 腾讯官网: 95.2
2026-08-16 14:28:54 [WARNING] src.rules.alert_manager: ALERT [warning] www.baidu.com: TLS/HTTPS 安全评分偏低至 55.8 分（警告阈值 70）
2026-08-16 14:28:54 [WARNING] src.rules.alert_manager: ALERT [warning] 湖南农业大学门户: TLS/HTTPS 安全评分偏低至 61.0 分（警告阈值 70）
2026-08-16 14:28:54 [WARNING] src.rules.alert_manager: ALERT [critical] 湖南省人民政府: TLS/HTTPS 安全评分严重劣化至 47.0 分（危险阈值 50）
2026-08-16 14:28:54 [WARNING] src.rules.alert_manager: ALERT [warning] 腾讯官网: TLS/HTTPS 安全评分偏低至 69.8 分（警告阈值 70）
2026-08-16 14:28:55 [WARNING] src.collection.content_monitor: Content CHANGED for 湖南农业大学门户: 页面文本增加约 3477 字符；当前页面标题：「湖南农业大学欢迎您! Hunan Agricultural University (HUNAU)」
2026-08-16 14:28:56 [WARNING] src.rules.alert_manager: ALERT [critical] 湖南农业大学门户: 网页内容发生变化：https://www.hunau.edu.cn
2026-08-16 14:28:56 [WARNING] src.collection.content_monitor: Content CHANGED for 湖南省人民政府: 页面文本增加约 3526 字符；当前页面标题：「欢迎光临湖南省人民政府门户网站」
2026-08-16 14:28:56 [WARNING] src.collection.content_monitor: Content CHANGED for 湖南省人民政府/: 页面文本增加约 3526 字符；当前页面标题：「欢迎光临湖南省人民政府门户网站」
2026-08-16 14:28:56 [WARNING] src.collection.content_monitor: Content CHANGED for 湖南省人民政府/hnszf/szf/szf.html: 页面文本增加约 1161 字符；当前页面标题：「省政府-湖南省人民政府门户网站」
2026-08-16 14:28:57 [WARNING] src.collection.content_monitor: Content CHANGED for 湖南省人民政府/hnszf/hnyw/hnyw.html: 页面文本增加约 2579 字符；当前页面标题：「政务要闻-湖南省人民政府门户网站」
2026-08-16 14:28:57 [WARNING] src.collection.content_monitor: Content CHANGED for 湖南省人民政府/hnszf/xxgk/xxgk.html: 页面文本增加约 1583 字符；当前页面标题：「政务公开-湖南省人民政府门户网站」
2026-08-16 14:28:57 [WARNING] src.collection.content_monitor: Content CHANGED for 湖南省人民政府/hnszf/hdjl/hdjl.html: 页面文本增加约 2277 字符；当前页面标题：「湖南省统一互动交流平台」
2026-08-16 14:28:57 [WARNING] src.collection.content_monitor: Content CHANGED for 湖南省人民政府/hnszf/zfsj/zfsj.html: 页面文本增加约 1954 字符；当前页面标题：「政府数据-湖南省人民政府门户网站」
2026-08-16 14:28:58 [WARNING] src.rules.alert_manager: ALERT [critical] 湖南省人民政府: 网页内容发生变化：https://www.hunan.gov.cn
2026-08-16 14:28:58 [INFO] src.collection.content_monitor: Content unchanged for 字节跳动官网
2026-08-16 14:28:58 [WARNING] src.collection.content_monitor: Content CHANGED for 腾讯官网: 页面文本增加约 2767 字符；当前页面标题：「主页 - Tencent」
2026-08-16 14:28:58 [WARNING] src.collection.content_monitor: Content CHANGED for 腾讯官网/zh-cn/: 页面文本增加约 2767 字符；当前页面标题：「主页 - Tencent」
2026-08-16 14:28:59 [WARNING] src.collection.content_monitor: Content CHANGED for 腾讯官网/zh-cn/who-we-are/: 页面文本增加约 3447 字符；当前页面标题：「关于我们 - Tencent」
2026-08-16 14:29:00 [WARNING] src.collection.content_monitor: Content CHANGED for 腾讯官网/zh-cn/who-we-are: 页面文本增加约 3447 字符；当前页面标题：「关于我们 - Tencent」
2026-08-16 14:29:01 [WARNING] src.collection.content_monitor: Content CHANGED for 腾讯官网/zh-cn/who-we-are/our-story: 页面文本增加约 4923 字符；检测到高风险关键词：病毒；当前页面标题：「公司简介 - Tencent」
2026-08-16 14:29:04 [WARNING] src.collection.content_monitor: Content CHANGED for 腾讯官网/zh-cn/who-we-are/our-team: 页面文本增加约 2526 字符；当前页面标题：「管理团队 - Tencent」
2026-08-16 14:29:05 [WARNING] src.collection.content_monitor: Content CHANGED for 腾讯官网/zh-cn/who-we-are/our-vision: 页面文本增加约 2722 字符；当前页面标题：「愿景及使命 - Tencent」
2026-08-16 14:29:05 [WARNING] src.collection.content_monitor: Content CHANGED for 腾讯官网/zh-cn/what-we-create/: 页面文本增加约 2329 字符；当前页面标题：「我们的创新 - Tencent」
2026-08-16 14:29:05 [WARNING] src.collection.content_monitor: Content CHANGED for 腾讯官网/zh-cn/what-we-create: 页面文本增加约 2329 字符；当前页面标题：「我们的创新 - Tencent」
2026-08-16 14:29:05 [WARNING] src.rules.alert_manager: ALERT [critical] 腾讯官网: 网页内容发生变化：https://www.tencent.com/zh-cn/index.html
2026-08-16 14:29:06 [INFO] src.collection.content_monitor: Content unchanged for www.baidu.com
2026-08-16 14:29:13 [INFO] src.collection.subdomain_discovery: 被动子域名发现 湖南农业大学门户 (hunau.edu.cn): 共 15 个子域名
2026-08-16 14:29:28 [INFO] src.collection.subdomain_discovery: 被动子域名发现 湖南省人民政府 (hunan.gov.cn): 共 90 个子域名
2026-08-16 14:29:30 [INFO] src.collection.subdomain_discovery: 目标 湖南省人民政府 新增被动发现资产 15 个：['hunan.gov.cn', 'hxysk.kjt.hunan.gov.cn', 'hy.mzt.hunan.gov.cn', 'hzz.slt.hunan.gov.cn', 'i.zrzyt.hunan.gov.cn', 'im.zrzyt.hunan.gov.cn', 'jbjl.sthjt.hunan.gov.cn', 'jyt.hunan.gov.cn', 'kczy.zrzyt.hunan.gov.cn', 'lyj.hunan.gov.cn', 'mail.hunan.gov.cn', 'mail.test.hunan.gov.cn', 'market.zrzyt.hunan.gov.cn', 'mnrcgqds.ybj.hunan.gov.cn', 'mobile.sign.hunan.gov.cn']
2026-08-16 14:29:30 [WARNING] src.rules.alert_manager: ALERT [warning] 湖南省人民政府: 发现 15 个新的对外暴露子域名
2026-08-16 14:29:41 [INFO] src.collection.subdomain_discovery: 被动子域名发现 字节跳动官网 (bytedance.com): 共 89 个子域名
2026-08-16 14:29:43 [INFO] src.collection.subdomain_discovery: 目标 字节跳动官网 新增被动发现资产 15 个：['ecom.bytedance.com', 'edge-fn.bytedance.com', 'edu.bytedance.com', 'esignature.bytedance.com', 'evalbot.bytedance.com', 'event.bytedance.com', 'feishu.bytedance.com', 'feishuapp-ws.bytedance.com', 'fonts.bytedance.com', 'fsapp.bytedance.com', 'gameflow.bytedance.com', 'gea.bytedance.com', 'gongyi.bytedance.com', 'goofy-web.bytedance.com', 'h5player.bytedance.com']
2026-08-16 14:29:43 [WARNING] src.rules.alert_manager: ALERT [warning] 字节跳动官网: 发现 15 个新的对外暴露子域名
2026-08-16 14:29:48 [WARNING] src.collection.subdomain_discovery: crt.sh returned 503 for domain tencent.com
2026-08-16 14:29:48 [INFO] src.collection.subdomain_discovery: 被动子域名发现 腾讯官网 (tencent.com): 共 0 个子域名
2026-08-16 14:29:57 [WARNING] src.collection.subdomain_discovery: crt.sh returned 503 for domain baidu.com
2026-08-16 14:29:57 [INFO] src.collection.subdomain_discovery: 被动子域名发现 www.baidu.com (baidu.com): 共 0 个子域名
2026-08-16 14:30:04 [WARNING] src.prediction.prophet_model: NeuralProphet import failed ([WinError 1114] 动态链接库(DLL)初始化例程失败。 Error loading "C:\internet_awareness\.venv\Lib\site-packages\torch\lib\c10.dll" or one of its dependencies.), will use Holt-Winters
2026-08-16 14:30:20 [INFO] src.prediction.risk_forecast: Risk index for 湖南农业大学门户: 7.0 (低风险)
2026-08-16 14:30:30 [WARNING] src.prediction.prophet_model: NeuralProphet import failed ([WinError 1114] 动态链接库(DLL)初始化例程失败。 Error loading "C:\internet_awareness\.venv\Lib\site-packages\torch\lib\c10.dll" or one of its dependencies.), will use Holt-Winters
2026-08-16 14:30:30 [INFO] src.prediction.risk_forecast: Risk index for 湖南省人民政府: 20.0 (中风险)
2026-08-16 14:30:40 [WARNING] src.prediction.prophet_model: NeuralProphet import failed ([WinError 1114] 动态链接库(DLL)初始化例程失败。 Error loading "C:\internet_awareness\.venv\Lib\site-packages\torch\lib\c10.dll" or one of its dependencies.), will use Holt-Winters
2026-08-16 14:30:40 [INFO] src.prediction.risk_forecast: Risk index for 字节跳动官网: 0.0 (低风险)
2026-08-16 14:30:50 [WARNING] src.prediction.prophet_model: NeuralProphet import failed ([WinError 1114] 动态链接库(DLL)初始化例程失败。 Error loading "C:\internet_awareness\.venv\Lib\site-packages\torch\lib\c10.dll" or one of its dependencies.), will use Holt-Winters
2026-08-16 14:30:50 [INFO] src.prediction.risk_forecast: Risk index for 腾讯官网: 20.0 (中风险)
2026-08-16 14:30:50 [INFO] src.prediction.risk_forecast: Risk index for www.baidu.com: 0.0 (低风险)
2026-08-16 14:30:50 [INFO] __main__: Collection cycle complete — 5 targets processed
2026-08-16 14:30:50 [INFO] __main__: Next collection in 60 minutes (interval=60 min)
2026-08-16 19:22:55 [INFO] src.storage.db: Database initialised at C:\internet_awareness\data\awareness.db
2026-08-16 19:22:55 [INFO] __main__: Starting standalone collector
2026-08-16 19:22:56 [INFO] src.collection.tls_probe: TLS probe 湖南农业大学门户: score=61.0 tls=TLSv1.3 cert_days=117 headers=0 redirect=True sct=False issues=7
2026-08-16 19:23:19 [INFO] src.collection.threat_intel: Threat score for 湖南农业大学门户 (218.104.146.107): 0.00 (pulses=0)
2026-08-16 19:23:20 [INFO] src.collection.tls_probe: TLS probe 湖南省人民政府: score=47.0 tls=TLSv1.2 cert_days=183 headers=0 redirect=False sct=False issues=8
2026-08-16 19:23:27 [INFO] src.collection.threat_intel: Threat score for 湖南省人民政府 (113.246.57.9): 0.00 (pulses=0)
2026-08-16 19:23:28 [INFO] src.collection.tls_probe: TLS probe 字节跳动官网: score=82.0 tls=TLSv1.3 cert_days=155 headers=60 redirect=True sct=False issues=4
2026-08-16 19:23:32 [INFO] src.collection.threat_intel: Threat score for 字节跳动官网 (42.48.120.66): 0.00 (pulses=0)
2026-08-16 19:23:33 [INFO] src.collection.tls_probe: TLS probe 腾讯官网: score=69.8 tls=TLSv1.3 cert_days=130 headers=25 redirect=True sct=False issues=6
2026-08-16 19:23:38 [INFO] src.collection.threat_intel: Threat score for 腾讯官网 (116.162.169.116): 0.00 (pulses=0)
2026-08-16 19:23:39 [INFO] src.collection.tls_probe: TLS probe www.baidu.com: score=55.8 tls=TLSv1.2 cert_days=160 headers=25 redirect=False sct=False issues=7
2026-08-16 19:23:39 [WARNING] src.collection.icmp_probe: No IP configured for target www.baidu.com
2026-08-16 19:23:39 [WARNING] src.collection.threat_intel: No IP for target www.baidu.com; skipping threat intel
2026-08-16 19:23:43 [INFO] src.scoring.health_score: Health score for www.baidu.com: 86.7
2026-08-16 19:23:43 [INFO] src.scoring.health_score: Health score for 字节跳动官网: 97.0
2026-08-16 19:23:43 [INFO] src.scoring.health_score: Health score for 湖南农业大学门户: 81.1
2026-08-16 19:23:43 [INFO] src.scoring.health_score: Health score for 湖南省人民政府: 93.0
2026-08-16 19:23:43 [INFO] src.scoring.health_score: Health score for 腾讯官网: 95.1
2026-08-16 19:23:43 [WARNING] src.rules.alert_manager: ALERT [warning] www.baidu.com: TLS/HTTPS 安全评分偏低至 55.8 分（警告阈值 70）
2026-08-16 19:23:43 [WARNING] src.rules.alert_manager: ALERT [warning] 湖南农业大学门户: TLS/HTTPS 安全评分偏低至 61.0 分（警告阈值 70）
2026-08-16 19:23:43 [WARNING] src.rules.alert_manager: ALERT [critical] 湖南省人民政府: TLS/HTTPS 安全评分严重劣化至 47.0 分（危险阈值 50）
2026-08-16 19:23:43 [WARNING] src.rules.alert_manager: ALERT [warning] 腾讯官网: TLS/HTTPS 安全评分偏低至 69.8 分（警告阈值 70）
2026-08-16 19:23:43 [INFO] src.collection.content_monitor: Content unchanged for 湖南农业大学门户
2026-08-16 19:23:45 [INFO] src.collection.content_monitor: Content unchanged for 湖南省人民政府
2026-08-16 19:23:47 [INFO] src.collection.content_monitor: Content unchanged for 字节跳动官网
2026-08-16 19:23:47 [INFO] src.collection.content_monitor: Content unchanged for 腾讯官网
2026-08-16 19:23:56 [INFO] src.collection.content_monitor: Content unchanged for www.baidu.com
2026-08-16 19:23:57 [WARNING] src.collection.subdomain_discovery: crt.sh returned 502 for domain hunau.edu.cn
2026-08-16 19:23:57 [INFO] src.collection.subdomain_discovery: 被动子域名发现 湖南农业大学门户 (hunau.edu.cn): 共 0 个子域名
2026-08-16 19:23:58 [WARNING] src.collection.subdomain_discovery: crt.sh returned 502 for domain hunan.gov.cn
2026-08-16 19:23:58 [INFO] src.collection.subdomain_discovery: 被动子域名发现 湖南省人民政府 (hunan.gov.cn): 共 0 个子域名
2026-08-16 19:24:23 [INFO] src.collection.subdomain_discovery: 被动子域名发现 字节跳动官网 (bytedance.com): 共 89 个子域名
2026-08-16 19:24:24 [INFO] src.collection.subdomain_discovery: 目标 字节跳动官网 新增被动发现资产 15 个：['hardware-seal-vpn.bytedance.com', 'hardware.bytedance.com', 'iam.bytedance.com', 'imap.bytedance.com', 'info.bytedance.com', 'jinqiu.bytedance.com', 'kefu-hl.bytedance.com', 'kefu-lf.bytedance.com', 'kefu-lq.bytedance.com', 'kefu.bytedance.com', 'landingpage.bytedance.com', 'litg.edu.bytedance.com', 'live-streaming.bytedance.com', 'live.bytedance.com', 'localhost.bytedance.com']
2026-08-16 19:24:24 [WARNING] src.rules.alert_manager: ALERT [warning] 字节跳动官网: 发现 15 个新的对外暴露子域名
2026-08-16 19:24:45 [WARNING] src.collection.subdomain_discovery: crt.sh query timeout for domain tencent.com
2026-08-16 19:24:45 [INFO] src.collection.subdomain_discovery: 被动子域名发现 腾讯官网 (tencent.com): 共 0 个子域名
2026-08-16 19:25:06 [WARNING] src.collection.subdomain_discovery: crt.sh query timeout for domain baidu.com
2026-08-16 19:25:06 [INFO] src.collection.subdomain_discovery: 被动子域名发现 www.baidu.com (baidu.com): 共 0 个子域名
2026-08-16 19:25:15 [WARNING] src.prediction.prophet_model: NeuralProphet import failed ([WinError 1114] 动态链接库(DLL)初始化例程失败。 Error loading "C:\internet_awareness\.venv\Lib\site-packages\torch\lib\c10.dll" or one of its dependencies.), will use Holt-Winters
2026-08-16 19:25:31 [INFO] src.prediction.risk_forecast: Risk index for 湖南农业大学门户: 7.0 (低风险)
2026-08-16 19:25:42 [WARNING] src.prediction.prophet_model: NeuralProphet import failed ([WinError 1114] 动态链接库(DLL)初始化例程失败。 Error loading "C:\internet_awareness\.venv\Lib\site-packages\torch\lib\c10.dll" or one of its dependencies.), will use Holt-Winters
2026-08-16 19:25:42 [INFO] src.prediction.risk_forecast: Risk index for 湖南省人民政府: 20.0 (中风险)
2026-08-16 19:25:53 [WARNING] src.prediction.prophet_model: NeuralProphet import failed ([WinError 1114] 动态链接库(DLL)初始化例程失败。 Error loading "C:\internet_awareness\.venv\Lib\site-packages\torch\lib\c10.dll" or one of its dependencies.), will use Holt-Winters
2026-08-16 19:25:53 [INFO] src.prediction.risk_forecast: Risk index for 字节跳动官网: 0.0 (低风险)
2026-08-16 19:26:04 [WARNING] src.prediction.prophet_model: NeuralProphet import failed ([WinError 1114] 动态链接库(DLL)初始化例程失败。 Error loading "C:\internet_awareness\.venv\Lib\site-packages\torch\lib\c10.dll" or one of its dependencies.), will use Holt-Winters
2026-08-16 19:26:04 [INFO] src.prediction.risk_forecast: Risk index for 腾讯官网: 20.0 (中风险)
2026-08-16 19:26:04 [INFO] src.prediction.risk_forecast: Risk index for www.baidu.com: 0.0 (低风险)
2026-08-16 19:26:04 [INFO] __main__: Collection cycle complete — 5 targets processed
2026-08-16 19:26:04 [INFO] __main__: Next collection in 60 minutes (interval=60 min)
2026-08-16 20:26:04 [INFO] src.collection.tls_probe: TLS probe 湖南农业大学门户: score=61.0 tls=TLSv1.3 cert_days=116 headers=0 redirect=True sct=False issues=7
2026-08-16 20:26:28 [INFO] src.collection.threat_intel: Threat score for 湖南农业大学门户 (218.104.146.107): 0.00 (pulses=0)
2026-08-16 20:26:29 [INFO] src.collection.tls_probe: TLS probe 湖南省人民政府: score=47.0 tls=TLSv1.2 cert_days=183 headers=0 redirect=False sct=False issues=8
2026-08-16 20:26:37 [INFO] src.collection.threat_intel: Threat score for 湖南省人民政府 (113.246.57.9): 0.00 (pulses=0)
2026-08-16 20:26:38 [INFO] src.collection.tls_probe: TLS probe 字节跳动官网: score=82.0 tls=TLSv1.3 cert_days=155 headers=60 redirect=True sct=False issues=4
2026-08-16 20:26:42 [INFO] src.collection.threat_intel: Threat score for 字节跳动官网 (42.48.120.66): 0.00 (pulses=0)
2026-08-16 20:26:44 [INFO] src.collection.tls_probe: TLS probe 腾讯官网: score=69.8 tls=TLSv1.3 cert_days=130 headers=25 redirect=True sct=False issues=6
2026-08-16 20:26:47 [INFO] src.collection.threat_intel: Threat score for 腾讯官网 (116.162.169.116): 0.00 (pulses=0)
2026-08-16 20:26:48 [INFO] src.collection.tls_probe: TLS probe www.baidu.com: score=55.8 tls=TLSv1.2 cert_days=160 headers=25 redirect=False sct=False issues=7
2026-08-16 20:26:48 [WARNING] src.collection.icmp_probe: No IP configured for target www.baidu.com
2026-08-16 20:26:48 [WARNING] src.collection.threat_intel: No IP for target www.baidu.com; skipping threat intel
2026-08-16 20:26:52 [INFO] src.scoring.health_score: Health score for www.baidu.com: 86.6
2026-08-16 20:26:52 [INFO] src.scoring.health_score: Health score for 字节跳动官网: 97.0
2026-08-16 20:26:52 [INFO] src.scoring.health_score: Health score for 湖南农业大学门户: 81.1
2026-08-16 20:26:52 [INFO] src.scoring.health_score: Health score for 湖南省人民政府: 93.0
2026-08-16 20:26:52 [INFO] src.scoring.health_score: Health score for 腾讯官网: 95.0
2026-08-16 20:26:52 [WARNING] src.rules.alert_manager: ALERT [warning] www.baidu.com: TLS/HTTPS 安全评分偏低至 55.8 分（警告阈值 70）
2026-08-16 20:26:52 [WARNING] src.rules.alert_manager: ALERT [warning] 湖南农业大学门户: TLS/HTTPS 安全评分偏低至 61.0 分（警告阈值 70）
2026-08-16 20:26:52 [WARNING] src.rules.alert_manager: ALERT [critical] 湖南省人民政府: TLS/HTTPS 安全评分严重劣化至 47.0 分（危险阈值 50）
2026-08-16 20:26:52 [WARNING] src.rules.alert_manager: ALERT [warning] 腾讯官网: TLS/HTTPS 安全评分偏低至 69.8 分（警告阈值 70）
2026-08-16 20:26:52 [INFO] src.collection.content_monitor: Content unchanged for 湖南农业大学门户
2026-08-16 20:26:54 [INFO] src.collection.content_monitor: Content unchanged for 湖南省人民政府
2026-08-16 20:26:56 [INFO] src.collection.content_monitor: Content unchanged for 字节跳动官网
2026-08-16 20:26:56 [INFO] src.collection.content_monitor: Content unchanged for 腾讯官网
2026-08-16 20:27:04 [INFO] src.collection.content_monitor: Content unchanged for www.baidu.com
2026-08-16 20:27:09 [INFO] src.collection.subdomain_discovery: 被动子域名发现 湖南农业大学门户 (hunau.edu.cn): 共 15 个子域名
2026-08-16 20:27:16 [WARNING] src.collection.subdomain_discovery: crt.sh returned 503 for domain hunan.gov.cn
2026-08-16 20:27:16 [INFO] src.collection.subdomain_discovery: 被动子域名发现 湖南省人民政府 (hunan.gov.cn): 共 0 个子域名
2026-08-16 20:27:21 [WARNING] src.collection.subdomain_discovery: crt.sh returned 503 for domain bytedance.com
2026-08-16 20:27:21 [INFO] src.collection.subdomain_discovery: 被动子域名发现 字节跳动官网 (bytedance.com): 共 0 个子域名
2026-08-16 20:27:24 [WARNING] src.collection.subdomain_discovery: crt.sh returned 503 for domain tencent.com
2026-08-16 20:27:24 [INFO] src.collection.subdomain_discovery: 被动子域名发现 腾讯官网 (tencent.com): 共 0 个子域名
2026-08-16 20:27:30 [WARNING] src.collection.subdomain_discovery: crt.sh returned 503 for domain baidu.com
2026-08-16 20:27:30 [INFO] src.collection.subdomain_discovery: 被动子域名发现 www.baidu.com (baidu.com): 共 0 个子域名
2026-08-16 20:27:42 [WARNING] src.prediction.prophet_model: NeuralProphet import failed ([WinError 1114] 动态链接库(DLL)初始化例程失败。 Error loading "C:\internet_awareness\.venv\Lib\site-packages\torch\lib\c10.dll" or one of its dependencies.), will use Holt-Winters
2026-08-16 20:27:42 [INFO] src.prediction.risk_forecast: Risk index for 湖南农业大学门户: 7.0 (低风险)
2026-08-16 20:27:53 [WARNING] src.prediction.prophet_model: NeuralProphet import failed ([WinError 1114] 动态链接库(DLL)初始化例程失败。 Error loading "C:\internet_awareness\.venv\Lib\site-packages\torch\lib\c10.dll" or one of its dependencies.), will use Holt-Winters
2026-08-16 20:27:53 [INFO] src.prediction.risk_forecast: Risk index for 湖南省人民政府: 20.0 (中风险)
2026-08-16 20:28:03 [WARNING] src.prediction.prophet_model: NeuralProphet import failed ([WinError 1114] 动态链接库(DLL)初始化例程失败。 Error loading "C:\internet_awareness\.venv\Lib\site-packages\torch\lib\c10.dll" or one of its dependencies.), will use Holt-Winters
2026-08-16 20:28:03 [INFO] src.prediction.risk_forecast: Risk index for 字节跳动官网: 0.0 (低风险)
2026-08-16 20:28:14 [WARNING] src.prediction.prophet_model: NeuralProphet import failed ([WinError 1114] 动态链接库(DLL)初始化例程失败。 Error loading "C:\internet_awareness\.venv\Lib\site-packages\torch\lib\c10.dll" or one of its dependencies.), will use Holt-Winters
2026-08-16 20:28:14 [INFO] src.prediction.risk_forecast: Risk index for 腾讯官网: 20.0 (中风险)
2026-08-16 20:28:14 [INFO] src.prediction.risk_forecast: Risk index for www.baidu.com: 0.0 (低风险)
2026-08-16 20:28:14 [INFO] __main__: Collection cycle complete — 5 targets processed
2026-08-16 20:28:14 [INFO] __main__: Next collection in 60 minutes (interval=60 min)
2026-08-16 23:42:14 [INFO] src.storage.db: Database initialised at C:\internet_awareness\data\awareness.db
2026-08-16 23:42:14 [INFO] __main__: Starting standalone collector
2026-08-16 23:42:16 [INFO] src.collection.tls_probe: TLS probe 湖南农业大学门户: score=61.0 tls=TLSv1.3 cert_days=116 headers=0 redirect=True sct=False issues=7
2026-08-16 23:42:55 [ERROR] src.collection.threat_intel: OTX query error for 218.104.146.107: HTTPSConnectionPool(host='otx.alienvault.com', port=443): Read timed out. (read timeout=15)
2026-08-16 23:43:06 [INFO] src.collection.tls_probe: TLS probe 湖南省人民政府: score=47.0 tls=TLSv1.2 cert_days=183 headers=0 redirect=False sct=False issues=8
2026-08-16 23:43:19 [INFO] src.collection.threat_intel: Threat score for 湖南省人民政府 (113.246.57.9): 0.00 (pulses=0)
2026-08-16 23:43:21 [INFO] src.collection.tls_probe: TLS probe 字节跳动官网: score=82.0 tls=TLSv1.3 cert_days=155 headers=60 redirect=True sct=False issues=4
2026-08-16 23:43:26 [INFO] src.collection.threat_intel: Threat score for 字节跳动官网 (42.48.120.66): 0.00 (pulses=0)
2026-08-16 23:43:27 [INFO] src.collection.tls_probe: TLS probe 腾讯官网: score=69.8 tls=TLSv1.3 cert_days=130 headers=25 redirect=True sct=False issues=6
2026-08-16 23:43:31 [INFO] src.collection.threat_intel: Threat score for 腾讯官网 (116.162.169.116): 0.00 (pulses=0)
2026-08-16 23:43:34 [INFO] src.collection.tls_probe: TLS probe www.baidu.com: score=55.8 tls=TLSv1.2 cert_days=160 headers=25 redirect=False sct=False issues=7
2026-08-16 23:43:34 [WARNING] src.collection.icmp_probe: No IP configured for target www.baidu.com
2026-08-16 23:43:34 [WARNING] src.collection.threat_intel: No IP for target www.baidu.com; skipping threat intel
2026-08-16 23:43:40 [INFO] src.scoring.health_score: Health score for www.baidu.com: 86.5
2026-08-16 23:43:40 [INFO] src.scoring.health_score: Health score for 字节跳动官网: 96.7
2026-08-16 23:43:40 [INFO] src.scoring.health_score: Health score for 湖南农业大学门户: 75.8
2026-08-16 23:43:40 [INFO] src.scoring.health_score: Health score for 湖南省人民政府: 86.8
2026-08-16 23:43:40 [INFO] src.scoring.health_score: Health score for 腾讯官网: 94.0
2026-08-16 23:43:40 [WARNING] src.rules.alert_manager: ALERT [warning] www.baidu.com: TLS/HTTPS 安全评分偏低至 55.8 分（警告阈值 70）
2026-08-16 23:43:40 [WARNING] src.rules.alert_manager: ALERT [warning] 湖南农业大学门户: TLS/HTTPS 安全评分偏低至 61.0 分（警告阈值 70）
2026-08-16 23:43:40 [WARNING] src.rules.alert_manager: ALERT [critical] 湖南省人民政府: TLS/HTTPS 安全评分严重劣化至 47.0 分（危险阈值 50）
2026-08-16 23:43:41 [WARNING] src.rules.alert_manager: ALERT [warning] 腾讯官网: TLS/HTTPS 安全评分偏低至 69.8 分（警告阈值 70）
2026-08-16 23:43:42 [INFO] src.collection.content_monitor: Content unchanged for 湖南农业大学门户
2026-08-16 23:43:50 [INFO] src.collection.content_monitor: Content unchanged for 湖南省人民政府
2026-08-16 23:43:54 [INFO] src.collection.content_monitor: Content unchanged for 字节跳动官网
2026-08-16 23:43:54 [INFO] src.collection.content_monitor: Content unchanged for 腾讯官网
2026-08-16 23:44:04 [INFO] src.collection.content_monitor: Content unchanged for www.baidu.com
2026-08-16 23:44:26 [WARNING] src.collection.subdomain_discovery: crt.sh query timeout for domain hunau.edu.cn
2026-08-16 23:44:26 [INFO] src.collection.subdomain_discovery: 被动子域名发现 湖南农业大学门户 (hunau.edu.cn): 共 0 个子域名
2026-08-16 23:44:48 [WARNING] src.collection.subdomain_discovery: crt.sh query timeout for domain hunan.gov.cn
2026-08-16 23:44:48 [INFO] src.collection.subdomain_discovery: 被动子域名发现 湖南省人民政府 (hunan.gov.cn): 共 0 个子域名
2026-08-16 23:45:09 [WARNING] src.collection.subdomain_discovery: crt.sh query timeout for domain bytedance.com
2026-08-16 23:45:09 [INFO] src.collection.subdomain_discovery: 被动子域名发现 字节跳动官网 (bytedance.com): 共 0 个子域名
2026-08-16 23:45:30 [WARNING] src.collection.subdomain_discovery: crt.sh query timeout for domain tencent.com
2026-08-16 23:45:30 [INFO] src.collection.subdomain_discovery: 被动子域名发现 腾讯官网 (tencent.com): 共 0 个子域名
2026-08-16 23:45:40 [WARNING] src.collection.subdomain_discovery: crt.sh returned 503 for domain baidu.com
2026-08-16 23:45:40 [INFO] src.collection.subdomain_discovery: 被动子域名发现 www.baidu.com (baidu.com): 共 0 个子域名
2026-08-16 23:45:50 [WARNING] src.prediction.prophet_model: NeuralProphet import failed ([WinError 1114] 动态链接库(DLL)初始化例程失败。 Error loading "C:\internet_awareness\.venv\Lib\site-packages\torch\lib\c10.dll" or one of its dependencies.), will use Holt-Winters
2026-08-16 23:45:53 [INFO] src.prediction.risk_forecast: Risk index for 湖南农业大学门户: 7.0 (低风险)
2026-08-16 23:46:01 [WARNING] src.prediction.prophet_model: NeuralProphet import failed ([WinError 1114] 动态链接库(DLL)初始化例程失败。 Error loading "C:\internet_awareness\.venv\Lib\site-packages\torch\lib\c10.dll" or one of its dependencies.), will use Holt-Winters
2026-08-16 23:46:01 [INFO] src.prediction.risk_forecast: Risk index for 湖南省人民政府: 20.0 (中风险)
2026-08-16 23:46:08 [WARNING] src.prediction.prophet_model: NeuralProphet import failed ([WinError 1114] 动态链接库(DLL)初始化例程失败。 Error loading "C:\internet_awareness\.venv\Lib\site-packages\torch\lib\c10.dll" or one of its dependencies.), will use Holt-Winters
2026-08-16 23:46:09 [INFO] src.prediction.risk_forecast: Risk index for 字节跳动官网: 0.0 (低风险)
2026-08-16 23:46:19 [WARNING] src.prediction.prophet_model: NeuralProphet import failed ([WinError 1114] 动态链接库(DLL)初始化例程失败。 Error loading "C:\internet_awareness\.venv\Lib\site-packages\torch\lib\c10.dll" or one of its dependencies.), will use Holt-Winters
2026-08-16 23:46:22 [INFO] src.prediction.risk_forecast: Risk index for 腾讯官网: 20.0 (中风险)
2026-08-16 23:46:24 [INFO] src.prediction.risk_forecast: Risk index for www.baidu.com: 0.0 (低风险)
2026-08-16 23:46:24 [INFO] __main__: Collection cycle complete — 5 targets processed
2026-08-16 23:46:24 [INFO] __main__: Next collection in 60 minutes (interval=60 min)
2026-08-16 23:57:43 [INFO] src.storage.db: Database initialised at C:\internet_awareness\data\awareness.db
2026-08-16 23:57:43 [INFO] __main__: Starting standalone collector
2026-08-16 23:57:51 [INFO] src.collection.tls_probe: TLS probe 湖南农业大学门户: score=61.0 tls=TLSv1.3 cert_days=116 headers=0 redirect=True sct=False issues=7
2026-08-16 23:58:29 [ERROR] src.collection.threat_intel: OTX query error for 218.104.146.107: HTTPSConnectionPool(host='otx.alienvault.com', port=443): Read timed out. (read timeout=15)
2026-08-16 23:58:38 [INFO] src.collection.tls_probe: TLS probe 湖南省人民政府: score=47.0 tls=TLSv1.2 cert_days=183 headers=0 redirect=False sct=False issues=8
2026-08-16 23:58:57 [ERROR] src.collection.threat_intel: OTX query error for 113.246.57.9: HTTPSConnectionPool(host='otx.alienvault.com', port=443): Read timed out. (read timeout=15)
2026-08-16 23:59:03 [INFO] src.collection.tls_probe: TLS probe 字节跳动官网: score=82.0 tls=TLSv1.3 cert_days=155 headers=60 redirect=True sct=False issues=4
2026-08-16 23:59:09 [INFO] src.collection.threat_intel: Threat score for 字节跳动官网 (42.48.120.66): 0.00 (pulses=0)
2026-08-16 23:59:10 [INFO] src.collection.tls_probe: TLS probe 腾讯官网: score=69.8 tls=TLSv1.3 cert_days=130 headers=25 redirect=True sct=False issues=6
2026-08-16 23:59:24 [INFO] src.collection.threat_intel: Threat score for 腾讯官网 (116.162.169.116): 0.00 (pulses=0)
2026-08-16 23:59:25 [INFO] src.collection.tls_probe: TLS probe 百度官网: score=55.8 tls=TLSv1.2 cert_days=160 headers=25 redirect=False sct=False issues=7
2026-08-16 23:59:25 [WARNING] src.collection.icmp_probe: No IP configured for target 百度官网
2026-08-16 23:59:25 [WARNING] src.collection.threat_intel: No IP for target 百度官网; skipping threat intel
2026-08-16 23:59:29 [INFO] src.scoring.health_score: Health score for 字节跳动官网: 96.5
2026-08-16 23:59:29 [INFO] src.scoring.health_score: Health score for 湖南农业大学门户: 76.2
2026-08-16 23:59:29 [INFO] src.scoring.health_score: Health score for 湖南省人民政府: 79.8
2026-08-16 23:59:29 [INFO] src.scoring.health_score: Health score for 百度官网: 86.5
2026-08-16 23:59:29 [INFO] src.scoring.health_score: Health score for 腾讯官网: 94.2
2026-08-16 23:59:30 [WARNING] src.rules.alert_manager: ALERT [warning] 湖南农业大学门户: TLS/HTTPS 安全评分偏低至 61.0 分（警告阈值 70）
2026-08-16 23:59:30 [WARNING] src.rules.alert_manager: ALERT [critical] 湖南省人民政府: TLS/HTTPS 安全评分严重劣化至 47.0 分（危险阈值 50）
2026-08-16 23:59:30 [WARNING] src.rules.alert_manager: ALERT [warning] 百度官网: TLS/HTTPS 安全评分偏低至 55.8 分（警告阈值 70）
2026-08-16 23:59:30 [WARNING] src.rules.alert_manager: ALERT [warning] 腾讯官网: TLS/HTTPS 安全评分偏低至 69.8 分（警告阈值 70）
2026-08-16 23:59:30 [INFO] src.collection.content_monitor: Content unchanged for 湖南农业大学门户
2026-08-16 23:59:37 [INFO] src.collection.content_monitor: Content unchanged for 湖南省人民政府
2026-08-16 23:59:42 [INFO] src.collection.content_monitor: Content unchanged for 字节跳动官网
2026-08-16 23:59:42 [INFO] src.collection.content_monitor: Content unchanged for 腾讯官网
2026-08-16 23:59:48 [INFO] src.collection.content_monitor: Content baseline established for 百度官网 (hash=e3b0c44298fc)
2026-08-16 23:59:50 [WARNING] src.collection.subdomain_discovery: crt.sh returned 503 for domain hunau.edu.cn
2026-08-16 23:59:50 [INFO] src.collection.subdomain_discovery: 被动子域名发现 湖南农业大学门户 (hunau.edu.cn): 共 0 个子域名
2026-08-17 00:00:31 [INFO] src.collection.subdomain_discovery: 被动子域名发现 湖南省人民政府 (hunan.gov.cn): 共 90 个子域名
2026-08-17 00:00:40 [INFO] src.collection.subdomain_discovery: 目标 湖南省人民政府 新增被动发现资产 15 个：['mpa.hunan.gov.cn', 'pss.ybj.hunan.gov.cn', 'pwq.sthjt.hunan.gov.cn', 'rdjg.dfjrjgj.hunan.gov.cn', 'sfsd.hunan.gov.cn', 'sign.hunan.gov.cn', 'sq.mzw.hunan.gov.cn', 'tps.ybj.hunan.gov.cn', 'vod.hunan.gov.cn', 'vpn.zrzyt.hunan.gov.cn', 'wfy.hunan.gov.cn', 'whhlyt.hunan.gov.cn', 'wlstpt.gbdsj.hunan.gov.cn', 'wss.hunan.gov.cn', 'wsxf.hunan.gov.cn']
2026-08-17 00:00:41 [WARNING] src.rules.alert_manager: ALERT [warning] 湖南省人民政府: 发现 15 个新的对外暴露子域名
2026-08-17 00:01:36 [INFO] src.collection.subdomain_discovery: 被动子域名发现 字节跳动官网 (bytedance.com): 共 89 个子域名
2026-08-17 00:01:38 [INFO] src.collection.subdomain_discovery: 目标 字节跳动官网 新增被动发现资产 14 个：['procurement.kol.bytedance.com', 'scholarship.bytedance.com', 'sealsuite-oss.bytedance.com', 'sec-pentest.bytedance.com', 'secureshare.bytedance.com', 'smtp.bytedance.com', 'supplier.kol.bytedance.com', 'test-vod-console.bytedance.com', 'test.bytedance.com', 'ups.bytedance.com', 'utils.larkcloud.bytedance.com', 'wcs-edge.bytedance.com', 'xixiaotong.tms.bytedance.com', 'zd.feishu.bytedance.com']
2026-08-17 00:01:38 [WARNING] src.rules.alert_manager: ALERT [warning] 字节跳动官网: 发现 14 个新的对外暴露子域名
2026-08-17 00:01:48 [WARNING] src.collection.subdomain_discovery: crt.sh returned 404 for domain tencent.com
2026-08-17 00:01:48 [INFO] src.collection.subdomain_discovery: 被动子域名发现 腾讯官网 (tencent.com): 共 0 个子域名
2026-08-17 00:02:16 [WARNING] src.collection.subdomain_discovery: crt.sh query timeout for domain baidu.com
2026-08-17 00:02:16 [INFO] src.collection.subdomain_discovery: 被动子域名发现 百度官网 (baidu.com): 共 0 个子域名
2026-08-17 00:02:21 [WARNING] src.prediction.prophet_model: NeuralProphet import failed ([WinError 1114] 动态链接库(DLL)初始化例程失败。 Error loading "C:\internet_awareness\.venv\Lib\site-packages\torch\lib\c10.dll" or one of its dependencies.), will use Holt-Winters
2026-08-17 00:02:25 [INFO] src.prediction.risk_forecast: Risk index for 湖南农业大学门户: 7.0 (低风险)
2026-08-17 00:02:32 [WARNING] src.prediction.prophet_model: NeuralProphet import failed ([WinError 1114] 动态链接库(DLL)初始化例程失败。 Error loading "C:\internet_awareness\.venv\Lib\site-packages\torch\lib\c10.dll" or one of its dependencies.), will use Holt-Winters
2026-08-17 00:02:32 [INFO] src.prediction.risk_forecast: Risk index for 湖南省人民政府: 20.0 (中风险)
2026-08-17 00:02:38 [WARNING] src.prediction.prophet_model: NeuralProphet import failed ([WinError 1114] 动态链接库(DLL)初始化例程失败。 Error loading "C:\internet_awareness\.venv\Lib\site-packages\torch\lib\c10.dll" or one of its dependencies.), will use Holt-Winters
2026-08-17 00:02:38 [INFO] src.prediction.risk_forecast: Risk index for 字节跳动官网: 0.0 (低风险)
2026-08-17 00:02:45 [WARNING] src.prediction.prophet_model: NeuralProphet import failed ([WinError 1114] 动态链接库(DLL)初始化例程失败。 Error loading "C:\internet_awareness\.venv\Lib\site-packages\torch\lib\c10.dll" or one of its dependencies.), will use Holt-Winters
2026-08-17 00:02:45 [INFO] src.prediction.risk_forecast: Risk index for 腾讯官网: 20.0 (中风险)
2026-08-17 00:02:45 [INFO] src.prediction.risk_forecast: Risk index for 百度官网: 0.0 (低风险)
2026-08-17 00:02:45 [INFO] __main__: Collection cycle complete — 5 targets processed
2026-08-17 00:02:45 [INFO] __main__: Next collection in 60 minutes (interval=60 min)
2026-08-17 12:42:54 [INFO] src.storage.db: Database initialised at C:\internet_awareness\data\awareness.db
2026-08-17 12:42:54 [INFO] __main__: Starting standalone collector
2026-08-17 12:42:54 [INFO] src.collection.tls_probe: TLS probe 湖南农业大学门户: score=61.0 tls=TLSv1.3 cert_days=116 headers=0 redirect=True sct=False issues=7
2026-08-17 12:43:17 [INFO] src.collection.threat_intel: Threat score for 湖南农业大学门户 (218.104.146.107): 0.00 (pulses=0)
2026-08-17 12:43:18 [INFO] src.collection.tls_probe: TLS probe 湖南省人民政府: score=47.0 tls=TLSv1.2 cert_days=182 headers=0 redirect=False sct=False issues=8
2026-08-17 12:43:26 [INFO] src.collection.threat_intel: Threat score for 湖南省人民政府 (113.246.57.9): 0.00 (pulses=0)
2026-08-17 12:43:27 [INFO] src.collection.tls_probe: TLS probe 字节跳动官网: score=82.0 tls=TLSv1.3 cert_days=154 headers=60 redirect=True sct=False issues=4
2026-08-17 12:43:32 [INFO] src.collection.threat_intel: Threat score for 字节跳动官网 (42.48.120.66): 0.00 (pulses=0)
2026-08-17 12:43:33 [INFO] src.collection.tls_probe: TLS probe 腾讯官网: score=69.8 tls=TLSv1.3 cert_days=130 headers=25 redirect=True sct=False issues=6
2026-08-17 12:43:48 [ERROR] src.collection.threat_intel: OTX query error for 116.162.169.116: HTTPSConnectionPool(host='otx.alienvault.com', port=443): Read timed out. (read timeout=15)
2026-08-17 12:43:52 [INFO] src.collection.tls_probe: TLS probe 百度官网: score=55.8 tls=TLSv1.2 cert_days=159 headers=25 redirect=False sct=False issues=7
2026-08-17 12:43:52 [WARNING] src.collection.icmp_probe: No IP configured for target 百度官网
2026-08-17 12:43:52 [WARNING] src.collection.threat_intel: No IP for target 百度官网; skipping threat intel
2026-08-17 12:43:56 [INFO] src.scoring.health_score: Health score for 字节跳动官网: 96.9
2026-08-17 12:43:56 [INFO] src.scoring.health_score: Health score for 湖南农业大学门户: 81.0
2026-08-17 12:43:56 [INFO] src.scoring.health_score: Health score for 湖南省人民政府: 92.8
2026-08-17 12:43:56 [INFO] src.scoring.health_score: Health score for 百度官网: 86.9
2026-08-17 12:43:56 [INFO] src.scoring.health_score: Health score for 腾讯官网: 90.8
2026-08-17 12:43:56 [WARNING] src.rules.alert_manager: ALERT [warning] 湖南农业大学门户: TLS/HTTPS 安全评分偏低至 61.0 分（警告阈值 70）
2026-08-17 12:43:56 [WARNING] src.rules.alert_manager: ALERT [critical] 湖南省人民政府: TLS/HTTPS 安全评分严重劣化至 47.0 分（危险阈值 50）
2026-08-17 12:43:56 [WARNING] src.rules.alert_manager: ALERT [warning] 百度官网: TLS/HTTPS 安全评分偏低至 55.8 分（警告阈值 70）
2026-08-17 12:43:56 [WARNING] src.rules.alert_manager: ALERT [warning] 腾讯官网: TLS/HTTPS 安全评分偏低至 69.8 分（警告阈值 70）
2026-08-17 12:43:57 [INFO] src.collection.content_monitor: Content unchanged for 湖南农业大学门户
2026-08-17 12:43:59 [INFO] src.collection.content_monitor: Content unchanged for 湖南省人民政府
2026-08-17 12:44:01 [INFO] src.collection.content_monitor: Content unchanged for 字节跳动官网
2026-08-17 12:44:01 [INFO] src.collection.content_monitor: Content unchanged for 腾讯官网
2026-08-17 12:44:08 [INFO] src.collection.content_monitor: Content unchanged for 百度官网
2026-08-17 12:44:31 [WARNING] src.collection.subdomain_discovery: crt.sh query timeout for domain hunau.edu.cn
2026-08-17 12:44:31 [INFO] src.collection.subdomain_discovery: 被动子域名发现 湖南农业大学门户 (hunau.edu.cn): 共 0 个子域名
2026-08-17 12:44:33 [WARNING] src.collection.subdomain_discovery: crt.sh returned 404 for domain hunan.gov.cn
2026-08-17 12:44:33 [INFO] src.collection.subdomain_discovery: 被动子域名发现 湖南省人民政府 (hunan.gov.cn): 共 0 个子域名
2026-08-17 12:44:43 [INFO] src.collection.subdomain_discovery: 被动子域名发现 字节跳动官网 (bytedance.com): 共 89 个子域名
2026-08-17 12:45:07 [WARNING] src.collection.subdomain_discovery: crt.sh query timeout for domain tencent.com
2026-08-17 12:45:07 [INFO] src.collection.subdomain_discovery: 被动子域名发现 腾讯官网 (tencent.com): 共 0 个子域名
2026-08-17 12:45:28 [WARNING] src.collection.subdomain_discovery: crt.sh query timeout for domain baidu.com
2026-08-17 12:45:28 [INFO] src.collection.subdomain_discovery: 被动子域名发现 百度官网 (baidu.com): 共 0 个子域名
2026-08-17 12:45:31 [WARNING] src.prediction.prophet_model: NeuralProphet import failed ([WinError 1114] 动态链接库(DLL)初始化例程失败。 Error loading "C:\internet_awareness\.venv\Lib\site-packages\torch\lib\c10.dll" or one of its dependencies.), will use Holt-Winters
2026-08-17 12:45:33 [INFO] src.prediction.risk_forecast: Risk index for 湖南农业大学门户: 7.0 (低风险)
2026-08-17 12:45:39 [WARNING] src.prediction.prophet_model: NeuralProphet import failed ([WinError 1114] 动态链接库(DLL)初始化例程失败。 Error loading "C:\internet_awareness\.venv\Lib\site-packages\torch\lib\c10.dll" or one of its dependencies.), will use Holt-Winters
2026-08-17 12:45:39 [INFO] src.prediction.risk_forecast: Risk index for 湖南省人民政府: 20.0 (中风险)
2026-08-17 12:45:45 [WARNING] src.prediction.prophet_model: NeuralProphet import failed ([WinError 1114] 动态链接库(DLL)初始化例程失败。 Error loading "C:\internet_awareness\.venv\Lib\site-packages\torch\lib\c10.dll" or one of its dependencies.), will use Holt-Winters
2026-08-17 12:45:45 [INFO] src.prediction.risk_forecast: Risk index for 字节跳动官网: 0.0 (低风险)
2026-08-17 12:45:51 [WARNING] src.prediction.prophet_model: NeuralProphet import failed ([WinError 1114] 动态链接库(DLL)初始化例程失败。 Error loading "C:\internet_awareness\.venv\Lib\site-packages\torch\lib\c10.dll" or one of its dependencies.), will use Holt-Winters
2026-08-17 12:45:51 [INFO] src.prediction.risk_forecast: Risk index for 腾讯官网: 20.0 (中风险)
2026-08-17 12:45:51 [INFO] src.prediction.risk_forecast: Risk index for 百度官网: 0.0 (低风险)
2026-08-17 12:45:52 [INFO] src.rules.adaptive_baseline: 基线更新完成
2026-08-17 12:45:52 [INFO] __main__: Collection cycle complete — 5 targets processed
2026-08-17 12:45:52 [INFO] __main__: Next collection in 60 minutes (interval=60 min)
2026-08-17 13:45:52 [INFO] src.collection.tls_probe: TLS probe 湖南农业大学门户: score=61.0 tls=TLSv1.3 cert_days=116 headers=0 redirect=True sct=False issues=7
2026-08-17 13:46:17 [INFO] src.collection.threat_intel: Threat score for 湖南农业大学门户 (218.104.146.107): 0.00 (pulses=0)
2026-08-17 13:46:19 [INFO] src.collection.tls_probe: TLS probe 湖南省人民政府: score=47.0 tls=TLSv1.2 cert_days=182 headers=0 redirect=False sct=False issues=8
2026-08-17 13:46:30 [INFO] src.collection.threat_intel: Threat score for 湖南省人民政府 (113.246.57.9): 0.00 (pulses=0)
2026-08-17 13:46:31 [INFO] src.collection.tls_probe: TLS probe 字节跳动官网: score=82.0 tls=TLSv1.3 cert_days=154 headers=60 redirect=True sct=False issues=4
2026-08-17 13:46:36 [INFO] src.collection.threat_intel: Threat score for 字节跳动官网 (42.48.120.66): 0.00 (pulses=0)
2026-08-17 13:46:36 [INFO] src.collection.tls_probe: TLS probe 腾讯官网: score=69.8 tls=TLSv1.3 cert_days=130 headers=25 redirect=True sct=False issues=6
2026-08-17 13:46:40 [INFO] src.collection.threat_intel: Threat score for 腾讯官网 (116.162.169.116): 0.00 (pulses=0)
2026-08-17 13:46:41 [INFO] src.collection.tls_probe: TLS probe 百度官网: score=55.8 tls=TLSv1.2 cert_days=159 headers=25 redirect=False sct=False issues=7
2026-08-17 13:46:41 [WARNING] src.collection.icmp_probe: No IP configured for target 百度官网
2026-08-17 13:46:41 [WARNING] src.collection.threat_intel: No IP for target 百度官网; skipping threat intel
2026-08-17 13:46:46 [INFO] src.scoring.health_score: Health score for 字节跳动官网: 97.0
2026-08-17 13:46:46 [INFO] src.scoring.health_score: Health score for 湖南农业大学门户: 81.1
2026-08-17 13:46:46 [INFO] src.scoring.health_score: Health score for 湖南省人民政府: 93.0
2026-08-17 13:46:46 [INFO] src.scoring.health_score: Health score for 百度官网: 86.7
2026-08-17 13:46:46 [INFO] src.scoring.health_score: Health score for 腾讯官网: 95.1
2026-08-17 13:46:46 [WARNING] src.rules.alert_manager: ALERT [warning] 湖南农业大学门户: TLS/HTTPS 安全评分偏低至 61.0 分（警告阈值 70）
2026-08-17 13:46:46 [WARNING] src.rules.alert_manager: ALERT [critical] 湖南省人民政府: TLS/HTTPS 安全评分严重劣化至 47.0 分（危险阈值 50）
2026-08-17 13:46:46 [WARNING] src.rules.alert_manager: ALERT [warning] 百度官网: TLS/HTTPS 安全评分偏低至 55.8 分（警告阈值 70）
2026-08-17 13:46:46 [WARNING] src.rules.alert_manager: ALERT [warning] 腾讯官网: TLS/HTTPS 安全评分偏低至 69.8 分（警告阈值 70）
2026-08-17 13:46:46 [INFO] src.collection.content_monitor: Content unchanged for 湖南农业大学门户
2026-08-17 13:46:48 [INFO] src.collection.content_monitor: Content unchanged for 湖南省人民政府
2026-08-17 13:46:50 [INFO] src.collection.content_monitor: Content unchanged for 字节跳动官网
2026-08-17 13:46:50 [INFO] src.collection.content_monitor: Content unchanged for 腾讯官网
2026-08-17 13:46:56 [INFO] src.collection.content_monitor: Content unchanged for 百度官网
2026-08-17 13:47:00 [INFO] src.collection.subdomain_discovery: 被动子域名发现 湖南农业大学门户 (hunau.edu.cn): 共 15 个子域名
2026-08-17 13:47:07 [WARNING] src.collection.subdomain_discovery: crt.sh returned 503 for domain hunan.gov.cn
2026-08-17 13:47:07 [INFO] src.collection.subdomain_discovery: 被动子域名发现 湖南省人民政府 (hunan.gov.cn): 共 0 个子域名
2026-08-17 13:47:11 [WARNING] src.collection.subdomain_discovery: crt.sh returned 503 for domain bytedance.com
2026-08-17 13:47:11 [INFO] src.collection.subdomain_discovery: 被动子域名发现 字节跳动官网 (bytedance.com): 共 0 个子域名
2026-08-17 13:47:13 [WARNING] src.collection.subdomain_discovery: crt.sh returned 503 for domain tencent.com
2026-08-17 13:47:13 [INFO] src.collection.subdomain_discovery: 被动子域名发现 腾讯官网 (tencent.com): 共 0 个子域名
2026-08-17 13:47:21 [WARNING] src.collection.subdomain_discovery: crt.sh returned 503 for domain baidu.com
2026-08-17 13:47:21 [INFO] src.collection.subdomain_discovery: 被动子域名发现 百度官网 (baidu.com): 共 0 个子域名
2026-08-17 13:47:34 [WARNING] src.prediction.prophet_model: NeuralProphet import failed ([WinError 1114] 动态链接库(DLL)初始化例程失败。 Error loading "C:\internet_awareness\.venv\Lib\site-packages\torch\lib\c10.dll" or one of its dependencies.), will use Holt-Winters
2026-08-17 13:47:34 [INFO] src.prediction.risk_forecast: Risk index for 湖南农业大学门户: 7.0 (低风险)
2026-08-17 13:47:45 [WARNING] src.prediction.prophet_model: NeuralProphet import failed ([WinError 1114] 动态链接库(DLL)初始化例程失败。 Error loading "C:\internet_awareness\.venv\Lib\site-packages\torch\lib\c10.dll" or one of its dependencies.), will use Holt-Winters
2026-08-17 13:47:46 [INFO] src.prediction.risk_forecast: Risk index for 湖南省人民政府: 20.0 (中风险)
2026-08-17 13:47:57 [WARNING] src.prediction.prophet_model: NeuralProphet import failed ([WinError 1114] 动态链接库(DLL)初始化例程失败。 Error loading "C:\internet_awareness\.venv\Lib\site-packages\torch\lib\c10.dll" or one of its dependencies.), will use Holt-Winters
2026-08-17 13:47:57 [INFO] src.prediction.risk_forecast: Risk index for 字节跳动官网: 0.0 (低风险)
2026-08-17 13:48:09 [WARNING] src.prediction.prophet_model: NeuralProphet import failed ([WinError 1114] 动态链接库(DLL)初始化例程失败。 Error loading "C:\internet_awareness\.venv\Lib\site-packages\torch\lib\c10.dll" or one of its dependencies.), will use Holt-Winters
2026-08-17 13:48:10 [INFO] src.prediction.risk_forecast: Risk index for 腾讯官网: 20.0 (中风险)
2026-08-17 13:48:10 [INFO] src.prediction.risk_forecast: Risk index for 百度官网: 0.0 (低风险)
2026-08-17 13:48:10 [INFO] src.rules.adaptive_baseline: 基线更新完成
2026-08-17 13:48:10 [INFO] __main__: Collection cycle complete — 5 targets processed
2026-08-17 13:48:10 [INFO] __main__: Next collection in 60 minutes (interval=60 min)
2026-08-17 14:50:01 [INFO] src.collection.tls_probe: TLS probe 湖南农业大学门户: score=61.0 tls=TLSv1.3 cert_days=116 headers=0 redirect=True sct=False issues=7
2026-08-17 14:50:27 [INFO] src.collection.threat_intel: Threat score for 湖南农业大学门户 (218.104.146.107): 0.00 (pulses=0)
2026-08-17 14:50:28 [INFO] src.collection.tls_probe: TLS probe 湖南省人民政府: score=47.0 tls=TLSv1.2 cert_days=182 headers=0 redirect=False sct=False issues=8
2026-08-17 14:50:35 [INFO] src.collection.threat_intel: Threat score for 湖南省人民政府 (113.246.57.9): 0.00 (pulses=0)
2026-08-17 14:50:38 [INFO] src.collection.tls_probe: TLS probe 字节跳动官网: score=82.0 tls=TLSv1.3 cert_days=154 headers=60 redirect=True sct=False issues=4
2026-08-17 14:50:42 [INFO] src.collection.threat_intel: Threat score for 字节跳动官网 (42.48.120.66): 0.00 (pulses=0)
2026-08-17 14:50:42 [INFO] src.collection.tls_probe: TLS probe 腾讯官网: score=69.8 tls=TLSv1.3 cert_days=129 headers=25 redirect=True sct=False issues=6
2026-08-17 14:50:46 [INFO] src.collection.threat_intel: Threat score for 腾讯官网 (116.162.169.116): 0.00 (pulses=0)
2026-08-17 14:50:49 [INFO] src.collection.tls_probe: TLS probe 百度官网: score=55.8 tls=TLSv1.2 cert_days=159 headers=25 redirect=False sct=False issues=7
2026-08-17 14:50:49 [WARNING] src.collection.icmp_probe: No IP configured for target 百度官网
2026-08-17 14:50:49 [WARNING] src.collection.threat_intel: No IP for target 百度官网; skipping threat intel
2026-08-17 14:50:57 [INFO] src.scoring.health_score: Health score for 字节跳动官网: 96.2
2026-08-17 14:50:57 [INFO] src.scoring.health_score: Health score for 湖南农业大学门户: 80.2
2026-08-17 14:50:57 [INFO] src.scoring.health_score: Health score for 湖南省人民政府: 92.9
2026-08-17 14:50:57 [INFO] src.scoring.health_score: Health score for 百度官网: 86.6
2026-08-17 14:50:57 [INFO] src.scoring.health_score: Health score for 腾讯官网: 95.0
2026-08-17 14:50:57 [WARNING] src.rules.alert_manager: ALERT [warning] 湖南农业大学门户: TLS/HTTPS 安全评分偏低至 61.0 分（警告阈值 70）
2026-08-17 14:50:57 [WARNING] src.rules.alert_manager: ALERT [critical] 湖南省人民政府: TLS/HTTPS 安全评分严重劣化至 47.0 分（危险阈值 50）
2026-08-17 14:50:57 [WARNING] src.rules.alert_manager: ALERT [warning] 百度官网: TLS/HTTPS 安全评分偏低至 55.8 分（警告阈值 70）
2026-08-17 14:50:57 [WARNING] src.rules.alert_manager: ALERT [warning] 腾讯官网: TLS/HTTPS 安全评分偏低至 69.8 分（警告阈值 70）
2026-08-17 14:50:58 [INFO] src.collection.content_monitor: Content unchanged for 湖南农业大学门户
2026-08-17 14:51:05 [INFO] src.collection.content_monitor: Content unchanged for 湖南省人民政府
2026-08-17 14:51:09 [INFO] src.collection.content_monitor: Content unchanged for 字节跳动官网
2026-08-17 14:51:09 [INFO] src.collection.content_monitor: Content unchanged for 腾讯官网
2026-08-17 14:51:15 [INFO] src.collection.content_monitor: Content unchanged for 百度官网
2026-08-17 14:51:23 [WARNING] src.collection.subdomain_discovery: crt.sh returned 503 for domain hunau.edu.cn
2026-08-17 14:51:23 [INFO] src.collection.subdomain_discovery: 被动子域名发现 湖南农业大学门户 (hunau.edu.cn): 共 0 个子域名
2026-08-17 14:51:37 [WARNING] src.collection.subdomain_discovery: crt.sh returned 503 for domain hunan.gov.cn
2026-08-17 14:51:37 [INFO] src.collection.subdomain_discovery: 被动子域名发现 湖南省人民政府 (hunan.gov.cn): 共 0 个子域名
2026-08-17 14:51:38 [WARNING] src.collection.subdomain_discovery: crt.sh returned 502 for domain bytedance.com
2026-08-17 14:51:38 [INFO] src.collection.subdomain_discovery: 被动子域名发现 字节跳动官网 (bytedance.com): 共 0 个子域名
2026-08-17 14:52:01 [WARNING] src.collection.subdomain_discovery: crt.sh query timeout for domain tencent.com
2026-08-17 14:52:01 [INFO] src.collection.subdomain_discovery: 被动子域名发现 腾讯官网 (tencent.com): 共 0 个子域名
2026-08-17 14:53:36 [INFO] src.collection.subdomain_discovery: 被动子域名发现 百度官网 (baidu.com): 共 717 个子域名
2026-08-17 14:53:43 [INFO] src.collection.subdomain_discovery: 目标 百度官网 新增被动发现资产 15 个：['1.baidu.com', '1212.baidu.com', '8.baidu.com', 'a.blcs.waimai.baidu.com', 'ability.api.sao.baidu.com', 'abot.pos.baidu.com', 'account.mobopay.baidu.com', 'activity.umoney.baidu.com', 'activitydianying.baidu.com', 'actyun.pan.baidu.com', 'adsdianying.baidu.com', 'ai-trace.baidu.com', 'ai.baidu.com', 'aics-wss.baidu.com', 'aifanfan-material.baidu.com']
2026-08-17 14:53:43 [WARNING] src.rules.alert_manager: ALERT [warning] 百度官网: 发现 15 个新的对外暴露子域名
2026-08-17 14:53:56 [WARNING] src.prediction.prophet_model: NeuralProphet import failed ([WinError 1114] 动态链接库(DLL)初始化例程失败。 Error loading "C:\internet_awareness\.venv\Lib\site-packages\torch\lib\c10.dll" or one of its dependencies.), will use Holt-Winters
2026-08-17 14:53:56 [INFO] src.prediction.risk_forecast: Risk index for 湖南农业大学门户: 7.0 (低风险)
2026-08-17 14:54:06 [WARNING] src.prediction.prophet_model: NeuralProphet import failed ([WinError 1114] 动态链接库(DLL)初始化例程失败。 Error loading "C:\internet_awareness\.venv\Lib\site-packages\torch\lib\c10.dll" or one of its dependencies.), will use Holt-Winters
2026-08-17 14:54:06 [INFO] src.prediction.risk_forecast: Risk index for 湖南省人民政府: 20.0 (中风险)
2026-08-17 14:54:17 [WARNING] src.prediction.prophet_model: NeuralProphet import failed ([WinError 1114] 动态链接库(DLL)初始化例程失败。 Error loading "C:\internet_awareness\.venv\Lib\site-packages\torch\lib\c10.dll" or one of its dependencies.), will use Holt-Winters
2026-08-17 14:54:18 [INFO] src.prediction.risk_forecast: Risk index for 字节跳动官网: 0.0 (低风险)
2026-08-17 14:54:29 [WARNING] src.prediction.prophet_model: NeuralProphet import failed ([WinError 1114] 动态链接库(DLL)初始化例程失败。 Error loading "C:\internet_awareness\.venv\Lib\site-packages\torch\lib\c10.dll" or one of its dependencies.), will use Holt-Winters
2026-08-17 14:54:29 [INFO] src.prediction.risk_forecast: Risk index for 腾讯官网: 20.0 (中风险)
2026-08-17 14:54:29 [INFO] src.prediction.risk_forecast: Risk index for 百度官网: 0.0 (低风险)
2026-08-17 14:54:29 [INFO] src.rules.adaptive_baseline: 基线更新完成
2026-08-17 14:54:29 [INFO] __main__: Collection cycle complete — 5 targets processed
2026-08-17 14:54:29 [INFO] __main__: Next collection in 60 minutes (interval=60 min)
2026-08-17 15:54:30 [INFO] src.collection.tls_probe: TLS probe 湖南农业大学门户: score=61.0 tls=TLSv1.3 cert_days=116 headers=0 redirect=True sct=False issues=7
2026-08-17 15:54:53 [INFO] src.collection.threat_intel: Threat score for 湖南农业大学门户 (218.104.146.107): 0.00 (pulses=0)
2026-08-17 15:54:54 [INFO] src.collection.tls_probe: TLS probe 湖南省人民政府: score=47.0 tls=TLSv1.2 cert_days=182 headers=0 redirect=False sct=False issues=8
2026-08-17 15:55:04 [INFO] src.collection.threat_intel: Threat score for 湖南省人民政府 (113.246.57.9): 0.00 (pulses=0)
2026-08-17 15:55:06 [INFO] src.collection.tls_probe: TLS probe 字节跳动官网: score=82.0 tls=TLSv1.3 cert_days=154 headers=60 redirect=True sct=False issues=4
2026-08-17 15:55:10 [INFO] src.collection.threat_intel: Threat score for 字节跳动官网 (42.48.120.66): 0.00 (pulses=0)
2026-08-17 15:55:13 [INFO] src.collection.tls_probe: TLS probe 腾讯官网: score=69.8 tls=TLSv1.3 cert_days=129 headers=25 redirect=True sct=False issues=6
2026-08-17 15:55:18 [INFO] src.collection.threat_intel: Threat score for 腾讯官网 (116.162.169.116): 0.00 (pulses=0)
2026-08-17 15:55:19 [INFO] src.collection.tls_probe: TLS probe 百度官网: score=55.8 tls=TLSv1.2 cert_days=159 headers=25 redirect=False sct=False issues=7
2026-08-17 15:55:19 [WARNING] src.collection.icmp_probe: No IP configured for target 百度官网
2026-08-17 15:55:19 [WARNING] src.collection.threat_intel: No IP for target 百度官网; skipping threat intel
2026-08-17 15:55:25 [INFO] src.scoring.health_score: Health score for 字节跳动官网: 95.5
2026-08-17 15:55:25 [INFO] src.scoring.health_score: Health score for 湖南农业大学门户: 81.1
2026-08-17 15:55:25 [INFO] src.scoring.health_score: Health score for 湖南省人民政府: 92.8
2026-08-17 15:55:25 [INFO] src.scoring.health_score: Health score for 百度官网: 86.7
2026-08-17 15:55:25 [INFO] src.scoring.health_score: Health score for 腾讯官网: 92.3
2026-08-17 15:55:25 [WARNING] src.rules.alert_manager: ALERT [warning] 湖南农业大学门户: TLS/HTTPS 安全评分偏低至 61.0 分（警告阈值 70）
2026-08-17 15:55:25 [WARNING] src.rules.alert_manager: ALERT [critical] 湖南省人民政府: TLS/HTTPS 安全评分严重劣化至 47.0 分（危险阈值 50）
2026-08-17 15:55:25 [WARNING] src.rules.alert_manager: ALERT [warning] 百度官网: TLS/HTTPS 安全评分偏低至 55.8 分（警告阈值 70）
2026-08-17 15:55:25 [WARNING] src.rules.alert_manager: ALERT [warning] 腾讯官网: TLS/HTTPS 安全评分偏低至 69.8 分（警告阈值 70）
2026-08-17 15:55:26 [INFO] src.collection.content_monitor: Content unchanged for 湖南农业大学门户
2026-08-17 15:55:28 [INFO] src.collection.content_monitor: Content unchanged for 湖南省人民政府
2026-08-17 15:55:31 [INFO] src.collection.content_monitor: Content unchanged for 字节跳动官网
2026-08-17 15:55:31 [INFO] src.collection.content_monitor: Content unchanged for 腾讯官网
2026-08-17 15:55:36 [INFO] src.collection.content_monitor: Content unchanged for 百度官网
2026-08-17 15:55:37 [WARNING] src.collection.subdomain_discovery: crt.sh returned 502 for domain hunau.edu.cn
2026-08-17 15:55:37 [INFO] src.collection.subdomain_discovery: 被动子域名发现 湖南农业大学门户 (hunau.edu.cn): 共 0 个子域名
2026-08-17 15:55:59 [INFO] src.collection.subdomain_discovery: 被动子域名发现 湖南省人民政府 (hunan.gov.cn): 共 90 个子域名
2026-08-17 15:56:02 [INFO] src.collection.subdomain_discovery: 目标 湖南省人民政府 新增被动发现资产 15 个：['yfpl.sthjt.hunan.gov.cn', 'ygsp.czt.hunan.gov.cn', 'yshjewm.fgw.hunan.gov.cn', 'z.zrzyt.hunan.gov.cn', 'zbsc.dfjrjgj.hunan.gov.cn', 'zcgl.jgswj.hunan.gov.cn', 'zfbgt.hunan.gov.cn', 'zfjd.sft.hunan.gov.cn', 'zjk.sthjt.hunan.gov.cn', 'zrzyt.hunan.gov.cn', 'zw.zrzyt.hunan.gov.cn', 'zwfw-new.hunan.gov.cn', 'zwfw.hunan.gov.cn', 'zwfw.sthjt.hunan.gov.cn', 'zwfw.zrzyt.hunan.gov.cn']
2026-08-17 15:56:02 [WARNING] src.rules.alert_manager: ALERT [warning] 湖南省人民政府: 发现 15 个新的对外暴露子域名
2026-08-17 15:56:36 [INFO] src.collection.subdomain_discovery: 被动子域名发现 字节跳动官网 (bytedance.com): 共 89 个子域名
2026-08-17 15:56:43 [WARNING] src.collection.subdomain_discovery: crt.sh returned 503 for domain tencent.com
2026-08-17 15:56:43 [INFO] src.collection.subdomain_discovery: 被动子域名发现 腾讯官网 (tencent.com): 共 0 个子域名
2026-08-17 15:56:52 [WARNING] src.collection.subdomain_discovery: crt.sh returned 503 for domain baidu.com
2026-08-17 15:56:52 [INFO] src.collection.subdomain_discovery: 被动子域名发现 百度官网 (baidu.com): 共 0 个子域名
2026-08-17 15:57:03 [WARNING] src.prediction.prophet_model: NeuralProphet import failed ([WinError 1114] 动态链接库(DLL)初始化例程失败。 Error loading "C:\internet_awareness\.venv\Lib\site-packages\torch\lib\c10.dll" or one of its dependencies.), will use Holt-Winters
2026-08-17 15:57:03 [INFO] src.prediction.risk_forecast: Risk index for 湖南农业大学门户: 7.0 (低风险)
2026-08-17 15:57:15 [WARNING] src.prediction.prophet_model: NeuralProphet import failed ([WinError 1114] 动态链接库(DLL)初始化例程失败。 Error loading "C:\internet_awareness\.venv\Lib\site-packages\torch\lib\c10.dll" or one of its dependencies.), will use Holt-Winters
2026-08-17 15:57:15 [INFO] src.prediction.risk_forecast: Risk index for 湖南省人民政府: 20.0 (中风险)
2026-08-17 15:57:26 [WARNING] src.prediction.prophet_model: NeuralProphet import failed ([WinError 1114] 动态链接库(DLL)初始化例程失败。 Error loading "C:\internet_awareness\.venv\Lib\site-packages\torch\lib\c10.dll" or one of its dependencies.), will use Holt-Winters
2026-08-17 15:57:26 [INFO] src.prediction.risk_forecast: Risk index for 字节跳动官网: 0.0 (低风险)
2026-08-17 15:57:37 [WARNING] src.prediction.prophet_model: NeuralProphet import failed ([WinError 1114] 动态链接库(DLL)初始化例程失败。 Error loading "C:\internet_awareness\.venv\Lib\site-packages\torch\lib\c10.dll" or one of its dependencies.), will use Holt-Winters
2026-08-17 15:57:37 [INFO] src.prediction.risk_forecast: Risk index for 腾讯官网: 20.0 (中风险)
2026-08-17 15:57:37 [INFO] src.prediction.risk_forecast: Risk index for 百度官网: 0.0 (低风险)
2026-08-17 15:57:38 [INFO] src.rules.adaptive_baseline: 基线更新完成
2026-08-17 15:57:38 [INFO] __main__: Collection cycle complete — 5 targets processed
2026-08-17 15:57:38 [INFO] __main__: Next collection in 60 minutes (interval=60 min)
2026-08-17 21:49:33 [INFO] src.collection.tls_probe: TLS probe 湖南农业大学门户: score=61.0 tls=TLSv1.3 cert_days=115 headers=0 redirect=True sct=False issues=7
2026-08-17 21:49:57 [INFO] src.collection.threat_intel: Threat score for 湖南农业大学门户 (218.104.146.107): 0.00 (pulses=0)
2026-08-17 21:54:08 [WARNING] src.collection.http_probe: HTTP probe connection error: https://www.hunan.gov.cn
2026-08-17 21:54:12 [INFO] src.collection.tls_probe: TLS probe 湖南省人民政府: score=47.0 tls=TLSv1.2 cert_days=182 headers=0 redirect=False sct=False issues=8
2026-08-17 21:54:29 [INFO] src.collection.threat_intel: Threat score for 湖南省人民政府 (113.246.57.9): 0.00 (pulses=0)
2026-08-17 21:54:34 [INFO] src.collection.tls_probe: TLS probe 字节跳动官网: score=82.0 tls=TLSv1.3 cert_days=154 headers=60 redirect=True sct=False issues=4
2026-08-17 21:54:50 [ERROR] src.collection.threat_intel: OTX query error for 42.48.120.66: HTTPSConnectionPool(host='otx.alienvault.com', port=443): Read timed out. (read timeout=15)
2026-08-17 21:54:56 [INFO] src.collection.tls_probe: TLS probe 腾讯官网: score=69.8 tls=TLSv1.3 cert_days=129 headers=25 redirect=True sct=False issues=6
2026-08-17 21:55:13 [ERROR] src.collection.threat_intel: OTX query error for 116.162.169.116: HTTPSConnectionPool(host='otx.alienvault.com', port=443): Read timed out. (read timeout=15)
2026-08-17 21:55:25 [INFO] src.collection.tls_probe: TLS probe 百度官网: score=55.8 tls=TLSv1.2 cert_days=159 headers=25 redirect=False sct=False issues=7
2026-08-17 21:55:25 [WARNING] src.collection.icmp_probe: No IP configured for target 百度官网
2026-08-17 21:55:25 [WARNING] src.collection.threat_intel: No IP for target 百度官网; skipping threat intel
2026-08-17 21:55:30 [INFO] src.scoring.health_score: Health score for 字节跳动官网: 93.9
2026-08-17 21:55:30 [INFO] src.scoring.health_score: Health score for 湖南农业大学门户: 81.1
2026-08-17 21:55:30 [INFO] src.scoring.health_score: Health score for 湖南省人民政府: 54.9
2026-08-17 21:55:30 [INFO] src.scoring.health_score: Health score for 百度官网: 86.7
2026-08-17 21:55:30 [INFO] src.scoring.health_score: Health score for 腾讯官网: 90.8
2026-08-17 21:55:30 [WARNING] src.rules.alert_manager: ALERT [warning] 湖南省人民政府: 服务健康度评分下降至 54.9 分（阈值 60 分）
2026-08-17 21:55:30 [WARNING] src.rules.alert_manager: ALERT [warning] 湖南农业大学门户: TLS/HTTPS 安全评分偏低至 61.0 分（警告阈值 70）
2026-08-17 21:55:30 [WARNING] src.rules.alert_manager: ALERT [critical] 湖南省人民政府: TLS/HTTPS 安全评分严重劣化至 47.0 分（危险阈值 50）
2026-08-17 21:55:30 [WARNING] src.rules.alert_manager: ALERT [warning] 百度官网: TLS/HTTPS 安全评分偏低至 55.8 分（警告阈值 70）
2026-08-17 21:55:30 [WARNING] src.rules.alert_manager: ALERT [warning] 腾讯官网: TLS/HTTPS 安全评分偏低至 69.8 分（警告阈值 70）
2026-08-17 21:55:30 [INFO] src.collection.content_monitor: Content unchanged for 湖南农业大学门户
2026-08-17 21:55:32 [WARNING] src.collection.content_monitor: Content CHANGED for 湖南省人民政府: 页面文本增加约 3526 字符；当前页面标题：「欢迎光临湖南省人民政府门户网站」
2026-08-17 21:55:32 [WARNING] src.collection.content_monitor: Content CHANGED for 湖南省人民政府/: 页面文本增加约 3526 字符；当前页面标题：「欢迎光临湖南省人民政府门户网站」
2026-08-17 21:55:33 [WARNING] src.collection.content_monitor: Content CHANGED for 湖南省人民政府/hnszf/szf/szf.html: 页面文本增加约 1153 字符；当前页面标题：「省政府-湖南省人民政府门户网站」
2026-08-17 21:55:35 [WARNING] src.rules.alert_manager: ALERT [critical] 湖南省人民政府: 网页内容发生变化：https://www.hunan.gov.cn
2026-08-17 21:55:36 [INFO] src.collection.content_monitor: Content unchanged for 字节跳动官网
2026-08-17 21:55:37 [INFO] src.collection.content_monitor: Content unchanged for 腾讯官网
2026-08-17 21:55:45 [INFO] src.collection.content_monitor: Content unchanged for 百度官网
2026-08-17 21:55:50 [WARNING] src.collection.subdomain_discovery: crt.sh returned 404 for domain hunau.edu.cn
2026-08-17 21:55:50 [INFO] src.collection.subdomain_discovery: 被动子域名发现 湖南农业大学门户 (hunau.edu.cn): 共 0 个子域名
2026-08-17 21:56:11 [WARNING] src.collection.subdomain_discovery: crt.sh query timeout for domain hunan.gov.cn
2026-08-17 21:56:11 [INFO] src.collection.subdomain_discovery: 被动子域名发现 湖南省人民政府 (hunan.gov.cn): 共 0 个子域名
2026-08-17 21:56:31 [WARNING] src.collection.subdomain_discovery: crt.sh returned 404 for domain bytedance.com
2026-08-17 21:56:31 [INFO] src.collection.subdomain_discovery: 被动子域名发现 字节跳动官网 (bytedance.com): 共 0 个子域名
2026-08-17 21:56:35 [WARNING] src.collection.subdomain_discovery: crt.sh returned 502 for domain tencent.com
2026-08-17 21:56:35 [INFO] src.collection.subdomain_discovery: 被动子域名发现 腾讯官网 (tencent.com): 共 0 个子域名
2026-08-17 21:56:39 [WARNING] src.collection.subdomain_discovery: crt.sh returned 502 for domain baidu.com
2026-08-17 21:56:39 [INFO] src.collection.subdomain_discovery: 被动子域名发现 百度官网 (baidu.com): 共 0 个子域名
2026-08-17 21:56:53 [WARNING] src.prediction.prophet_model: NeuralProphet import failed ([WinError 1114] 动态链接库(DLL)初始化例程失败。 Error loading "C:\internet_awareness\.venv\Lib\site-packages\torch\lib\c10.dll" or one of its dependencies.), will use Holt-Winters
2026-08-17 21:56:54 [INFO] src.prediction.risk_forecast: Risk index for 湖南农业大学门户: 14.0 (低风险)
2026-08-17 21:57:02 [WARNING] src.prediction.prophet_model: NeuralProphet import failed ([WinError 1114] 动态链接库(DLL)初始化例程失败。 Error loading "C:\internet_awareness\.venv\Lib\site-packages\torch\lib\c10.dll" or one of its dependencies.), will use Holt-Winters
2026-08-17 21:57:03 [INFO] src.prediction.risk_forecast: Risk index for 湖南省人民政府: 20.0 (中风险)
2026-08-17 21:57:09 [WARNING] src.prediction.prophet_model: NeuralProphet import failed ([WinError 1114] 动态链接库(DLL)初始化例程失败。 Error loading "C:\internet_awareness\.venv\Lib\site-packages\torch\lib\c10.dll" or one of its dependencies.), will use Holt-Winters
2026-08-17 21:57:11 [INFO] src.prediction.risk_forecast: Risk index for 字节跳动官网: 0.0 (低风险)
2026-08-17 21:57:17 [WARNING] src.prediction.prophet_model: NeuralProphet import failed ([WinError 1114] 动态链接库(DLL)初始化例程失败。 Error loading "C:\internet_awareness\.venv\Lib\site-packages\torch\lib\c10.dll" or one of its dependencies.), will use Holt-Winters
2026-08-17 21:57:18 [INFO] src.prediction.risk_forecast: Risk index for 腾讯官网: 20.0 (中风险)
2026-08-17 21:57:19 [INFO] src.prediction.risk_forecast: Risk index for 百度官网: 0.0 (低风险)
2026-08-17 21:57:22 [INFO] src.rules.adaptive_baseline: 基线更新完成
2026-08-17 21:57:22 [INFO] __main__: Collection cycle complete — 5 targets processed
2026-08-17 21:57:22 [INFO] __main__: Next collection in 60 minutes (interval=60 min)
2026-08-17 22:58:27 [INFO] src.collection.tls_probe: TLS probe 湖南农业大学门户: score=61.0 tls=TLSv1.3 cert_days=115 headers=0 redirect=True sct=False issues=7
2026-08-17 22:58:50 [INFO] src.collection.threat_intel: Threat score for 湖南农业大学门户 (218.104.146.107): 0.00 (pulses=0)
2026-08-17 22:58:54 [INFO] src.collection.tls_probe: TLS probe 湖南省人民政府: score=47.0 tls=TLSv1.2 cert_days=182 headers=0 redirect=False sct=False issues=8
2026-08-17 22:59:02 [INFO] src.collection.threat_intel: Threat score for 湖南省人民政府 (113.246.57.9): 0.00 (pulses=0)
2026-08-17 22:59:10 [INFO] src.collection.tls_probe: TLS probe 字节跳动官网: score=82.0 tls=TLSv1.3 cert_days=154 headers=60 redirect=True sct=False issues=4
2026-08-17 22:59:16 [INFO] src.collection.threat_intel: Threat score for 字节跳动官网 (42.48.120.66): 0.00 (pulses=0)
2026-08-17 22:59:21 [INFO] src.collection.tls_probe: TLS probe 腾讯官网: score=69.8 tls=TLSv1.3 cert_days=129 headers=25 redirect=True sct=False issues=6
2026-08-17 22:59:25 [INFO] src.collection.threat_intel: Threat score for 腾讯官网 (116.162.169.116): 0.00 (pulses=0)
2026-08-17 22:59:30 [INFO] src.collection.tls_probe: TLS probe 百度官网: score=55.8 tls=TLSv1.2 cert_days=159 headers=25 redirect=False sct=False issues=7
2026-08-17 22:59:30 [WARNING] src.collection.icmp_probe: No IP configured for target 百度官网
2026-08-17 22:59:30 [WARNING] src.collection.threat_intel: No IP for target 百度官网; skipping threat intel
2026-08-17 22:59:59 [INFO] src.scoring.health_score: Health score for 字节跳动官网: 94.3
2026-08-17 22:59:59 [INFO] src.scoring.health_score: Health score for 湖南农业大学门户: 80.8
2026-08-17 22:59:59 [INFO] src.scoring.health_score: Health score for 湖南省人民政府: 92.3
2026-08-17 22:59:59 [INFO] src.scoring.health_score: Health score for 百度官网: 85.2
2026-08-17 22:59:59 [INFO] src.scoring.health_score: Health score for 腾讯官网: 89.1
2026-08-17 23:00:12 [WARNING] src.rules.alert_manager: ALERT [warning] 湖南农业大学门户: TLS/HTTPS 安全评分偏低至 61.0 分（警告阈值 70）
2026-08-17 23:00:13 [WARNING] src.rules.alert_manager: ALERT [critical] 湖南省人民政府: TLS/HTTPS 安全评分严重劣化至 47.0 分（危险阈值 50）
2026-08-17 23:00:13 [WARNING] src.rules.alert_manager: ALERT [warning] 百度官网: TLS/HTTPS 安全评分偏低至 55.8 分（警告阈值 70）
2026-08-17 23:00:14 [WARNING] src.rules.alert_manager: ALERT [warning] 腾讯官网: TLS/HTTPS 安全评分偏低至 69.8 分（警告阈值 70）
2026-08-17 23:00:18 [INFO] src.collection.content_monitor: Content unchanged for 湖南农业大学门户
2026-08-17 23:00:33 [INFO] src.collection.content_monitor: Content unchanged for 湖南省人民政府
2026-08-17 23:00:41 [INFO] src.collection.content_monitor: Content unchanged for 字节跳动官网
2026-08-17 23:00:42 [INFO] src.collection.content_monitor: Content unchanged for 腾讯官网
2026-08-17 23:01:00 [INFO] src.collection.content_monitor: Content unchanged for 百度官网
2026-08-17 23:01:03 [WARNING] src.collection.subdomain_discovery: crt.sh returned 502 for domain hunau.edu.cn
2026-08-17 23:01:03 [INFO] src.collection.subdomain_discovery: 被动子域名发现 湖南农业大学门户 (hunau.edu.cn): 共 0 个子域名
2026-08-17 23:01:14 [WARNING] src.collection.subdomain_discovery: crt.sh returned 502 for domain hunan.gov.cn
2026-08-17 23:01:14 [INFO] src.collection.subdomain_discovery: 被动子域名发现 湖南省人民政府 (hunan.gov.cn): 共 0 个子域名
2026-08-17 23:01:22 [WARNING] src.collection.subdomain_discovery: crt.sh returned 502 for domain bytedance.com
2026-08-17 23:01:22 [INFO] src.collection.subdomain_discovery: 被动子域名发现 字节跳动官网 (bytedance.com): 共 0 个子域名
2026-08-17 23:01:24 [WARNING] src.collection.subdomain_discovery: crt.sh returned 502 for domain tencent.com
2026-08-17 23:01:24 [INFO] src.collection.subdomain_discovery: 被动子域名发现 腾讯官网 (tencent.com): 共 0 个子域名
2026-08-17 23:01:25 [WARNING] src.collection.subdomain_discovery: crt.sh returned 502 for domain baidu.com
2026-08-17 23:01:25 [INFO] src.collection.subdomain_discovery: 被动子域名发现 百度官网 (baidu.com): 共 0 个子域名
2026-08-17 23:01:35 [WARNING] src.prediction.prophet_model: NeuralProphet import failed ([WinError 1114] 动态链接库(DLL)初始化例程失败。 Error loading "C:\internet_awareness\.venv\Lib\site-packages\torch\lib\c10.dll" or one of its dependencies.), will use Holt-Winters
2026-08-17 23:01:37 [INFO] src.prediction.risk_forecast: Risk index for 湖南农业大学门户: 14.0 (低风险)
2026-08-17 23:01:44 [WARNING] src.prediction.prophet_model: NeuralProphet import failed ([WinError 1114] 动态链接库(DLL)初始化例程失败。 Error loading "C:\internet_awareness\.venv\Lib\site-packages\torch\lib\c10.dll" or one of its dependencies.), will use Holt-Winters
2026-08-17 23:01:45 [INFO] src.prediction.risk_forecast: Risk index for 湖南省人民政府: 20.0 (中风险)
2026-08-17 23:01:53 [WARNING] src.prediction.prophet_model: NeuralProphet import failed ([WinError 1114] 动态链接库(DLL)初始化例程失败。 Error loading "C:\internet_awareness\.venv\Lib\site-packages\torch\lib\c10.dll" or one of its dependencies.), will use Holt-Winters
2026-08-17 23:01:54 [INFO] src.prediction.risk_forecast: Risk index for 字节跳动官网: 0.0 (低风险)
2026-08-17 23:02:01 [WARNING] src.prediction.prophet_model: NeuralProphet import failed ([WinError 1114] 动态链接库(DLL)初始化例程失败。 Error loading "C:\internet_awareness\.venv\Lib\site-packages\torch\lib\c10.dll" or one of its dependencies.), will use Holt-Winters
2026-08-17 23:02:04 [INFO] src.prediction.risk_forecast: Risk index for 腾讯官网: 20.0 (中风险)
2026-08-17 23:02:05 [INFO] src.prediction.risk_forecast: Risk index for 百度官网: 0.0 (低风险)
2026-08-17 23:02:07 [INFO] src.rules.adaptive_baseline: 基线更新完成
2026-08-17 23:02:07 [INFO] __main__: Collection cycle complete — 5 targets processed
2026-08-17 23:02:07 [INFO] __main__: Next collection in 60 minutes (interval=60 min)
2026-08-18 00:02:08 [INFO] src.collection.tls_probe: TLS probe 湖南农业大学门户: score=61.0 tls=TLSv1.3 cert_days=115 headers=0 redirect=True sct=False issues=7
2026-08-18 00:02:33 [INFO] src.collection.threat_intel: Threat score for 湖南农业大学门户 (218.104.146.107): 0.00 (pulses=0)
2026-08-18 00:02:35 [INFO] src.collection.tls_probe: TLS probe 湖南省人民政府: score=47.0 tls=TLSv1.2 cert_days=182 headers=0 redirect=False sct=False issues=8
2026-08-18 00:02:44 [INFO] src.collection.threat_intel: Threat score for 湖南省人民政府 (113.246.57.9): 0.00 (pulses=0)
2026-08-18 00:02:49 [INFO] src.collection.tls_probe: TLS probe 字节跳动官网: score=82.0 tls=TLSv1.3 cert_days=154 headers=60 redirect=True sct=False issues=4
2026-08-18 00:03:04 [ERROR] src.collection.threat_intel: OTX query error for 42.48.120.66: HTTPSConnectionPool(host='otx.alienvault.com', port=443): Read timed out. (read timeout=15)
2026-08-18 00:03:08 [INFO] src.collection.tls_probe: TLS probe 腾讯官网: score=69.8 tls=TLSv1.3 cert_days=129 headers=25 redirect=True sct=False issues=6
2026-08-18 00:03:14 [INFO] src.collection.threat_intel: Threat score for 腾讯官网 (116.162.169.116): 0.00 (pulses=0)
2026-08-18 00:03:17 [INFO] src.collection.tls_probe: TLS probe 百度官网: score=55.8 tls=TLSv1.2 cert_days=159 headers=25 redirect=False sct=False issues=7
2026-08-18 00:03:17 [WARNING] src.collection.icmp_probe: No IP configured for target 百度官网
2026-08-18 00:03:17 [WARNING] src.collection.threat_intel: No IP for target 百度官网; skipping threat intel
2026-08-18 00:03:23 [INFO] src.scoring.health_score: Health score for 字节跳动官网: 93.9
2026-08-18 00:03:23 [INFO] src.scoring.health_score: Health score for 湖南农业大学门户: 80.3
2026-08-18 00:03:23 [INFO] src.scoring.health_score: Health score for 湖南省人民政府: 92.8
2026-08-18 00:03:23 [INFO] src.scoring.health_score: Health score for 百度官网: 86.7
2026-08-18 00:03:23 [INFO] src.scoring.health_score: Health score for 腾讯官网: 95.0
2026-08-18 00:03:24 [WARNING] src.rules.alert_manager: ALERT [warning] 湖南农业大学门户: TLS/HTTPS 安全评分偏低至 61.0 分（警告阈值 70）
2026-08-18 00:03:24 [WARNING] src.rules.alert_manager: ALERT [critical] 湖南省人民政府: TLS/HTTPS 安全评分严重劣化至 47.0 分（危险阈值 50）
2026-08-18 00:03:24 [WARNING] src.rules.alert_manager: ALERT [warning] 百度官网: TLS/HTTPS 安全评分偏低至 55.8 分（警告阈值 70）
2026-08-18 00:03:25 [WARNING] src.rules.alert_manager: ALERT [warning] 腾讯官网: TLS/HTTPS 安全评分偏低至 69.8 分（警告阈值 70）
2026-08-18 00:03:26 [INFO] src.collection.content_monitor: Content unchanged for 湖南农业大学门户
2026-08-18 00:03:29 [INFO] src.collection.content_monitor: Content unchanged for 湖南省人民政府
2026-08-18 00:03:34 [INFO] src.collection.content_monitor: Content unchanged for 字节跳动官网
2026-08-18 00:03:34 [INFO] src.collection.content_monitor: Content unchanged for 腾讯官网
2026-08-18 00:03:44 [INFO] src.collection.content_monitor: Content unchanged for 百度官网
2026-08-18 00:04:05 [WARNING] src.collection.subdomain_discovery: crt.sh query timeout for domain hunau.edu.cn
2026-08-18 00:04:05 [INFO] src.collection.subdomain_discovery: 被动子域名发现 湖南农业大学门户 (hunau.edu.cn): 共 0 个子域名
2026-08-18 00:04:06 [WARNING] src.collection.subdomain_discovery: crt.sh returned 502 for domain hunan.gov.cn
2026-08-18 00:04:06 [INFO] src.collection.subdomain_discovery: 被动子域名发现 湖南省人民政府 (hunan.gov.cn): 共 0 个子域名
2026-08-18 00:04:08 [WARNING] src.collection.subdomain_discovery: crt.sh returned 502 for domain bytedance.com
2026-08-18 00:04:08 [INFO] src.collection.subdomain_discovery: 被动子域名发现 字节跳动官网 (bytedance.com): 共 0 个子域名
2026-08-18 00:04:28 [WARNING] src.collection.subdomain_discovery: crt.sh query timeout for domain tencent.com
2026-08-18 00:04:28 [INFO] src.collection.subdomain_discovery: 被动子域名发现 腾讯官网 (tencent.com): 共 0 个子域名
2026-08-18 00:04:50 [WARNING] src.collection.subdomain_discovery: crt.sh query timeout for domain baidu.com
2026-08-18 00:04:50 [INFO] src.collection.subdomain_discovery: 被动子域名发现 百度官网 (baidu.com): 共 0 个子域名
2026-08-18 00:05:01 [WARNING] src.prediction.prophet_model: NeuralProphet import failed ([WinError 1114] 动态链接库(DLL)初始化例程失败。 Error loading "C:\internet_awareness\.venv\Lib\site-packages\torch\lib\c10.dll" or one of its dependencies.), will use Holt-Winters
2026-08-18 00:05:02 [INFO] src.prediction.risk_forecast: Risk index for 湖南农业大学门户: 14.0 (低风险)
2026-08-18 00:05:13 [WARNING] src.prediction.prophet_model: NeuralProphet import failed ([WinError 1114] 动态链接库(DLL)初始化例程失败。 Error loading "C:\internet_awareness\.venv\Lib\site-packages\torch\lib\c10.dll" or one of its dependencies.), will use Holt-Winters
2026-08-18 00:05:13 [INFO] src.prediction.risk_forecast: Risk index for 湖南省人民政府: 20.0 (中风险)
2026-08-18 00:05:25 [WARNING] src.prediction.prophet_model: NeuralProphet import failed ([WinError 1114] 动态链接库(DLL)初始化例程失败。 Error loading "C:\internet_awareness\.venv\Lib\site-packages\torch\lib\c10.dll" or one of its dependencies.), will use Holt-Winters
2026-08-18 00:05:25 [INFO] src.prediction.risk_forecast: Risk index for 字节跳动官网: 0.0 (低风险)
2026-08-18 00:05:36 [WARNING] src.prediction.prophet_model: NeuralProphet import failed ([WinError 1114] 动态链接库(DLL)初始化例程失败。 Error loading "C:\internet_awareness\.venv\Lib\site-packages\torch\lib\c10.dll" or one of its dependencies.), will use Holt-Winters
2026-08-18 00:05:37 [INFO] src.prediction.risk_forecast: Risk index for 腾讯官网: 20.0 (中风险)
2026-08-18 00:05:37 [INFO] src.prediction.risk_forecast: Risk index for 百度官网: 0.0 (低风险)
2026-08-18 00:05:37 [INFO] src.rules.adaptive_baseline: 基线更新完成
2026-08-18 00:05:37 [INFO] __main__: Collection cycle complete — 5 targets processed
2026-08-18 00:05:37 [INFO] __main__: Next collection in 60 minutes (interval=60 min)
2026-08-20 12:48:57 [INFO] src.storage.db: Database initialised at C:\internet_awareness\data\awareness.db
2026-08-20 12:48:57 [INFO] __main__: Starting standalone collector
2026-08-20 12:48:57 [INFO] __main__: Next collection in 60 minutes (interval=60 min)
2026-08-20 13:57:06 [INFO] src.collection.tls_probe: TLS probe 湖南农业大学门户: score=61.0 tls=TLSv1.3 cert_days=113 headers=0 redirect=True sct=False issues=7
2026-08-20 13:57:28 [INFO] src.collection.threat_intel: Threat score for 湖南农业大学门户 (218.104.146.107): 0.00 (pulses=0)
2026-08-20 13:57:29 [INFO] src.collection.tls_probe: TLS probe 湖南省人民政府: score=47.0 tls=TLSv1.2 cert_days=179 headers=0 redirect=False sct=False issues=8
2026-08-20 13:57:35 [INFO] src.collection.threat_intel: Threat score for 湖南省人民政府 (113.246.57.9): 0.00 (pulses=0)
2026-08-20 13:57:38 [INFO] src.collection.tls_probe: TLS probe 字节跳动官网: score=82.0 tls=TLSv1.3 cert_days=151 headers=60 redirect=True sct=False issues=4
2026-08-20 13:57:39 [INFO] src.collection.threat_intel: Threat score for 字节跳动官网 (42.48.120.66): 0.00 (pulses=0)
2026-08-20 13:57:40 [INFO] src.collection.tls_probe: TLS probe 腾讯官网: score=69.8 tls=TLSv1.3 cert_days=127 headers=25 redirect=True sct=False issues=6
2026-08-20 13:57:57 [ERROR] src.collection.threat_intel: OTX query error for 116.162.169.116: HTTPSConnectionPool(host='otx.alienvault.com', port=443): Read timed out. (read timeout=15)
2026-08-20 13:57:59 [INFO] src.collection.tls_probe: TLS probe 百度官网: score=55.8 tls=TLSv1.2 cert_days=156 headers=25 redirect=False sct=False issues=7
2026-08-20 13:57:59 [WARNING] src.collection.icmp_probe: No IP configured for target 百度官网
2026-08-20 13:57:59 [WARNING] src.collection.threat_intel: No IP for target 百度官网; skipping threat intel
2026-08-20 13:58:03 [INFO] src.scoring.health_score: Health score for 字节跳动官网: 95.3
2026-08-20 13:58:03 [INFO] src.scoring.health_score: Health score for 湖南农业大学门户: 81.1
2026-08-20 13:58:03 [INFO] src.scoring.health_score: Health score for 湖南省人民政府: 93.1
2026-08-20 13:58:03 [INFO] src.scoring.health_score: Health score for 百度官网: 86.9
2026-08-20 13:58:03 [INFO] src.scoring.health_score: Health score for 腾讯官网: 90.5
2026-08-20 13:58:04 [INFO] src.collection.content_monitor: Content unchanged for 湖南农业大学门户
2026-08-20 13:58:15 [INFO] src.collection.content_monitor: Content unchanged for 湖南省人民政府
2026-08-20 13:58:16 [INFO] src.collection.content_monitor: Content unchanged for 字节跳动官网
2026-08-20 13:58:17 [INFO] src.collection.content_monitor: Content unchanged for 腾讯官网
2026-08-20 13:58:21 [INFO] src.collection.content_monitor: Content unchanged for 百度官网
2026-08-20 13:58:22 [WARNING] src.collection.subdomain_discovery: crt.sh returned 502 for domain hunau.edu.cn
2026-08-20 13:58:22 [INFO] src.collection.subdomain_discovery: 被动子域名发现 湖南农业大学门户 (hunau.edu.cn): 共 0 个子域名
2026-08-20 13:58:25 [WARNING] src.collection.subdomain_discovery: crt.sh returned 502 for domain hunan.gov.cn
2026-08-20 13:58:25 [INFO] src.collection.subdomain_discovery: 被动子域名发现 湖南省人民政府 (hunan.gov.cn): 共 0 个子域名
2026-08-20 13:58:31 [WARNING] src.collection.subdomain_discovery: crt.sh returned 502 for domain bytedance.com
2026-08-20 13:58:31 [INFO] src.collection.subdomain_discovery: 被动子域名发现 字节跳动官网 (bytedance.com): 共 0 个子域名
2026-08-20 13:58:52 [WARNING] src.collection.subdomain_discovery: crt.sh query timeout for domain tencent.com
2026-08-20 13:58:52 [INFO] src.collection.subdomain_discovery: 被动子域名发现 腾讯官网 (tencent.com): 共 0 个子域名
2026-08-20 13:58:56 [WARNING] src.collection.subdomain_discovery: crt.sh returned 502 for domain baidu.com
2026-08-20 13:58:56 [INFO] src.collection.subdomain_discovery: 被动子域名发现 百度官网 (baidu.com): 共 0 个子域名
2026-08-20 13:59:06 [WARNING] src.prediction.prophet_model: NeuralProphet import failed ([WinError 1114] 动态链接库(DLL)初始化例程失败。 Error loading "C:\internet_awareness\.venv\Lib\site-packages\torch\lib\c10.dll" or one of its dependencies.), will use Holt-Winters
2026-08-20 13:59:23 [INFO] src.prediction.risk_forecast: Risk index for 湖南农业大学门户: 20.0 (中风险)
2026-08-20 13:59:36 [WARNING] src.prediction.prophet_model: NeuralProphet import failed ([WinError 1114] 动态链接库(DLL)初始化例程失败。 Error loading "C:\internet_awareness\.venv\Lib\site-packages\torch\lib\c10.dll" or one of its dependencies.), will use Holt-Winters
2026-08-20 13:59:36 [INFO] src.prediction.risk_forecast: Risk index for 湖南省人民政府: 20.0 (中风险)
2026-08-20 13:59:48 [WARNING] src.prediction.prophet_model: NeuralProphet import failed ([WinError 1114] 动态链接库(DLL)初始化例程失败。 Error loading "C:\internet_awareness\.venv\Lib\site-packages\torch\lib\c10.dll" or one of its dependencies.), will use Holt-Winters
2026-08-20 13:59:48 [INFO] src.prediction.risk_forecast: Risk index for 字节跳动官网: 0.0 (低风险)
2026-08-20 14:00:01 [WARNING] src.prediction.prophet_model: NeuralProphet import failed ([WinError 1114] 动态链接库(DLL)初始化例程失败。 Error loading "C:\internet_awareness\.venv\Lib\site-packages\torch\lib\c10.dll" or one of its dependencies.), will use Holt-Winters
2026-08-20 14:00:02 [INFO] src.prediction.risk_forecast: Risk index for 腾讯官网: 14.0 (低风险)
2026-08-20 14:00:02 [INFO] src.prediction.risk_forecast: Risk index for 百度官网: 0.0 (低风险)
2026-08-20 14:00:02 [INFO] src.rules.adaptive_baseline: 基线更新完成
2026-08-20 14:00:02 [INFO] __main__: Collection cycle complete — 5 targets processed
2026-08-20 14:00:02 [INFO] __main__: Next collection in 60 minutes (interval=60 min)
2026-08-20 15:00:14 [INFO] src.collection.tls_probe: TLS probe 湖南农业大学门户: score=61.0 tls=TLSv1.3 cert_days=113 headers=0 redirect=True sct=False issues=7
2026-08-20 15:00:42 [INFO] src.collection.threat_intel: Threat score for 湖南农业大学门户 (218.104.146.107): 0.00 (pulses=0)
2026-08-20 15:00:50 [INFO] src.collection.tls_probe: TLS probe 湖南省人民政府: score=47.0 tls=TLSv1.2 cert_days=179 headers=0 redirect=False sct=False issues=8
2026-08-20 15:01:00 [INFO] src.collection.threat_intel: Threat score for 湖南省人民政府 (113.246.57.9): 0.00 (pulses=0)
2026-08-20 15:01:04 [INFO] src.collection.tls_probe: TLS probe 字节跳动官网: score=82.0 tls=TLSv1.3 cert_days=151 headers=60 redirect=True sct=False issues=4
2026-08-20 15:01:20 [ERROR] src.collection.threat_intel: OTX query error for 42.48.120.66: HTTPSConnectionPool(host='otx.alienvault.com', port=443): Read timed out. (read timeout=15)
2026-08-20 15:01:29 [INFO] src.collection.tls_probe: TLS probe 腾讯官网: score=69.8 tls=TLSv1.3 cert_days=126 headers=25 redirect=True sct=False issues=6
2026-08-20 15:01:33 [INFO] src.collection.threat_intel: Threat score for 腾讯官网 (116.162.169.116): 0.00 (pulses=0)
2026-08-20 15:01:34 [INFO] src.collection.tls_probe: TLS probe 百度官网: score=55.8 tls=TLSv1.2 cert_days=156 headers=25 redirect=False sct=False issues=7
2026-08-20 15:01:34 [WARNING] src.collection.icmp_probe: No IP configured for target 百度官网
2026-08-20 15:01:34 [WARNING] src.collection.threat_intel: No IP for target 百度官网; skipping threat intel
2026-08-20 15:01:42 [INFO] src.scoring.health_score: Health score for 字节跳动官网: 92.4
2026-08-20 15:01:42 [INFO] src.scoring.health_score: Health score for 湖南农业大学门户: 77.9
2026-08-20 15:01:42 [INFO] src.scoring.health_score: Health score for 湖南省人民政府: 89.1
2026-08-20 15:01:42 [INFO] src.scoring.health_score: Health score for 百度官网: 86.0
2026-08-20 15:01:42 [INFO] src.scoring.health_score: Health score for 腾讯官网: 95.1
2026-08-20 15:01:44 [INFO] src.collection.content_monitor: Content unchanged for 湖南农业大学门户
2026-08-20 15:02:05 [INFO] src.collection.content_monitor: Content unchanged for 湖南省人民政府
2026-08-20 15:02:12 [INFO] src.collection.content_monitor: Content unchanged for 字节跳动官网
2026-08-20 15:02:14 [INFO] src.collection.content_monitor: Content unchanged for 腾讯官网
2026-08-20 15:02:28 [INFO] src.collection.content_monitor: Content unchanged for 百度官网
2026-08-20 15:02:30 [WARNING] src.collection.subdomain_discovery: crt.sh returned 502 for domain hunau.edu.cn
2026-08-20 15:02:30 [INFO] src.collection.subdomain_discovery: 被动子域名发现 湖南农业大学门户 (hunau.edu.cn): 共 0 个子域名
2026-08-20 15:02:31 [WARNING] src.collection.subdomain_discovery: crt.sh returned 502 for domain hunan.gov.cn
2026-08-20 15:02:31 [INFO] src.collection.subdomain_discovery: 被动子域名发现 湖南省人民政府 (hunan.gov.cn): 共 0 个子域名
2026-08-20 15:02:34 [WARNING] src.collection.subdomain_discovery: crt.sh returned 502 for domain bytedance.com
2026-08-20 15:02:34 [INFO] src.collection.subdomain_discovery: 被动子域名发现 字节跳动官网 (bytedance.com): 共 0 个子域名
2026-08-20 15:02:37 [WARNING] src.collection.subdomain_discovery: crt.sh returned 502 for domain tencent.com
2026-08-20 15:02:37 [INFO] src.collection.subdomain_discovery: 被动子域名发现 腾讯官网 (tencent.com): 共 0 个子域名
2026-08-20 15:02:44 [WARNING] src.collection.subdomain_discovery: crt.sh returned 502 for domain baidu.com
2026-08-20 15:02:44 [INFO] src.collection.subdomain_discovery: 被动子域名发现 百度官网 (baidu.com): 共 0 个子域名
2026-08-20 15:03:00 [WARNING] src.prediction.prophet_model: NeuralProphet import failed ([WinError 1114] 动态链接库(DLL)初始化例程失败。 Error loading "C:\internet_awareness\.venv\Lib\site-packages\torch\lib\c10.dll" or one of its dependencies.), will use Holt-Winters
2026-08-20 15:03:00 [INFO] src.prediction.risk_forecast: Risk index for 湖南农业大学门户: 20.0 (中风险)
2026-08-20 15:03:17 [WARNING] src.prediction.prophet_model: NeuralProphet import failed ([WinError 1114] 动态链接库(DLL)初始化例程失败。 Error loading "C:\internet_awareness\.venv\Lib\site-packages\torch\lib\c10.dll" or one of its dependencies.), will use Holt-Winters
2026-08-20 15:03:17 [INFO] src.prediction.risk_forecast: Risk index for 湖南省人民政府: 20.0 (中风险)
2026-08-20 15:03:37 [WARNING] src.prediction.prophet_model: NeuralProphet import failed ([WinError 1114] 动态链接库(DLL)初始化例程失败。 Error loading "C:\internet_awareness\.venv\Lib\site-packages\torch\lib\c10.dll" or one of its dependencies.), will use Holt-Winters
2026-08-20 15:03:37 [INFO] src.prediction.risk_forecast: Risk index for 字节跳动官网: 0.0 (低风险)
2026-08-20 15:03:54 [WARNING] src.prediction.prophet_model: NeuralProphet import failed ([WinError 1114] 动态链接库(DLL)初始化例程失败。 Error loading "C:\internet_awareness\.venv\Lib\site-packages\torch\lib\c10.dll" or one of its dependencies.), will use Holt-Winters
2026-08-20 15:03:54 [INFO] src.prediction.risk_forecast: Risk index for 腾讯官网: 14.0 (低风险)
2026-08-20 15:03:54 [INFO] src.prediction.risk_forecast: Risk index for 百度官网: 0.0 (低风险)
2026-08-20 15:03:55 [INFO] src.rules.adaptive_baseline: 基线更新完成
2026-08-20 15:03:58 [INFO] __main__: Collection cycle complete — 5 targets processed
2026-08-20 15:03:58 [INFO] __main__: Next collection in 60 minutes (interval=60 min)
2026-08-20 16:42:56 [INFO] src.collection.tls_probe: TLS probe 湖南农业大学门户: score=61.0 tls=TLSv1.3 cert_days=113 headers=0 redirect=True sct=False issues=7
2026-08-20 16:43:23 [INFO] src.collection.threat_intel: Threat score for 湖南农业大学门户 (218.104.146.107): 0.00 (pulses=0)
2026-08-20 16:43:24 [INFO] src.collection.tls_probe: TLS probe 湖南省人民政府: score=47.0 tls=TLSv1.2 cert_days=179 headers=0 redirect=False sct=False issues=8
2026-08-20 16:43:32 [INFO] src.collection.threat_intel: Threat score for 湖南省人民政府 (113.246.57.9): 0.00 (pulses=0)
2026-08-20 16:43:34 [INFO] src.collection.tls_probe: TLS probe 字节跳动官网: score=82.0 tls=TLSv1.3 cert_days=151 headers=60 redirect=True sct=False issues=4
2026-08-20 16:43:38 [INFO] src.collection.threat_intel: Threat score for 字节跳动官网 (42.48.120.66): 0.00 (pulses=0)
2026-08-20 16:43:39 [INFO] src.collection.tls_probe: TLS probe 腾讯官网: score=69.8 tls=TLSv1.3 cert_days=126 headers=25 redirect=True sct=False issues=6
2026-08-20 16:43:46 [INFO] src.collection.threat_intel: Threat score for 腾讯官网 (116.162.169.116): 0.00 (pulses=0)
2026-08-20 16:43:47 [INFO] src.collection.tls_probe: TLS probe 百度官网: score=55.8 tls=TLSv1.2 cert_days=156 headers=25 redirect=False sct=False issues=7
2026-08-20 16:43:47 [WARNING] src.collection.icmp_probe: No IP configured for target 百度官网
2026-08-20 16:43:47 [WARNING] src.collection.threat_intel: No IP for target 百度官网; skipping threat intel
2026-08-20 16:43:53 [INFO] src.scoring.health_score: Health score for 字节跳动官网: 96.1
2026-08-20 16:43:53 [INFO] src.scoring.health_score: Health score for 湖南农业大学门户: 77.5
2026-08-20 16:43:53 [INFO] src.scoring.health_score: Health score for 湖南省人民政府: 93.0
2026-08-20 16:43:54 [INFO] src.scoring.health_score: Health score for 百度官网: 86.4
2026-08-20 16:43:54 [INFO] src.scoring.health_score: Health score for 腾讯官网: 94.0
2026-08-20 16:43:54 [WARNING] src.rules.alert_manager: ALERT [warning] 湖南农业大学门户: TLS/HTTPS 安全评分偏低至 61.0 分（警告阈值 70）
2026-08-20 16:43:54 [WARNING] src.rules.alert_manager: ALERT [critical] 湖南省人民政府: TLS/HTTPS 安全评分严重劣化至 47.0 分（危险阈值 50）
2026-08-20 16:43:54 [WARNING] src.rules.alert_manager: ALERT [warning] 百度官网: TLS/HTTPS 安全评分偏低至 55.8 分（警告阈值 70）
2026-08-20 16:43:54 [WARNING] src.rules.alert_manager: ALERT [warning] 腾讯官网: TLS/HTTPS 安全评分偏低至 69.8 分（警告阈值 70）
2026-08-20 16:43:55 [INFO] src.collection.content_monitor: Content unchanged for 湖南农业大学门户
2026-08-20 16:44:13 [WARNING] src.collection.content_monitor: Content CHANGED for 湖南省人民政府: 页面文本增加约 3484 字符；当前页面标题：「欢迎光临湖南省人民政府门户网站」
2026-08-20 16:44:13 [WARNING] src.collection.content_monitor: Content CHANGED for 湖南省人民政府/: 页面文本增加约 3484 字符；当前页面标题：「欢迎光临湖南省人民政府门户网站」
2026-08-20 16:44:14 [WARNING] src.collection.content_monitor: Content CHANGED for 湖南省人民政府/hnszf/hnyw/hnyw.html: 页面文本增加约 2512 字符；当前页面标题：「政务要闻-湖南省人民政府门户网站」
2026-08-20 16:44:15 [WARNING] src.rules.alert_manager: ALERT [critical] 湖南省人民政府: 网页内容发生变化：https://www.hunan.gov.cn
2026-08-20 16:44:16 [INFO] src.collection.content_monitor: Content unchanged for 字节跳动官网
2026-08-20 16:44:17 [INFO] src.collection.content_monitor: Content unchanged for 腾讯官网
2026-08-20 16:44:25 [INFO] src.collection.content_monitor: Content unchanged for 百度官网
2026-08-20 16:44:27 [WARNING] src.collection.subdomain_discovery: crt.sh returned 502 for domain hunau.edu.cn
2026-08-20 16:44:27 [INFO] src.collection.subdomain_discovery: 被动子域名发现 湖南农业大学门户 (hunau.edu.cn): 共 0 个子域名
2026-08-20 16:44:29 [WARNING] src.collection.subdomain_discovery: crt.sh returned 502 for domain hunan.gov.cn
2026-08-20 16:44:29 [INFO] src.collection.subdomain_discovery: 被动子域名发现 湖南省人民政府 (hunan.gov.cn): 共 0 个子域名
2026-08-20 16:44:30 [WARNING] src.collection.subdomain_discovery: crt.sh returned 502 for domain bytedance.com
2026-08-20 16:44:30 [INFO] src.collection.subdomain_discovery: 被动子域名发现 字节跳动官网 (bytedance.com): 共 0 个子域名
2026-08-20 16:44:33 [WARNING] src.collection.subdomain_discovery: crt.sh returned 502 for domain tencent.com
2026-08-20 16:44:33 [INFO] src.collection.subdomain_discovery: 被动子域名发现 腾讯官网 (tencent.com): 共 0 个子域名
2026-08-20 16:44:34 [WARNING] src.collection.subdomain_discovery: crt.sh returned 502 for domain baidu.com
2026-08-20 16:44:34 [INFO] src.collection.subdomain_discovery: 被动子域名发现 百度官网 (baidu.com): 共 0 个子域名
2026-08-20 16:44:46 [WARNING] src.prediction.prophet_model: NeuralProphet import failed ([WinError 1114] 动态链接库(DLL)初始化例程失败。 Error loading "C:\internet_awareness\.venv\Lib\site-packages\torch\lib\c10.dll" or one of its dependencies.), will use Holt-Winters
2026-08-20 16:44:47 [INFO] src.prediction.risk_forecast: Risk index for 湖南农业大学门户: 20.0 (中风险)
2026-08-20 16:44:59 [WARNING] src.prediction.prophet_model: NeuralProphet import failed ([WinError 1114] 动态链接库(DLL)初始化例程失败。 Error loading "C:\internet_awareness\.venv\Lib\site-packages\torch\lib\c10.dll" or one of its dependencies.), will use Holt-Winters
2026-08-20 16:44:59 [INFO] src.prediction.risk_forecast: Risk index for 湖南省人民政府: 20.0 (中风险)
2026-08-20 16:45:11 [WARNING] src.prediction.prophet_model: NeuralProphet import failed ([WinError 1114] 动态链接库(DLL)初始化例程失败。 Error loading "C:\internet_awareness\.venv\Lib\site-packages\torch\lib\c10.dll" or one of its dependencies.), will use Holt-Winters
2026-08-20 16:45:12 [INFO] src.prediction.risk_forecast: Risk index for 字节跳动官网: 0.0 (低风险)
2026-08-20 16:45:24 [WARNING] src.prediction.prophet_model: NeuralProphet import failed ([WinError 1114] 动态链接库(DLL)初始化例程失败。 Error loading "C:\internet_awareness\.venv\Lib\site-packages\torch\lib\c10.dll" or one of its dependencies.), will use Holt-Winters
2026-08-20 16:45:24 [INFO] src.prediction.risk_forecast: Risk index for 腾讯官网: 14.0 (低风险)
2026-08-20 16:45:24 [INFO] src.prediction.risk_forecast: Risk index for 百度官网: 0.0 (低风险)
2026-08-20 16:45:25 [INFO] src.rules.adaptive_baseline: 基线更新完成
2026-08-20 16:45:26 [INFO] __main__: Collection cycle complete — 5 targets processed
2026-08-20 16:45:26 [INFO] __main__: Next collection in 60 minutes (interval=60 min)
2026-08-20 17:45:30 [INFO] src.collection.tls_probe: TLS probe 湖南农业大学门户: score=61.0 tls=TLSv1.3 cert_days=113 headers=0 redirect=True sct=False issues=7
2026-08-20 17:45:55 [INFO] src.collection.threat_intel: Threat score for 湖南农业大学门户 (218.104.146.107): 0.00 (pulses=0)
2026-08-20 17:45:55 [INFO] src.collection.tls_probe: TLS probe 湖南省人民政府: score=47.0 tls=TLSv1.2 cert_days=179 headers=0 redirect=False sct=False issues=8
2026-08-20 17:46:03 [INFO] src.collection.threat_intel: Threat score for 湖南省人民政府 (113.246.57.9): 0.00 (pulses=0)
2026-08-20 17:46:04 [INFO] src.collection.tls_probe: TLS probe 字节跳动官网: score=82.0 tls=TLSv1.3 cert_days=151 headers=60 redirect=True sct=False issues=4
2026-08-20 17:46:09 [INFO] src.collection.threat_intel: Threat score for 字节跳动官网 (42.48.120.66): 0.00 (pulses=0)
2026-08-20 17:46:09 [INFO] src.collection.tls_probe: TLS probe 腾讯官网: score=69.8 tls=TLSv1.3 cert_days=126 headers=25 redirect=True sct=False issues=6
2026-08-20 17:46:13 [INFO] src.collection.threat_intel: Threat score for 腾讯官网 (116.162.169.116): 0.00 (pulses=0)
2026-08-20 17:46:14 [INFO] src.collection.tls_probe: TLS probe 百度官网: score=55.8 tls=TLSv1.2 cert_days=156 headers=25 redirect=False sct=False issues=7
2026-08-20 17:46:14 [WARNING] src.collection.icmp_probe: No IP configured for target 百度官网
2026-08-20 17:46:14 [WARNING] src.collection.threat_intel: No IP for target 百度官网; skipping threat intel
2026-08-20 17:46:19 [INFO] src.scoring.health_score: Health score for 字节跳动官网: 97.0
2026-08-20 17:46:19 [INFO] src.scoring.health_score: Health score for 湖南农业大学门户: 79.9
2026-08-20 17:46:19 [INFO] src.scoring.health_score: Health score for 湖南省人民政府: 93.1
2026-08-20 17:46:19 [INFO] src.scoring.health_score: Health score for 百度官网: 86.6
2026-08-20 17:46:19 [INFO] src.scoring.health_score: Health score for 腾讯官网: 95.2
2026-08-20 17:46:19 [WARNING] src.rules.alert_manager: ALERT [warning] 湖南农业大学门户: TLS/HTTPS 安全评分偏低至 61.0 分（警告阈值 70）
2026-08-20 17:46:20 [WARNING] src.rules.alert_manager: ALERT [critical] 湖南省人民政府: TLS/HTTPS 安全评分严重劣化至 47.0 分（危险阈值 50）
2026-08-20 17:46:20 [WARNING] src.rules.alert_manager: ALERT [warning] 百度官网: TLS/HTTPS 安全评分偏低至 55.8 分（警告阈值 70）
2026-08-20 17:46:20 [WARNING] src.rules.alert_manager: ALERT [warning] 腾讯官网: TLS/HTTPS 安全评分偏低至 69.8 分（警告阈值 70）
2026-08-20 17:46:21 [INFO] src.collection.content_monitor: Content unchanged for 湖南农业大学门户
2026-08-20 17:46:37 [INFO] src.collection.content_monitor: Content unchanged for 湖南省人民政府
2026-08-20 17:46:39 [INFO] src.collection.content_monitor: Content unchanged for 字节跳动官网
2026-08-20 17:46:40 [INFO] src.collection.content_monitor: Content unchanged for 腾讯官网
2026-08-20 17:46:45 [INFO] src.collection.content_monitor: Content unchanged for 百度官网
2026-08-20 17:46:46 [WARNING] src.collection.subdomain_discovery: crt.sh returned 502 for domain hunau.edu.cn
2026-08-20 17:46:46 [INFO] src.collection.subdomain_discovery: 被动子域名发现 湖南农业大学门户 (hunau.edu.cn): 共 0 个子域名
2026-08-20 17:46:48 [WARNING] src.collection.subdomain_discovery: crt.sh returned 502 for domain hunan.gov.cn
2026-08-20 17:46:48 [INFO] src.collection.subdomain_discovery: 被动子域名发现 湖南省人民政府 (hunan.gov.cn): 共 0 个子域名
2026-08-20 17:46:49 [WARNING] src.collection.subdomain_discovery: crt.sh returned 502 for domain bytedance.com
2026-08-20 17:46:49 [INFO] src.collection.subdomain_discovery: 被动子域名发现 字节跳动官网 (bytedance.com): 共 0 个子域名
2026-08-20 17:46:51 [WARNING] src.collection.subdomain_discovery: crt.sh returned 502 for domain tencent.com
2026-08-20 17:46:51 [INFO] src.collection.subdomain_discovery: 被动子域名发现 腾讯官网 (tencent.com): 共 0 个子域名
2026-08-20 17:47:20 [WARNING] src.collection.subdomain_discovery: crt.sh query timeout for domain baidu.com
2026-08-20 17:47:20 [INFO] src.collection.subdomain_discovery: 被动子域名发现 百度官网 (baidu.com): 共 0 个子域名
2026-08-20 17:47:33 [WARNING] src.prediction.prophet_model: NeuralProphet import failed ([WinError 1114] 动态链接库(DLL)初始化例程失败。 Error loading "C:\internet_awareness\.venv\Lib\site-packages\torch\lib\c10.dll" or one of its dependencies.), will use Holt-Winters
2026-08-20 17:47:33 [INFO] src.prediction.risk_forecast: Risk index for 湖南农业大学门户: 20.0 (中风险)
2026-08-20 17:47:45 [WARNING] src.prediction.prophet_model: NeuralProphet import failed ([WinError 1114] 动态链接库(DLL)初始化例程失败。 Error loading "C:\internet_awareness\.venv\Lib\site-packages\torch\lib\c10.dll" or one of its dependencies.), will use Holt-Winters
2026-08-20 17:47:45 [INFO] src.prediction.risk_forecast: Risk index for 湖南省人民政府: 20.0 (中风险)
2026-08-20 17:47:58 [WARNING] src.prediction.prophet_model: NeuralProphet import failed ([WinError 1114] 动态链接库(DLL)初始化例程失败。 Error loading "C:\internet_awareness\.venv\Lib\site-packages\torch\lib\c10.dll" or one of its dependencies.), will use Holt-Winters
2026-08-20 17:47:58 [INFO] src.prediction.risk_forecast: Risk index for 字节跳动官网: 0.0 (低风险)
2026-08-20 17:48:10 [WARNING] src.prediction.prophet_model: NeuralProphet import failed ([WinError 1114] 动态链接库(DLL)初始化例程失败。 Error loading "C:\internet_awareness\.venv\Lib\site-packages\torch\lib\c10.dll" or one of its dependencies.), will use Holt-Winters
2026-08-20 17:48:10 [INFO] src.prediction.risk_forecast: Risk index for 腾讯官网: 14.0 (低风险)
2026-08-20 17:48:10 [INFO] src.prediction.risk_forecast: Risk index for 百度官网: 0.0 (低风险)
2026-08-20 17:48:11 [INFO] src.rules.adaptive_baseline: 基线更新完成
2026-08-20 17:48:11 [INFO] __main__: Collection cycle complete — 5 targets processed
2026-08-20 17:48:11 [INFO] __main__: Next collection in 60 minutes (interval=60 min)
2026-08-24 16:27:01 [INFO] src.storage.db: Database initialised at C:\internet_awareness\data\awareness.db
2026-08-24 16:27:01 [INFO] __main__: Starting standalone collector
2026-08-24 16:27:01 [INFO] __main__: Next collection in 60 minutes (interval=60 min)
2026-08-24 18:23:38 [INFO] src.collection.tls_probe: TLS probe 湖南农业大学门户: score=61.0 tls=TLSv1.3 cert_days=109 headers=0 redirect=True sct=False issues=7
2026-08-24 18:24:00 [INFO] src.collection.threat_intel: Threat score for 湖南农业大学门户 (218.104.146.107): 0.00 (pulses=0)
2026-08-24 18:24:02 [INFO] src.collection.tls_probe: TLS probe 湖南省人民政府: score=47.0 tls=TLSv1.2 cert_days=175 headers=0 redirect=False sct=False issues=8
2026-08-24 18:24:16 [INFO] src.collection.threat_intel: Threat score for 湖南省人民政府 (113.246.57.9): 0.00 (pulses=0)
2026-08-24 18:24:18 [INFO] src.collection.tls_probe: TLS probe 字节跳动官网: score=82.0 tls=TLSv1.3 cert_days=147 headers=60 redirect=True sct=False issues=4
2026-08-24 18:24:35 [ERROR] src.collection.threat_intel: OTX query error for 42.48.120.66: HTTPSConnectionPool(host='otx.alienvault.com', port=443): Read timed out. (read timeout=15)
2026-08-24 18:24:37 [INFO] src.collection.tls_probe: TLS probe 腾讯官网: score=69.8 tls=TLSv1.3 cert_days=122 headers=25 redirect=True sct=False issues=6
2026-08-24 18:24:40 [INFO] src.collection.threat_intel: Threat score for 腾讯官网 (116.162.169.116): 0.00 (pulses=0)
2026-08-24 18:24:41 [INFO] src.collection.tls_probe: TLS probe 百度官网: score=55.8 tls=TLSv1.2 cert_days=152 headers=25 redirect=False sct=False issues=7
2026-08-24 18:24:41 [WARNING] src.collection.icmp_probe: No IP configured for target 百度官网
2026-08-24 18:24:41 [WARNING] src.collection.threat_intel: No IP for target 百度官网; skipping threat intel
2026-08-24 18:24:51 [INFO] src.scoring.health_score: Health score for 字节跳动官网: 94.4
2026-08-24 18:24:51 [INFO] src.scoring.health_score: Health score for 湖南农业大学门户: 78.4
2026-08-24 18:24:51 [INFO] src.scoring.health_score: Health score for 湖南省人民政府: 93.2
2026-08-24 18:24:51 [INFO] src.scoring.health_score: Health score for 百度官网: 85.6
2026-08-24 18:24:51 [INFO] src.scoring.health_score: Health score for 腾讯官网: 94.9
2026-08-24 18:24:58 [INFO] src.collection.content_monitor: Content unchanged for 湖南农业大学门户
2026-08-24 18:25:15 [INFO] src.collection.content_monitor: Content unchanged for 湖南省人民政府
2026-08-24 18:25:18 [INFO] src.collection.content_monitor: Content unchanged for 字节跳动官网
2026-08-24 18:25:19 [INFO] src.collection.content_monitor: Content unchanged for 腾讯官网
2026-08-24 18:51:07 [WARNING] src.collection.content_monitor: Content monitor fetch error for 百度官网: ('Connection aborted.', ConnectionResetError(10054, '远程主机强迫关闭了一个现有的连接。', None, 10054, None))
2026-08-24 18:51:09 [WARNING] src.collection.subdomain_discovery: crt.sh returned 502 for domain hunau.edu.cn
2026-08-24 18:51:09 [INFO] src.collection.subdomain_discovery: 被动子域名发现 湖南农业大学门户 (hunau.edu.cn): 共 0 个子域名
2026-08-24 18:51:10 [WARNING] src.collection.subdomain_discovery: crt.sh returned 502 for domain hunan.gov.cn
2026-08-24 18:51:10 [INFO] src.collection.subdomain_discovery: 被动子域名发现 湖南省人民政府 (hunan.gov.cn): 共 0 个子域名
2026-08-24 18:51:12 [WARNING] src.collection.subdomain_discovery: crt.sh returned 502 for domain bytedance.com
2026-08-24 18:51:12 [INFO] src.collection.subdomain_discovery: 被动子域名发现 字节跳动官网 (bytedance.com): 共 0 个子域名
2026-08-24 18:51:13 [WARNING] src.collection.subdomain_discovery: crt.sh returned 502 for domain tencent.com
2026-08-24 18:51:13 [INFO] src.collection.subdomain_discovery: 被动子域名发现 腾讯官网 (tencent.com): 共 0 个子域名
2026-08-24 18:51:15 [WARNING] src.collection.subdomain_discovery: crt.sh returned 502 for domain baidu.com
2026-08-24 18:51:15 [INFO] src.collection.subdomain_discovery: 被动子域名发现 百度官网 (baidu.com): 共 0 个子域名
2026-08-24 18:51:22 [WARNING] src.prediction.prophet_model: NeuralProphet import failed ([WinError 1114] 动态链接库(DLL)初始化例程失败。 Error loading "C:\internet_awareness\.venv\Lib\site-packages\torch\lib\c10.dll" or one of its dependencies.), will use Holt-Winters
2026-08-24 18:51:42 [INFO] src.prediction.risk_forecast: Risk index for 湖南农业大学门户: 14.0 (低风险)
2026-08-24 18:51:50 [WARNING] src.prediction.prophet_model: NeuralProphet import failed ([WinError 1114] 动态链接库(DLL)初始化例程失败。 Error loading "C:\internet_awareness\.venv\Lib\site-packages\torch\lib\c10.dll" or one of its dependencies.), will use Holt-Winters
2026-08-24 18:51:50 [INFO] src.prediction.risk_forecast: Risk index for 湖南省人民政府: 20.0 (中风险)
2026-08-24 18:51:57 [WARNING] src.prediction.prophet_model: NeuralProphet import failed ([WinError 1114] 动态链接库(DLL)初始化例程失败。 Error loading "C:\internet_awareness\.venv\Lib\site-packages\torch\lib\c10.dll" or one of its dependencies.), will use Holt-Winters
2026-08-24 18:51:58 [INFO] src.prediction.risk_forecast: Risk index for 字节跳动官网: 0.0 (低风险)
2026-08-24 18:52:06 [WARNING] src.prediction.prophet_model: NeuralProphet import failed ([WinError 1114] 动态链接库(DLL)初始化例程失败。 Error loading "C:\internet_awareness\.venv\Lib\site-packages\torch\lib\c10.dll" or one of its dependencies.), will use Holt-Winters
2026-08-24 18:52:06 [INFO] src.prediction.risk_forecast: Risk index for 腾讯官网: 0.0 (低风险)
2026-08-24 18:52:14 [WARNING] src.prediction.prophet_model: NeuralProphet import failed ([WinError 1114] 动态链接库(DLL)初始化例程失败。 Error loading "C:\internet_awareness\.venv\Lib\site-packages\torch\lib\c10.dll" or one of its dependencies.), will use Holt-Winters
2026-08-24 18:52:15 [INFO] src.prediction.risk_forecast: Risk index for 百度官网: 0.0 (低风险)
2026-08-24 18:52:19 [INFO] src.rules.adaptive_baseline: 基线更新完成
2026-08-24 18:52:20 [INFO] __main__: Collection cycle complete — 5 targets processed
2026-08-24 18:52:20 [INFO] __main__: Next collection in 60 minutes (interval=60 min)
2026-08-24 20:20:34 [INFO] src.collection.tls_probe: TLS probe 湖南农业大学门户: score=61.0 tls=TLSv1.3 cert_days=108 headers=0 redirect=True sct=False issues=7
2026-08-24 20:20:55 [INFO] src.collection.threat_intel: Threat score for 湖南农业大学门户 (218.104.146.107): 0.00 (pulses=0)
2026-08-24 20:20:55 [INFO] src.collection.tls_probe: TLS probe 湖南省人民政府: score=47.0 tls=TLSv1.2 cert_days=175 headers=0 redirect=False sct=False issues=8
2026-08-24 20:21:05 [INFO] src.collection.threat_intel: Threat score for 湖南省人民政府 (113.246.57.9): 0.00 (pulses=0)
2026-08-24 20:21:07 [INFO] src.collection.tls_probe: TLS probe 字节跳动官网: score=82.0 tls=TLSv1.3 cert_days=147 headers=60 redirect=True sct=False issues=4
2026-08-24 20:21:08 [INFO] src.collection.threat_intel: Threat score for 字节跳动官网 (42.48.120.66): 0.00 (pulses=0)
2026-08-24 20:21:09 [INFO] src.collection.tls_probe: TLS probe 腾讯官网: score=69.8 tls=TLSv1.3 cert_days=122 headers=25 redirect=True sct=False issues=6
2026-08-24 20:21:10 [INFO] src.collection.threat_intel: Threat score for 腾讯官网 (116.162.169.116): 0.00 (pulses=0)
2026-08-24 20:21:11 [INFO] src.collection.tls_probe: TLS probe 百度官网: score=55.8 tls=TLSv1.2 cert_days=152 headers=25 redirect=False sct=False issues=7
2026-08-24 20:21:11 [WARNING] src.collection.icmp_probe: No IP configured for target 百度官网
2026-08-24 20:21:11 [WARNING] src.collection.threat_intel: No IP for target 百度官网; skipping threat intel
2026-08-24 20:21:17 [INFO] src.scoring.health_score: Health score for 字节跳动官网: 97.0
2026-08-24 20:21:17 [INFO] src.scoring.health_score: Health score for 湖南农业大学门户: 81.1
2026-08-24 20:21:17 [INFO] src.scoring.health_score: Health score for 湖南省人民政府: 93.3
2026-08-24 20:21:17 [INFO] src.scoring.health_score: Health score for 百度官网: 86.8
2026-08-24 20:21:17 [INFO] src.scoring.health_score: Health score for 腾讯官网: 95.3
2026-08-24 20:21:18 [INFO] src.collection.content_monitor: Content unchanged for 湖南农业大学门户
2026-08-24 20:21:33 [INFO] src.collection.content_monitor: Content unchanged for 湖南省人民政府
2026-08-24 20:21:35 [INFO] src.collection.content_monitor: Content unchanged for 字节跳动官网
2026-08-24 20:21:36 [INFO] src.collection.content_monitor: Content unchanged for 腾讯官网
2026-08-24 20:21:40 [INFO] src.collection.content_monitor: Content unchanged for 百度官网
2026-08-24 20:21:41 [WARNING] src.collection.subdomain_discovery: crt.sh returned 502 for domain hunau.edu.cn
2026-08-24 20:21:41 [INFO] src.collection.subdomain_discovery: 被动子域名发现 湖南农业大学门户 (hunau.edu.cn): 共 0 个子域名
2026-08-24 20:21:42 [WARNING] src.collection.subdomain_discovery: crt.sh returned 502 for domain hunan.gov.cn
2026-08-24 20:21:42 [INFO] src.collection.subdomain_discovery: 被动子域名发现 湖南省人民政府 (hunan.gov.cn): 共 0 个子域名
2026-08-24 20:21:44 [WARNING] src.collection.subdomain_discovery: crt.sh returned 502 for domain bytedance.com
2026-08-24 20:21:44 [INFO] src.collection.subdomain_discovery: 被动子域名发现 字节跳动官网 (bytedance.com): 共 0 个子域名
2026-08-24 20:21:45 [WARNING] src.collection.subdomain_discovery: crt.sh returned 502 for domain tencent.com
2026-08-24 20:21:45 [INFO] src.collection.subdomain_discovery: 被动子域名发现 腾讯官网 (tencent.com): 共 0 个子域名
2026-08-24 20:21:48 [WARNING] src.collection.subdomain_discovery: crt.sh returned 502 for domain baidu.com
2026-08-24 20:21:48 [INFO] src.collection.subdomain_discovery: 被动子域名发现 百度官网 (baidu.com): 共 0 个子域名
2026-08-24 20:22:01 [WARNING] src.prediction.prophet_model: NeuralProphet import failed ([WinError 1114] 动态链接库(DLL)初始化例程失败。 Error loading "C:\internet_awareness\.venv\Lib\site-packages\torch\lib\c10.dll" or one of its dependencies.), will use Holt-Winters
2026-08-24 20:22:01 [INFO] src.prediction.risk_forecast: Risk index for 湖南农业大学门户: 14.0 (低风险)
2026-08-24 20:22:16 [WARNING] src.prediction.prophet_model: NeuralProphet import failed ([WinError 1114] 动态链接库(DLL)初始化例程失败。 Error loading "C:\internet_awareness\.venv\Lib\site-packages\torch\lib\c10.dll" or one of its dependencies.), will use Holt-Winters
2026-08-24 20:22:16 [INFO] src.prediction.risk_forecast: Risk index for 湖南省人民政府: 20.0 (中风险)
2026-08-24 20:22:29 [WARNING] src.prediction.prophet_model: NeuralProphet import failed ([WinError 1114] 动态链接库(DLL)初始化例程失败。 Error loading "C:\internet_awareness\.venv\Lib\site-packages\torch\lib\c10.dll" or one of its dependencies.), will use Holt-Winters
2026-08-24 20:22:29 [INFO] src.prediction.risk_forecast: Risk index for 字节跳动官网: 0.0 (低风险)
2026-08-24 20:22:41 [WARNING] src.prediction.prophet_model: NeuralProphet import failed ([WinError 1114] 动态链接库(DLL)初始化例程失败。 Error loading "C:\internet_awareness\.venv\Lib\site-packages\torch\lib\c10.dll" or one of its dependencies.), will use Holt-Winters
2026-08-24 20:22:42 [INFO] src.prediction.risk_forecast: Risk index for 腾讯官网: 0.0 (低风险)
2026-08-24 20:22:54 [WARNING] src.prediction.prophet_model: NeuralProphet import failed ([WinError 1114] 动态链接库(DLL)初始化例程失败。 Error loading "C:\internet_awareness\.venv\Lib\site-packages\torch\lib\c10.dll" or one of its dependencies.), will use Holt-Winters
2026-08-24 20:22:54 [INFO] src.prediction.risk_forecast: Risk index for 百度官网: 0.0 (低风险)
2026-08-24 20:22:55 [INFO] src.rules.adaptive_baseline: 基线更新完成
2026-08-24 20:22:55 [INFO] __main__: Collection cycle complete — 5 targets processed
2026-08-24 20:22:55 [INFO] __main__: Next collection in 60 minutes (interval=60 min)
2026-08-24 21:22:56 [INFO] src.collection.tls_probe: TLS probe 湖南农业大学门户: score=61.0 tls=TLSv1.3 cert_days=108 headers=0 redirect=True sct=False issues=7
2026-08-24 21:23:17 [INFO] src.collection.threat_intel: Threat score for 湖南农业大学门户 (218.104.146.107): 0.00 (pulses=0)
2026-08-24 21:23:17 [INFO] src.collection.tls_probe: TLS probe 湖南省人民政府: score=47.0 tls=TLSv1.2 cert_days=175 headers=0 redirect=False sct=False issues=8
2026-08-24 21:23:23 [INFO] src.collection.threat_intel: Threat score for 湖南省人民政府 (113.246.57.9): 0.00 (pulses=0)
2026-08-24 21:23:24 [INFO] src.collection.tls_probe: TLS probe 字节跳动官网: score=82.0 tls=TLSv1.3 cert_days=147 headers=60 redirect=True sct=False issues=4
2026-08-24 21:23:27 [INFO] src.collection.threat_intel: Threat score for 字节跳动官网 (42.48.120.66): 0.00 (pulses=0)
2026-08-24 21:23:27 [INFO] src.collection.tls_probe: TLS probe 腾讯官网: score=69.8 tls=TLSv1.3 cert_days=122 headers=25 redirect=True sct=False issues=6
2026-08-24 21:23:29 [INFO] src.collection.threat_intel: Threat score for 腾讯官网 (116.162.169.116): 0.00 (pulses=0)
2026-08-24 21:23:30 [INFO] src.collection.tls_probe: TLS probe 百度官网: score=55.8 tls=TLSv1.2 cert_days=152 headers=25 redirect=False sct=False issues=7
2026-08-24 21:23:30 [WARNING] src.collection.icmp_probe: No IP configured for target 百度官网
2026-08-24 21:23:30 [WARNING] src.collection.threat_intel: No IP for target 百度官网; skipping threat intel
2026-08-24 21:23:39 [INFO] src.scoring.health_score: Health score for 字节跳动官网: 97.1
2026-08-24 21:23:39 [INFO] src.scoring.health_score: Health score for 湖南农业大学门户: 81.1
2026-08-24 21:23:39 [INFO] src.scoring.health_score: Health score for 湖南省人民政府: 93.2
2026-08-24 21:23:39 [INFO] src.scoring.health_score: Health score for 百度官网: 86.7
2026-08-24 21:23:39 [INFO] src.scoring.health_score: Health score for 腾讯官网: 95.2
2026-08-24 21:23:39 [INFO] src.collection.content_monitor: Content unchanged for 湖南农业大学门户
2026-08-24 21:23:55 [INFO] src.collection.content_monitor: Content unchanged for 湖南省人民政府
2026-08-24 21:23:58 [INFO] src.collection.content_monitor: Content unchanged for 字节跳动官网
2026-08-24 21:23:58 [INFO] src.collection.content_monitor: Content unchanged for 腾讯官网
2026-08-24 21:24:02 [INFO] src.collection.content_monitor: Content unchanged for 百度官网
2026-08-24 21:24:04 [WARNING] src.collection.subdomain_discovery: crt.sh returned 502 for domain hunau.edu.cn
2026-08-24 21:24:04 [INFO] src.collection.subdomain_discovery: 被动子域名发现 湖南农业大学门户 (hunau.edu.cn): 共 0 个子域名
2026-08-24 21:24:05 [WARNING] src.collection.subdomain_discovery: crt.sh returned 502 for domain hunan.gov.cn
2026-08-24 21:24:05 [INFO] src.collection.subdomain_discovery: 被动子域名发现 湖南省人民政府 (hunan.gov.cn): 共 0 个子域名
2026-08-24 21:24:06 [WARNING] src.collection.subdomain_discovery: crt.sh returned 502 for domain bytedance.com
2026-08-24 21:24:06 [INFO] src.collection.subdomain_discovery: 被动子域名发现 字节跳动官网 (bytedance.com): 共 0 个子域名
2026-08-24 21:24:07 [WARNING] src.collection.subdomain_discovery: crt.sh returned 502 for domain tencent.com
2026-08-24 21:24:07 [INFO] src.collection.subdomain_discovery: 被动子域名发现 腾讯官网 (tencent.com): 共 0 个子域名
2026-08-24 21:24:09 [WARNING] src.collection.subdomain_discovery: crt.sh returned 502 for domain baidu.com
2026-08-24 21:24:09 [INFO] src.collection.subdomain_discovery: 被动子域名发现 百度官网 (baidu.com): 共 0 个子域名
2026-08-24 21:24:24 [WARNING] src.prediction.prophet_model: NeuralProphet import failed ([WinError 1114] 动态链接库(DLL)初始化例程失败。 Error loading "C:\internet_awareness\.venv\Lib\site-packages\torch\lib\c10.dll" or one of its dependencies.), will use Holt-Winters
2026-08-24 21:24:24 [INFO] src.prediction.risk_forecast: Risk index for 湖南农业大学门户: 14.0 (低风险)
2026-08-24 21:24:38 [WARNING] src.prediction.prophet_model: NeuralProphet import failed ([WinError 1114] 动态链接库(DLL)初始化例程失败。 Error loading "C:\internet_awareness\.venv\Lib\site-packages\torch\lib\c10.dll" or one of its dependencies.), will use Holt-Winters
2026-08-24 21:24:38 [INFO] src.prediction.risk_forecast: Risk index for 湖南省人民政府: 20.0 (中风险)
2026-08-24 21:24:51 [WARNING] src.prediction.prophet_model: NeuralProphet import failed ([WinError 1114] 动态链接库(DLL)初始化例程失败。 Error loading "C:\internet_awareness\.venv\Lib\site-packages\torch\lib\c10.dll" or one of its dependencies.), will use Holt-Winters
2026-08-24 21:24:51 [INFO] src.prediction.risk_forecast: Risk index for 字节跳动官网: 0.0 (低风险)
2026-08-24 21:25:06 [WARNING] src.prediction.prophet_model: NeuralProphet import failed ([WinError 1114] 动态链接库(DLL)初始化例程失败。 Error loading "C:\internet_awareness\.venv\Lib\site-packages\torch\lib\c10.dll" or one of its dependencies.), will use Holt-Winters
2026-08-24 21:25:06 [INFO] src.prediction.risk_forecast: Risk index for 腾讯官网: 0.0 (低风险)
2026-08-24 21:25:20 [WARNING] src.prediction.prophet_model: NeuralProphet import failed ([WinError 1114] 动态链接库(DLL)初始化例程失败。 Error loading "C:\internet_awareness\.venv\Lib\site-packages\torch\lib\c10.dll" or one of its dependencies.), will use Holt-Winters
2026-08-24 21:25:20 [INFO] src.prediction.risk_forecast: Risk index for 百度官网: 0.0 (低风险)
2026-08-24 21:25:20 [INFO] src.rules.adaptive_baseline: 基线更新完成
2026-08-24 21:25:21 [INFO] __main__: Collection cycle complete — 5 targets processed
2026-08-24 21:25:21 [INFO] __main__: Next collection in 60 minutes (interval=60 min)
2026-08-24 22:29:36 [INFO] src.collection.tls_probe: TLS probe 湖南农业大学门户: score=61.0 tls=TLSv1.3 cert_days=108 headers=0 redirect=True sct=False issues=7
2026-08-24 22:29:58 [INFO] src.collection.threat_intel: Threat score for 湖南农业大学门户 (218.104.146.107): 0.00 (pulses=0)
2026-08-24 22:29:58 [INFO] src.collection.tls_probe: TLS probe 湖南省人民政府: score=47.0 tls=TLSv1.2 cert_days=175 headers=0 redirect=False sct=False issues=8
2026-08-24 22:30:04 [INFO] src.collection.threat_intel: Threat score for 湖南省人民政府 (113.246.57.9): 0.00 (pulses=0)
2026-08-24 22:30:05 [INFO] src.collection.tls_probe: TLS probe 字节跳动官网: score=82.0 tls=TLSv1.3 cert_days=147 headers=60 redirect=True sct=False issues=4
2026-08-24 22:30:23 [ERROR] src.collection.threat_intel: OTX query error for 42.48.120.66: HTTPSConnectionPool(host='otx.alienvault.com', port=443): Read timed out. (read timeout=15)
2026-08-24 22:30:29 [INFO] src.collection.tls_probe: TLS probe 腾讯官网: score=69.8 tls=TLSv1.3 cert_days=122 headers=25 redirect=True sct=False issues=6
2026-08-24 22:30:34 [INFO] src.collection.threat_intel: Threat score for 腾讯官网 (116.162.169.116): 0.00 (pulses=0)
2026-08-24 22:30:35 [INFO] src.collection.tls_probe: TLS probe 百度官网: score=55.8 tls=TLSv1.2 cert_days=152 headers=25 redirect=False sct=False issues=7
2026-08-24 22:30:35 [WARNING] src.collection.icmp_probe: No IP configured for target 百度官网
2026-08-24 22:30:35 [WARNING] src.collection.threat_intel: No IP for target 百度官网; skipping threat intel
2026-08-24 22:30:42 [INFO] src.scoring.health_score: Health score for 字节跳动官网: 94.4
2026-08-24 22:30:42 [INFO] src.scoring.health_score: Health score for 湖南农业大学门户: 81.2
2026-08-24 22:30:42 [INFO] src.scoring.health_score: Health score for 湖南省人民政府: 93.3
2026-08-24 22:30:42 [INFO] src.scoring.health_score: Health score for 百度官网: 85.7
2026-08-24 22:30:42 [INFO] src.scoring.health_score: Health score for 腾讯官网: 94.4
2026-08-24 22:30:43 [INFO] src.collection.content_monitor: Content unchanged for 湖南农业大学门户
2026-08-24 22:30:52 [INFO] src.collection.content_monitor: Content unchanged for 湖南省人民政府
2026-08-24 22:30:54 [INFO] src.collection.content_monitor: Content unchanged for 字节跳动官网
2026-08-24 22:30:54 [INFO] src.collection.content_monitor: Content unchanged for 腾讯官网
2026-08-24 22:31:00 [INFO] src.collection.content_monitor: Content unchanged for 百度官网
2026-08-24 22:31:02 [WARNING] src.collection.subdomain_discovery: crt.sh returned 502 for domain hunau.edu.cn
2026-08-24 22:31:02 [INFO] src.collection.subdomain_discovery: 被动子域名发现 湖南农业大学门户 (hunau.edu.cn): 共 0 个子域名
2026-08-24 22:31:03 [WARNING] src.collection.subdomain_discovery: crt.sh returned 502 for domain hunan.gov.cn
2026-08-24 22:31:03 [INFO] src.collection.subdomain_discovery: 被动子域名发现 湖南省人民政府 (hunan.gov.cn): 共 0 个子域名
2026-08-24 22:31:06 [WARNING] src.collection.subdomain_discovery: crt.sh returned 502 for domain bytedance.com
2026-08-24 22:31:06 [INFO] src.collection.subdomain_discovery: 被动子域名发现 字节跳动官网 (bytedance.com): 共 0 个子域名
2026-08-24 22:31:08 [WARNING] src.collection.subdomain_discovery: crt.sh returned 502 for domain tencent.com
2026-08-24 22:31:08 [INFO] src.collection.subdomain_discovery: 被动子域名发现 腾讯官网 (tencent.com): 共 0 个子域名
2026-08-24 22:31:12 [WARNING] src.collection.subdomain_discovery: crt.sh returned 502 for domain baidu.com
2026-08-24 22:31:12 [INFO] src.collection.subdomain_discovery: 被动子域名发现 百度官网 (baidu.com): 共 0 个子域名
2026-08-24 22:31:25 [WARNING] src.prediction.prophet_model: NeuralProphet import failed ([WinError 1114] 动态链接库(DLL)初始化例程失败。 Error loading "C:\internet_awareness\.venv\Lib\site-packages\torch\lib\c10.dll" or one of its dependencies.), will use Holt-Winters
2026-08-24 22:31:25 [INFO] src.prediction.risk_forecast: Risk index for 湖南农业大学门户: 14.0 (低风险)
2026-08-24 22:31:38 [WARNING] src.prediction.prophet_model: NeuralProphet import failed ([WinError 1114] 动态链接库(DLL)初始化例程失败。 Error loading "C:\internet_awareness\.venv\Lib\site-packages\torch\lib\c10.dll" or one of its dependencies.), will use Holt-Winters
2026-08-24 22:31:38 [INFO] src.prediction.risk_forecast: Risk index for 湖南省人民政府: 20.0 (中风险)
2026-08-24 22:31:51 [WARNING] src.prediction.prophet_model: NeuralProphet import failed ([WinError 1114] 动态链接库(DLL)初始化例程失败。 Error loading "C:\internet_awareness\.venv\Lib\site-packages\torch\lib\c10.dll" or one of its dependencies.), will use Holt-Winters
2026-08-24 22:31:51 [INFO] src.prediction.risk_forecast: Risk index for 字节跳动官网: 0.0 (低风险)
2026-08-24 22:32:05 [WARNING] src.prediction.prophet_model: NeuralProphet import failed ([WinError 1114] 动态链接库(DLL)初始化例程失败。 Error loading "C:\internet_awareness\.venv\Lib\site-packages\torch\lib\c10.dll" or one of its dependencies.), will use Holt-Winters
2026-08-24 22:32:05 [INFO] src.prediction.risk_forecast: Risk index for 腾讯官网: 0.0 (低风险)
2026-08-24 22:32:17 [WARNING] src.prediction.prophet_model: NeuralProphet import failed ([WinError 1114] 动态链接库(DLL)初始化例程失败。 Error loading "C:\internet_awareness\.venv\Lib\site-packages\torch\lib\c10.dll" or one of its dependencies.), will use Holt-Winters
2026-08-24 22:32:17 [INFO] src.prediction.risk_forecast: Risk index for 百度官网: 0.0 (低风险)
2026-08-24 22:32:17 [INFO] src.rules.adaptive_baseline: 基线更新完成
2026-08-24 22:32:18 [INFO] __main__: Collection cycle complete — 5 targets processed
2026-08-24 22:32:18 [INFO] __main__: Next collection in 60 minutes (interval=60 min)
2026-08-24 23:40:14 [INFO] src.collection.tls_probe: TLS probe 湖南农业大学门户: score=61.0 tls=TLSv1.3 cert_days=108 headers=0 redirect=True sct=False issues=7
2026-08-24 23:40:37 [INFO] src.collection.threat_intel: Threat score for 湖南农业大学门户 (218.104.146.107): 0.00 (pulses=0)
2026-08-24 23:40:38 [INFO] src.collection.tls_probe: TLS probe 湖南省人民政府: score=47.0 tls=TLSv1.2 cert_days=175 headers=0 redirect=False sct=False issues=8
2026-08-24 23:40:43 [INFO] src.collection.threat_intel: Threat score for 湖南省人民政府 (113.246.57.9): 0.00 (pulses=0)
2026-08-24 23:40:44 [INFO] src.collection.tls_probe: TLS probe 字节跳动官网: score=82.0 tls=TLSv1.3 cert_days=147 headers=60 redirect=True sct=False issues=4
2026-08-24 23:40:48 [INFO] src.collection.threat_intel: Threat score for 字节跳动官网 (42.48.120.66): 0.00 (pulses=0)
2026-08-24 23:40:48 [INFO] src.collection.tls_probe: TLS probe 腾讯官网: score=69.8 tls=TLSv1.3 cert_days=122 headers=25 redirect=True sct=False issues=6
2026-08-24 23:40:50 [INFO] src.collection.threat_intel: Threat score for 腾讯官网 (116.162.169.116): 0.00 (pulses=0)
2026-08-24 23:40:51 [INFO] src.collection.tls_probe: TLS probe 百度官网: score=55.8 tls=TLSv1.2 cert_days=152 headers=25 redirect=False sct=False issues=7
2026-08-24 23:40:51 [WARNING] src.collection.icmp_probe: No IP configured for target 百度官网
2026-08-24 23:40:51 [WARNING] src.collection.threat_intel: No IP for target 百度官网; skipping threat intel
2026-08-24 23:40:57 [INFO] src.scoring.health_score: Health score for 字节跳动官网: 97.0
2026-08-24 23:40:57 [INFO] src.scoring.health_score: Health score for 湖南农业大学门户: 81.2
2026-08-24 23:40:57 [INFO] src.scoring.health_score: Health score for 湖南省人民政府: 93.2
2026-08-24 23:40:57 [INFO] src.scoring.health_score: Health score for 百度官网: 86.8
2026-08-24 23:40:57 [INFO] src.scoring.health_score: Health score for 腾讯官网: 95.2
2026-08-24 23:40:58 [INFO] src.collection.content_monitor: Content unchanged for 湖南农业大学门户
2026-08-24 23:41:08 [INFO] src.collection.content_monitor: Content unchanged for 湖南省人民政府
2026-08-24 23:41:11 [INFO] src.collection.content_monitor: Content unchanged for 字节跳动官网
2026-08-24 23:41:11 [INFO] src.collection.content_monitor: Content unchanged for 腾讯官网
2026-08-24 23:41:16 [INFO] src.collection.content_monitor: Content unchanged for 百度官网
2026-08-24 23:41:19 [WARNING] src.collection.subdomain_discovery: crt.sh returned 502 for domain hunau.edu.cn
2026-08-24 23:41:19 [INFO] src.collection.subdomain_discovery: 被动子域名发现 湖南农业大学门户 (hunau.edu.cn): 共 0 个子域名
2026-08-24 23:41:21 [WARNING] src.collection.subdomain_discovery: crt.sh returned 502 for domain hunan.gov.cn
2026-08-24 23:41:21 [INFO] src.collection.subdomain_discovery: 被动子域名发现 湖南省人民政府 (hunan.gov.cn): 共 0 个子域名
2026-08-24 23:41:22 [WARNING] src.collection.subdomain_discovery: crt.sh returned 502 for domain bytedance.com
2026-08-24 23:41:22 [INFO] src.collection.subdomain_discovery: 被动子域名发现 字节跳动官网 (bytedance.com): 共 0 个子域名
2026-08-24 23:41:25 [WARNING] src.collection.subdomain_discovery: crt.sh returned 502 for domain tencent.com
2026-08-24 23:41:25 [INFO] src.collection.subdomain_discovery: 被动子域名发现 腾讯官网 (tencent.com): 共 0 个子域名
2026-08-24 23:41:28 [WARNING] src.collection.subdomain_discovery: crt.sh returned 502 for domain baidu.com
2026-08-24 23:41:28 [INFO] src.collection.subdomain_discovery: 被动子域名发现 百度官网 (baidu.com): 共 0 个子域名
2026-08-24 23:41:40 [WARNING] src.prediction.prophet_model: NeuralProphet import failed ([WinError 1114] 动态链接库(DLL)初始化例程失败。 Error loading "C:\internet_awareness\.venv\Lib\site-packages\torch\lib\c10.dll" or one of its dependencies.), will use Holt-Winters
2026-08-24 23:41:40 [INFO] src.prediction.risk_forecast: Risk index for 湖南农业大学门户: 14.0 (低风险)
2026-08-24 23:41:53 [WARNING] src.prediction.prophet_model: NeuralProphet import failed ([WinError 1114] 动态链接库(DLL)初始化例程失败。 Error loading "C:\internet_awareness\.venv\Lib\site-packages\torch\lib\c10.dll" or one of its dependencies.), will use Holt-Winters
2026-08-24 23:41:53 [INFO] src.prediction.risk_forecast: Risk index for 湖南省人民政府: 20.0 (中风险)
2026-08-24 23:42:05 [WARNING] src.prediction.prophet_model: NeuralProphet import failed ([WinError 1114] 动态链接库(DLL)初始化例程失败。 Error loading "C:\internet_awareness\.venv\Lib\site-packages\torch\lib\c10.dll" or one of its dependencies.), will use Holt-Winters
2026-08-24 23:42:05 [INFO] src.prediction.risk_forecast: Risk index for 字节跳动官网: 0.0 (低风险)
2026-08-24 23:42:18 [WARNING] src.prediction.prophet_model: NeuralProphet import failed ([WinError 1114] 动态链接库(DLL)初始化例程失败。 Error loading "C:\internet_awareness\.venv\Lib\site-packages\torch\lib\c10.dll" or one of its dependencies.), will use Holt-Winters
2026-08-24 23:42:18 [INFO] src.prediction.risk_forecast: Risk index for 腾讯官网: 0.0 (低风险)
2026-08-24 23:42:30 [WARNING] src.prediction.prophet_model: NeuralProphet import failed ([WinError 1114] 动态链接库(DLL)初始化例程失败。 Error loading "C:\internet_awareness\.venv\Lib\site-packages\torch\lib\c10.dll" or one of its dependencies.), will use Holt-Winters
2026-08-24 23:42:30 [INFO] src.prediction.risk_forecast: Risk index for 百度官网: 0.0 (低风险)
2026-08-24 23:42:31 [INFO] src.rules.adaptive_baseline: 基线更新完成
2026-08-24 23:42:31 [INFO] __main__: Collection cycle complete — 5 targets processed
2026-08-24 23:42:31 [INFO] __main__: Next collection in 60 minutes (interval=60 min)
2026-08-30 17:07:04 [INFO] src.storage.db: Database initialised at C:\internet_awareness\data\awareness.db
2026-08-30 17:07:04 [INFO] __main__: Starting standalone collector
2026-08-30 17:07:04 [INFO] __main__: Next collection in 60 minutes (interval=60 min)
2026-09-04 11:09:35 [INFO] src.storage.db: Database initialised at C:\internet_awareness\data\awareness.db
2026-09-04 11:09:35 [INFO] __main__: Starting standalone collector
2026-09-04 11:09:35 [INFO] __main__: Next collection in 60 minutes (interval=60 min)
2026-09-04 14:06:42 [INFO] src.collection.tls_probe: TLS probe 湖南农业大学门户: score=61.0 tls=TLSv1.3 cert_days=98 headers=0 redirect=True sct=False issues=7
2026-09-04 14:07:05 [INFO] src.collection.threat_intel: Threat score for 湖南农业大学门户 (218.104.146.107): 0.00 (pulses=0)
2026-09-04 14:07:09 [INFO] src.collection.tls_probe: TLS probe 湖南省人民政府: score=47.0 tls=TLSv1.2 cert_days=164 headers=0 redirect=False sct=False issues=8
2026-09-04 14:07:17 [INFO] src.collection.threat_intel: Threat score for 湖南省人民政府 (113.246.57.9): 0.00 (pulses=0)
2026-09-04 14:07:19 [INFO] src.collection.tls_probe: TLS probe 字节跳动官网: score=82.0 tls=TLSv1.3 cert_days=136 headers=60 redirect=True sct=False issues=4
2026-09-04 14:07:23 [INFO] src.collection.threat_intel: Threat score for 字节跳动官网 (42.48.120.66): 0.00 (pulses=0)
2026-09-04 14:07:24 [INFO] src.collection.tls_probe: TLS probe 腾讯官网: score=69.8 tls=TLSv1.3 cert_days=112 headers=25 redirect=True sct=False issues=6
2026-09-04 14:07:30 [INFO] src.collection.threat_intel: Threat score for 腾讯官网 (116.162.169.116): 0.00 (pulses=0)
2026-09-04 14:07:31 [INFO] src.collection.tls_probe: TLS probe 百度官网: score=55.8 tls=TLSv1.2 cert_days=141 headers=25 redirect=False sct=False issues=7
2026-09-04 14:07:31 [WARNING] src.collection.icmp_probe: No IP configured for target 百度官网
2026-09-04 14:07:31 [WARNING] src.collection.threat_intel: No IP for target 百度官网; skipping threat intel
2026-09-04 14:07:34 [INFO] src.scoring.health_score: Health score for 字节跳动官网: 96.7
2026-09-04 14:07:34 [INFO] src.scoring.health_score: Health score for 湖南农业大学门户: 78.7
2026-09-04 14:07:34 [INFO] src.scoring.health_score: Health score for 湖南省人民政府: 91.7
2026-09-04 14:07:34 [INFO] src.scoring.health_score: Health score for 百度官网: 86.2
2026-09-04 14:07:34 [INFO] src.scoring.health_score: Health score for 腾讯官网: 94.7
2026-09-04 14:07:34 [WARNING] src.rules.alert_manager: ALERT [warning] 湖南农业大学门户: TLS/HTTPS 安全评分偏低至 61.0 分（警告阈值 70）
2026-09-04 14:07:34 [WARNING] src.rules.alert_manager: ALERT [critical] 湖南省人民政府: TLS/HTTPS 安全评分严重劣化至 47.0 分（危险阈值 50）
2026-09-04 14:07:34 [WARNING] src.rules.alert_manager: ALERT [warning] 百度官网: TLS/HTTPS 安全评分偏低至 55.8 分（警告阈值 70）
2026-09-04 14:07:34 [WARNING] src.rules.alert_manager: ALERT [warning] 腾讯官网: TLS/HTTPS 安全评分偏低至 69.8 分（警告阈值 70）
2026-09-04 14:07:37 [INFO] src.collection.content_monitor: Content unchanged for 湖南农业大学门户
2026-09-04 14:07:47 [INFO] src.collection.content_monitor: Content unchanged for 湖南省人民政府
2026-09-04 14:07:50 [INFO] src.collection.content_monitor: Content unchanged for 字节跳动官网
2026-09-04 14:07:50 [INFO] src.collection.content_monitor: Content unchanged for 腾讯官网
2026-09-04 14:07:56 [INFO] src.collection.content_monitor: Content unchanged for 百度官网
2026-09-04 14:08:08 [INFO] src.collection.subdomain_discovery: 被动子域名发现 湖南农业大学门户 (hunau.edu.cn): 共 15 个子域名
2026-09-04 14:08:13 [INFO] src.collection.subdomain_discovery: 被动子域名发现 湖南省人民政府 (hunan.gov.cn): 共 90 个子域名
2026-09-04 14:08:55 [INFO] src.collection.subdomain_discovery: 被动子域名发现 字节跳动官网 (bytedance.com): 共 89 个子域名
2026-09-04 14:09:13 [INFO] src.collection.subdomain_discovery: 被动子域名发现 腾讯官网 (tencent.com): 共 1312 个子域名
2026-09-04 14:09:18 [INFO] src.collection.subdomain_discovery: 目标 腾讯官网 新增被动发现资产 15 个：['accessusa.ioa.tencent.com', 'acepre.tencent.com', 'acetest.tencent.com', 'ad.kandian.tencent.com', 'ad.tencent.com', 'adm.m.tencent.com', 'ads.privacy.tencent.com', 'ads.tencent.com', 'agency.tencent.com', 'ago.tencent.com', 'ahs.cloud.tencent.com', 'ai-speech.cloud.tencent.com', 'ai.cloud.tencent.com', 'ai.h5.tencent.com', 'ai.tencent.com']
2026-09-04 14:09:18 [WARNING] src.rules.alert_manager: ALERT [warning] 腾讯官网: 发现 15 个新的对外暴露子域名
2026-09-04 14:09:31 [INFO] src.collection.subdomain_discovery: 被动子域名发现 百度官网 (baidu.com): 共 717 个子域名
2026-09-04 14:09:34 [INFO] src.collection.subdomain_discovery: 目标 百度官网 新增被动发现资产 15 个：['api.erp.baidu.com', 'api.erpsel.baidu.com', 'api.es.baidu.com', 'api.fusion.baidu.com', 'api.fusionsel.baidu.com', 'api.iemp.baidu.com', 'api.lifenote.baidu.com', 'api.map.baidu.com', 'api.push.baidu.com', 'api.sao.baidu.com', 'api.su.baidu.com', 'api.tuisong.baidu.com', 'api.zz.baidu.com', 'api0.tuisong.baidu.com', 'apidata.baidu.com']
2026-09-04 14:09:34 [WARNING] src.rules.alert_manager: ALERT [warning] 百度官网: 发现 15 个新的对外暴露子域名
2026-09-04 14:09:43 [WARNING] src.prediction.prophet_model: NeuralProphet import failed ([WinError 1114] 动态链接库(DLL)初始化例程失败。 Error loading "C:\internet_awareness\.venv\Lib\site-packages\torch\lib\c10.dll" or one of its dependencies.), will use Holt-Winters
2026-09-04 14:09:45 [INFO] src.prediction.risk_forecast: Risk index for 湖南农业大学门户: 7.0 (低风险)
2026-09-04 14:09:56 [WARNING] src.prediction.prophet_model: NeuralProphet import failed ([WinError 1114] 动态链接库(DLL)初始化例程失败。 Error loading "C:\internet_awareness\.venv\Lib\site-packages\torch\lib\c10.dll" or one of its dependencies.), will use Holt-Winters
2026-09-04 14:09:57 [INFO] src.prediction.risk_forecast: Risk index for 湖南省人民政府: 20.0 (中风险)
2026-09-04 14:10:10 [WARNING] src.prediction.prophet_model: NeuralProphet import failed ([WinError 1114] 动态链接库(DLL)初始化例程失败。 Error loading "C:\internet_awareness\.venv\Lib\site-packages\torch\lib\c10.dll" or one of its dependencies.), will use Holt-Winters
2026-09-04 14:10:10 [INFO] src.prediction.risk_forecast: Risk index for 字节跳动官网: 7.0 (低风险)
2026-09-04 14:10:22 [WARNING] src.prediction.prophet_model: NeuralProphet import failed ([WinError 1114] 动态链接库(DLL)初始化例程失败。 Error loading "C:\internet_awareness\.venv\Lib\site-packages\torch\lib\c10.dll" or one of its dependencies.), will use Holt-Winters
2026-09-04 14:10:22 [INFO] src.prediction.risk_forecast: Risk index for 腾讯官网: 14.0 (低风险)
2026-09-04 14:10:34 [WARNING] src.prediction.prophet_model: NeuralProphet import failed ([WinError 1114] 动态链接库(DLL)初始化例程失败。 Error loading "C:\internet_awareness\.venv\Lib\site-packages\torch\lib\c10.dll" or one of its dependencies.), will use Holt-Winters
2026-09-04 14:10:34 [INFO] src.prediction.risk_forecast: Risk index for 百度官网: 0.0 (低风险)
2026-09-04 14:10:34 [INFO] src.rules.adaptive_baseline: 基线更新完成
2026-09-04 14:10:35 [INFO] __main__: Collection cycle complete — 5 targets processed
2026-09-04 14:10:35 [INFO] __main__: Next collection in 60 minutes (interval=60 min)
2026-09-04 18:56:46 [INFO] src.collection.tls_probe: TLS probe 湖南农业大学门户: score=61.0 tls=TLSv1.3 cert_days=98 headers=0 redirect=True sct=False issues=7
2026-09-04 18:57:11 [INFO] src.collection.threat_intel: Threat score for 湖南农业大学门户 (218.104.146.107): 0.00 (pulses=0)
2026-09-04 18:57:12 [INFO] src.collection.tls_probe: TLS probe 湖南省人民政府: score=47.0 tls=TLSv1.2 cert_days=164 headers=0 redirect=False sct=False issues=8
2026-09-04 18:57:22 [INFO] src.collection.threat_intel: Threat score for 湖南省人民政府 (113.246.57.9): 0.00 (pulses=0)
2026-09-04 18:57:24 [INFO] src.collection.tls_probe: TLS probe 字节跳动官网: score=82.0 tls=TLSv1.3 cert_days=136 headers=60 redirect=True sct=False issues=4
2026-09-04 18:57:30 [INFO] src.collection.threat_intel: Threat score for 字节跳动官网 (42.48.120.66): 0.00 (pulses=0)
2026-09-04 18:57:31 [INFO] src.collection.tls_probe: TLS probe 腾讯官网: score=69.8 tls=TLSv1.3 cert_days=111 headers=25 redirect=True sct=False issues=6
2026-09-04 18:57:36 [INFO] src.collection.threat_intel: Threat score for 腾讯官网 (116.162.169.116): 0.00 (pulses=0)
2026-09-04 18:57:37 [INFO] src.collection.tls_probe: TLS probe 百度官网: score=55.8 tls=TLSv1.2 cert_days=141 headers=25 redirect=False sct=False issues=7
2026-09-04 18:57:37 [WARNING] src.collection.icmp_probe: No IP configured for target 百度官网
2026-09-04 18:57:37 [WARNING] src.collection.threat_intel: No IP for target 百度官网; skipping threat intel
2026-09-04 18:57:41 [INFO] src.scoring.health_score: Health score for 字节跳动官网: 96.4
2026-09-04 18:57:41 [INFO] src.scoring.health_score: Health score for 湖南农业大学门户: 77.2
2026-09-04 18:57:41 [INFO] src.scoring.health_score: Health score for 湖南省人民政府: 93.0
2026-09-04 18:57:41 [INFO] src.scoring.health_score: Health score for 百度官网: 86.2
2026-09-04 18:57:41 [INFO] src.scoring.health_score: Health score for 腾讯官网: 95.1
2026-09-04 18:57:42 [WARNING] src.rules.alert_manager: ALERT [warning] 湖南农业大学门户: TLS/HTTPS 安全评分偏低至 61.0 分（警告阈值 70）
2026-09-04 18:57:42 [WARNING] src.rules.alert_manager: ALERT [critical] 湖南省人民政府: TLS/HTTPS 安全评分严重劣化至 47.0 分（危险阈值 50）
2026-09-04 18:57:42 [WARNING] src.rules.alert_manager: ALERT [warning] 百度官网: TLS/HTTPS 安全评分偏低至 55.8 分（警告阈值 70）
2026-09-04 18:57:42 [WARNING] src.rules.alert_manager: ALERT [warning] 腾讯官网: TLS/HTTPS 安全评分偏低至 69.8 分（警告阈值 70）
2026-09-04 18:57:44 [INFO] src.collection.content_monitor: Content unchanged for 湖南农业大学门户
2026-09-04 18:57:55 [WARNING] src.collection.content_monitor: Content CHANGED for 湖南省人民政府: 页面文本增加约 3644 字符；当前页面标题：「欢迎光临湖南省人民政府门户网站」
2026-09-04 18:57:56 [WARNING] src.collection.content_monitor: Content CHANGED for 湖南省人民政府/: 页面文本增加约 3644 字符；当前页面标题：「欢迎光临湖南省人民政府门户网站」
2026-09-04 18:57:56 [WARNING] src.collection.content_monitor: Content CHANGED for 湖南省人民政府/hnszf/hnyw/hnyw.html: 页面文本增加约 2559 字符；当前页面标题：「政务要闻-湖南省人民政府门户网站」
2026-09-04 18:57:57 [WARNING] src.rules.alert_manager: ALERT [critical] 湖南省人民政府: 网页内容发生变化：https://www.hunan.gov.cn
2026-09-04 18:57:58 [INFO] src.collection.content_monitor: Content unchanged for 字节跳动官网
2026-09-04 18:57:58 [INFO] src.collection.content_monitor: Content unchanged for 腾讯官网
2026-09-04 18:58:06 [INFO] src.collection.content_monitor: Content unchanged for 百度官网
2026-09-04 18:58:10 [INFO] src.collection.subdomain_discovery: 被动子域名发现 湖南农业大学门户 (hunau.edu.cn): 共 15 个子域名
2026-09-04 18:58:13 [INFO] src.collection.subdomain_discovery: 被动子域名发现 湖南省人民政府 (hunan.gov.cn): 共 90 个子域名
2026-09-04 18:58:19 [INFO] src.collection.subdomain_discovery: 被动子域名发现 字节跳动官网 (bytedance.com): 共 89 个子域名
2026-09-04 18:58:34 [INFO] src.collection.subdomain_discovery: 被动子域名发现 腾讯官网 (tencent.com): 共 1312 个子域名
2026-09-04 18:58:40 [INFO] src.collection.subdomain_discovery: 目标 腾讯官网 新增被动发现资产 15 个：['annotation.ai.tencent.com', 'annotation.aihealthcare.tencent.com', 'anquan.tencent.com', 'aoc.tencent.com', 'ap-idc-jarvis.tencent.com', 'apaas-dev-pro.cloud.tencent.com', 'apaas-dev.cloud.tencent.com', 'apaas-pro.cloud.tencent.com', 'apaas-test-pro.cloud.tencent.com', 'apaas-test.cloud.tencent.com', 'apaas.cloud.tencent.com', 'apaas.tencent.com', 'ape.cloud.tencent.com', 'api-apaas.tencent.com', 'api-lite-yixing.tencent.com']
2026-09-04 18:58:40 [WARNING] src.rules.alert_manager: ALERT [warning] 腾讯官网: 发现 15 个新的对外暴露子域名
2026-09-04 18:59:08 [INFO] src.collection.subdomain_discovery: 被动子域名发现 百度官网 (baidu.com): 共 717 个子域名
2026-09-04 18:59:12 [INFO] src.collection.subdomain_discovery: 目标 百度官网 新增被动发现资产 15 个：['autodiscover.iwaimai.baidu.com', 'b.blcs.waimai.baidu.com', 'b20.baidu.com', 'baidu.com', 'baidu.com--baidu.com', 'baiduworld.baidu.com', 'baifubao.baidu.com', 'baijin.baidu.com', 'baiyue.beareditor.bce.baidu.com', 'baoheapi.baidu.com', 'baseservice.trafficsafe.baidu.com', 'bbs.wmagent.baidu.com', 'bcc.bce-api.baidu.com', 'bce.baidu.com', 'bcetest.baidu.com']
2026-09-04 18:59:12 [WARNING] src.rules.alert_manager: ALERT [warning] 百度官网: 发现 15 个新的对外暴露子域名
2026-09-04 18:59:24 [WARNING] src.prediction.prophet_model: NeuralProphet import failed ([WinError 1114] 动态链接库(DLL)初始化例程失败。 Error loading "C:\internet_awareness\.venv\Lib\site-packages\torch\lib\c10.dll" or one of its dependencies.), will use Holt-Winters
2026-09-04 18:59:24 [INFO] src.prediction.risk_forecast: Risk index for 湖南农业大学门户: 7.0 (低风险)
2026-09-04 18:59:36 [WARNING] src.prediction.prophet_model: NeuralProphet import failed ([WinError 1114] 动态链接库(DLL)初始化例程失败。 Error loading "C:\internet_awareness\.venv\Lib\site-packages\torch\lib\c10.dll" or one of its dependencies.), will use Holt-Winters
2026-09-04 18:59:36 [INFO] src.prediction.risk_forecast: Risk index for 湖南省人民政府: 20.0 (中风险)
2026-09-04 18:59:48 [WARNING] src.prediction.prophet_model: NeuralProphet import failed ([WinError 1114] 动态链接库(DLL)初始化例程失败。 Error loading "C:\internet_awareness\.venv\Lib\site-packages\torch\lib\c10.dll" or one of its dependencies.), will use Holt-Winters
2026-09-04 18:59:48 [INFO] src.prediction.risk_forecast: Risk index for 字节跳动官网: 7.0 (低风险)
2026-09-04 19:00:00 [WARNING] src.prediction.prophet_model: NeuralProphet import failed ([WinError 1114] 动态链接库(DLL)初始化例程失败。 Error loading "C:\internet_awareness\.venv\Lib\site-packages\torch\lib\c10.dll" or one of its dependencies.), will use Holt-Winters
2026-09-04 19:00:00 [INFO] src.prediction.risk_forecast: Risk index for 腾讯官网: 20.0 (中风险)
2026-09-04 19:00:12 [WARNING] src.prediction.prophet_model: NeuralProphet import failed ([WinError 1114] 动态链接库(DLL)初始化例程失败。 Error loading "C:\internet_awareness\.venv\Lib\site-packages\torch\lib\c10.dll" or one of its dependencies.), will use Holt-Winters
2026-09-04 19:00:12 [INFO] src.prediction.risk_forecast: Risk index for 百度官网: 0.0 (低风险)
2026-09-04 19:00:13 [INFO] src.rules.adaptive_baseline: 基线更新完成
2026-09-04 19:00:13 [INFO] __main__: Collection cycle complete — 5 targets processed
2026-09-04 19:00:13 [INFO] __main__: Next collection in 60 minutes (interval=60 min)
2026-09-04 23:24:51 [INFO] src.collection.tls_probe: TLS probe 湖南农业大学门户: score=61.0 tls=TLSv1.3 cert_days=97 headers=0 redirect=True sct=False issues=7
2026-09-04 23:25:17 [INFO] src.collection.threat_intel: Threat score for 湖南农业大学门户 (218.104.146.107): 0.00 (pulses=0)
2026-09-04 23:25:18 [INFO] src.collection.tls_probe: TLS probe 湖南省人民政府: score=47.0 tls=TLSv1.2 cert_days=164 headers=0 redirect=False sct=False issues=8
2026-09-04 23:25:31 [INFO] src.collection.threat_intel: Threat score for 湖南省人民政府 (113.246.57.9): 0.00 (pulses=0)
2026-09-04 23:25:33 [INFO] src.collection.tls_probe: TLS probe 字节跳动官网: score=82.0 tls=TLSv1.3 cert_days=136 headers=60 redirect=True sct=False issues=4
2026-09-04 23:25:37 [INFO] src.collection.threat_intel: Threat score for 字节跳动官网 (42.48.120.66): 0.00 (pulses=0)
2026-09-04 23:25:38 [INFO] src.collection.tls_probe: TLS probe 腾讯官网: score=69.8 tls=TLSv1.3 cert_days=111 headers=25 redirect=True sct=False issues=6
2026-09-04 23:25:43 [INFO] src.collection.threat_intel: Threat score for 腾讯官网 (116.162.169.116): 0.00 (pulses=0)
2026-09-04 23:25:44 [INFO] src.collection.tls_probe: TLS probe 百度官网: score=55.8 tls=TLSv1.2 cert_days=141 headers=25 redirect=False sct=False issues=7
2026-09-04 23:25:44 [WARNING] src.collection.icmp_probe: No IP configured for target 百度官网
2026-09-04 23:25:44 [WARNING] src.collection.threat_intel: No IP for target 百度官网; skipping threat intel
2026-09-04 23:25:50 [INFO] src.scoring.health_score: Health score for 字节跳动官网: 96.7
2026-09-04 23:25:50 [INFO] src.scoring.health_score: Health score for 湖南农业大学门户: 80.4
2026-09-04 23:25:50 [INFO] src.scoring.health_score: Health score for 湖南省人民政府: 93.2
2026-09-04 23:25:50 [INFO] src.scoring.health_score: Health score for 百度官网: 86.6
2026-09-04 23:25:50 [INFO] src.scoring.health_score: Health score for 腾讯官网: 95.0
2026-09-04 23:25:50 [WARNING] src.rules.alert_manager: ALERT [warning] 湖南农业大学门户: TLS/HTTPS 安全评分偏低至 61.0 分（警告阈值 70）
2026-09-04 23:25:50 [WARNING] src.rules.alert_manager: ALERT [critical] 湖南省人民政府: TLS/HTTPS 安全评分严重劣化至 47.0 分（危险阈值 50）
2026-09-04 23:25:50 [WARNING] src.rules.alert_manager: ALERT [warning] 百度官网: TLS/HTTPS 安全评分偏低至 55.8 分（警告阈值 70）
2026-09-04 23:25:50 [WARNING] src.rules.alert_manager: ALERT [warning] 腾讯官网: TLS/HTTPS 安全评分偏低至 69.8 分（警告阈值 70）
2026-09-04 23:25:51 [INFO] src.collection.content_monitor: Content unchanged for 湖南农业大学门户
2026-09-04 23:26:00 [INFO] src.collection.content_monitor: Content unchanged for 湖南省人民政府
2026-09-04 23:26:02 [INFO] src.collection.content_monitor: Content unchanged for 字节跳动官网
2026-09-04 23:26:03 [INFO] src.collection.content_monitor: Content unchanged for 腾讯官网
2026-09-04 23:26:12 [INFO] src.collection.content_monitor: Content unchanged for 百度官网
2026-09-04 23:26:18 [INFO] src.collection.subdomain_discovery: 被动子域名发现 湖南农业大学门户 (hunau.edu.cn): 共 15 个子域名
2026-09-04 23:26:36 [INFO] src.collection.subdomain_discovery: 被动子域名发现 湖南省人民政府 (hunan.gov.cn): 共 90 个子域名
2026-09-04 23:27:17 [INFO] src.collection.subdomain_discovery: 被动子域名发现 字节跳动官网 (bytedance.com): 共 89 个子域名
2026-09-04 23:27:21 [WARNING] src.collection.subdomain_discovery: crt.sh returned 502 for domain tencent.com
2026-09-04 23:27:21 [INFO] src.collection.subdomain_discovery: 被动子域名发现 腾讯官网 (tencent.com): 共 0 个子域名
2026-09-04 23:28:25 [INFO] src.collection.subdomain_discovery: 被动子域名发现 百度官网 (baidu.com): 共 717 个子域名
2026-09-04 23:28:34 [INFO] src.collection.subdomain_discovery: 目标 百度官网 新增被动发现资产 15 个：['bos.im.baidu.com', 'bos.nj.bpc-internal.baidu.com', 'bos.nj.bpc.baidu.com', 'bos.qasandbox.bcetest.baidu.com', 'bptf.baidu.com', 'bs.baidu.com', 'bscan.baidu.com', 'bsi.baidu.com', 'btr.baidu.com', 'bu.baidu.com', 'bzt.baidu.com', 'c.pcs.baidu.com', 'c.tieba.baidu.com', 'caifu.baidu.com', 'caigou.baidu.com']
2026-09-04 23:28:34 [WARNING] src.rules.alert_manager: ALERT [warning] 百度官网: 发现 15 个新的对外暴露子域名
2026-09-04 23:28:47 [WARNING] src.prediction.prophet_model: NeuralProphet import failed ([WinError 1114] 动态链接库(DLL)初始化例程失败。 Error loading "C:\internet_awareness\.venv\Lib\site-packages\torch\lib\c10.dll" or one of its dependencies.), will use Holt-Winters
2026-09-04 23:28:47 [INFO] src.prediction.risk_forecast: Risk index for 湖南农业大学门户: 7.0 (低风险)
2026-09-04 23:28:57 [WARNING] src.prediction.prophet_model: NeuralProphet import failed ([WinError 1114] 动态链接库(DLL)初始化例程失败。 Error loading "C:\internet_awareness\.venv\Lib\site-packages\torch\lib\c10.dll" or one of its dependencies.), will use Holt-Winters
2026-09-04 23:28:57 [INFO] src.prediction.risk_forecast: Risk index for 湖南省人民政府: 20.0 (中风险)
2026-09-04 23:29:07 [WARNING] src.prediction.prophet_model: NeuralProphet import failed ([WinError 1114] 动态链接库(DLL)初始化例程失败。 Error loading "C:\internet_awareness\.venv\Lib\site-packages\torch\lib\c10.dll" or one of its dependencies.), will use Holt-Winters
2026-09-04 23:29:08 [INFO] src.prediction.risk_forecast: Risk index for 字节跳动官网: 7.0 (低风险)
2026-09-04 23:29:21 [WARNING] src.prediction.prophet_model: NeuralProphet import failed ([WinError 1114] 动态链接库(DLL)初始化例程失败。 Error loading "C:\internet_awareness\.venv\Lib\site-packages\torch\lib\c10.dll" or one of its dependencies.), will use Holt-Winters
2026-09-04 23:29:21 [INFO] src.prediction.risk_forecast: Risk index for 腾讯官网: 20.0 (中风险)
2026-09-04 23:29:33 [WARNING] src.prediction.prophet_model: NeuralProphet import failed ([WinError 1114] 动态链接库(DLL)初始化例程失败。 Error loading "C:\internet_awareness\.venv\Lib\site-packages\torch\lib\c10.dll" or one of its dependencies.), will use Holt-Winters
2026-09-04 23:29:33 [INFO] src.prediction.risk_forecast: Risk index for 百度官网: 0.0 (低风险)
2026-09-04 23:29:33 [INFO] src.rules.adaptive_baseline: 基线更新完成
2026-09-04 23:29:34 [INFO] __main__: Collection cycle complete — 5 targets processed
2026-09-04 23:29:34 [INFO] __main__: Next collection in 60 minutes (interval=60 min)
2026-09-05 00:29:39 [INFO] src.collection.tls_probe: TLS probe 湖南农业大学门户: score=61.0 tls=TLSv1.3 cert_days=97 headers=0 redirect=True sct=False issues=7
2026-09-05 00:30:05 [INFO] src.collection.threat_intel: Threat score for 湖南农业大学门户 (218.104.146.107): 0.00 (pulses=0)
2026-09-05 00:30:06 [INFO] src.collection.tls_probe: TLS probe 湖南省人民政府: score=47.0 tls=TLSv1.2 cert_days=164 headers=0 redirect=False sct=False issues=8
2026-09-05 00:30:14 [INFO] src.collection.threat_intel: Threat score for 湖南省人民政府 (113.246.57.9): 0.00 (pulses=0)
2026-09-05 00:30:16 [INFO] src.collection.tls_probe: TLS probe 字节跳动官网: score=82.0 tls=TLSv1.3 cert_days=136 headers=60 redirect=True sct=False issues=4
2026-09-05 00:30:20 [INFO] src.collection.threat_intel: Threat score for 字节跳动官网 (42.48.120.66): 0.00 (pulses=0)
2026-09-05 00:30:21 [INFO] src.collection.tls_probe: TLS probe 腾讯官网: score=69.8 tls=TLSv1.3 cert_days=111 headers=25 redirect=True sct=False issues=6
2026-09-05 00:30:29 [INFO] src.collection.threat_intel: Threat score for 腾讯官网 (116.162.169.116): 0.00 (pulses=0)
2026-09-05 00:30:30 [INFO] src.collection.tls_probe: TLS probe 百度官网: score=55.8 tls=TLSv1.2 cert_days=141 headers=25 redirect=False sct=False issues=7
2026-09-05 00:30:30 [WARNING] src.collection.icmp_probe: No IP configured for target 百度官网
2026-09-05 00:30:30 [WARNING] src.collection.threat_intel: No IP for target 百度官网; skipping threat intel
2026-09-05 00:30:33 [INFO] src.scoring.health_score: Health score for 字节跳动官网: 96.6
2026-09-05 00:30:33 [INFO] src.scoring.health_score: Health score for 湖南农业大学门户: 80.8
2026-09-05 00:30:33 [INFO] src.scoring.health_score: Health score for 湖南省人民政府: 93.2
2026-09-05 00:30:33 [INFO] src.scoring.health_score: Health score for 百度官网: 86.5
2026-09-05 00:30:33 [INFO] src.scoring.health_score: Health score for 腾讯官网: 95.0
2026-09-05 00:30:33 [WARNING] src.rules.alert_manager: ALERT [warning] 湖南农业大学门户: TLS/HTTPS 安全评分偏低至 61.0 分（警告阈值 70）
2026-09-05 00:30:33 [WARNING] src.rules.alert_manager: ALERT [critical] 湖南省人民政府: TLS/HTTPS 安全评分严重劣化至 47.0 分（危险阈值 50）
2026-09-05 00:30:33 [WARNING] src.rules.alert_manager: ALERT [warning] 百度官网: TLS/HTTPS 安全评分偏低至 55.8 分（警告阈值 70）
2026-09-05 00:30:33 [WARNING] src.rules.alert_manager: ALERT [warning] 腾讯官网: TLS/HTTPS 安全评分偏低至 69.8 分（警告阈值 70）
2026-09-05 00:30:34 [INFO] src.collection.content_monitor: Content unchanged for 湖南农业大学门户
2026-09-05 00:30:46 [INFO] src.collection.content_monitor: Content unchanged for 湖南省人民政府
2026-09-05 00:30:49 [INFO] src.collection.content_monitor: Content unchanged for 字节跳动官网
2026-09-05 00:30:49 [INFO] src.collection.content_monitor: Content unchanged for 腾讯官网
2026-09-05 00:30:56 [INFO] src.collection.content_monitor: Content unchanged for 百度官网
2026-09-05 00:31:06 [INFO] src.collection.subdomain_discovery: 被动子域名发现 湖南农业大学门户 (hunau.edu.cn): 共 15 个子域名
2026-09-05 00:31:08 [WARNING] src.collection.subdomain_discovery: crt.sh returned 502 for domain hunan.gov.cn
2026-09-05 00:31:08 [INFO] src.collection.subdomain_discovery: 被动子域名发现 湖南省人民政府 (hunan.gov.cn): 共 0 个子域名
2026-09-05 00:31:10 [WARNING] src.collection.subdomain_discovery: crt.sh returned 502 for domain bytedance.com
2026-09-05 00:31:10 [INFO] src.collection.subdomain_discovery: 被动子域名发现 字节跳动官网 (bytedance.com): 共 0 个子域名
2026-09-05 00:31:12 [WARNING] src.collection.subdomain_discovery: crt.sh returned 502 for domain tencent.com
2026-09-05 00:31:12 [INFO] src.collection.subdomain_discovery: 被动子域名发现 腾讯官网 (tencent.com): 共 0 个子域名
2026-09-05 00:31:14 [WARNING] src.collection.subdomain_discovery: crt.sh returned 502 for domain baidu.com
2026-09-05 00:31:14 [INFO] src.collection.subdomain_discovery: 被动子域名发现 百度官网 (baidu.com): 共 0 个子域名
2026-09-05 00:31:26 [WARNING] src.prediction.prophet_model: NeuralProphet import failed ([WinError 1114] 动态链接库(DLL)初始化例程失败。 Error loading "C:\internet_awareness\.venv\Lib\site-packages\torch\lib\c10.dll" or one of its dependencies.), will use Holt-Winters
2026-09-05 00:31:26 [INFO] src.prediction.risk_forecast: Risk index for 湖南农业大学门户: 7.0 (低风险)
2026-09-05 00:31:39 [WARNING] src.prediction.prophet_model: NeuralProphet import failed ([WinError 1114] 动态链接库(DLL)初始化例程失败。 Error loading "C:\internet_awareness\.venv\Lib\site-packages\torch\lib\c10.dll" or one of its dependencies.), will use Holt-Winters
2026-09-05 00:31:39 [INFO] src.prediction.risk_forecast: Risk index for 湖南省人民政府: 20.0 (中风险)
2026-09-05 00:31:50 [WARNING] src.prediction.prophet_model: NeuralProphet import failed ([WinError 1114] 动态链接库(DLL)初始化例程失败。 Error loading "C:\internet_awareness\.venv\Lib\site-packages\torch\lib\c10.dll" or one of its dependencies.), will use Holt-Winters
2026-09-05 00:31:50 [INFO] src.prediction.risk_forecast: Risk index for 字节跳动官网: 7.0 (低风险)
2026-09-05 00:32:03 [WARNING] src.prediction.prophet_model: NeuralProphet import failed ([WinError 1114] 动态链接库(DLL)初始化例程失败。 Error loading "C:\internet_awareness\.venv\Lib\site-packages\torch\lib\c10.dll" or one of its dependencies.), will use Holt-Winters
2026-09-05 00:32:03 [INFO] src.prediction.risk_forecast: Risk index for 腾讯官网: 20.0 (中风险)
2026-09-05 00:32:15 [WARNING] src.prediction.prophet_model: NeuralProphet import failed ([WinError 1114] 动态链接库(DLL)初始化例程失败。 Error loading "C:\internet_awareness\.venv\Lib\site-packages\torch\lib\c10.dll" or one of its dependencies.), will use Holt-Winters
2026-09-05 00:32:15 [INFO] src.prediction.risk_forecast: Risk index for 百度官网: 0.0 (低风险)
2026-09-05 00:32:15 [INFO] src.rules.adaptive_baseline: 基线更新完成
2026-09-05 00:32:15 [INFO] __main__: Collection cycle complete — 5 targets processed
2026-09-05 00:32:15 [INFO] __main__: Next collection in 60 minutes (interval=60 min)
